$MeshFormat
2.2 0 8
$EndMeshFormat
$PhysicalNames
4
2 1 "woofers"
2 2 "bmr"
2 92 "roundovers"
2 93 "enclosure"
$EndPhysicalNames
$Nodes
1183
1 -0.1 0.25 0
2 -0.1 0.25 0.04
3 -0.1 -0.25 0.04
4 -0.1 -0.25 0
5 0.1 0.25 0
6 0.1 0.25 0.05
7 -0.09 0.25 0.05
8 -0.09 -0.25 0.05
9 0.1 -0.25 0
10 0.1 -0.25 0.05
11 0.0525 -0.12 0.05
12 -0.034 0 0.05
13 0.0525 0.12 0.05
14 0.0525 -0.12 0.049
15 -0.034 0 0.049
16 0.0525 0.12 0.049
17 -0.1 0.25 0.02592219874516609
18 -0.1 0.2443181818181818 0.04
19 -0.1 0.2386363636363636 0.04
20 -0.1 0.2329545454545455 0.04
21 -0.1 0.2272727272727273 0.04
22 -0.1 0.2215909090909091 0.04
23 -0.1 0.215909090909091 0.04
24 -0.1 0.2102272727272728 0.04
25 -0.1 0.2045454545454546 0.04
26 -0.1 0.1988636363636364 0.04
27 -0.1 0.1931818181818183 0.04
28 -0.1 0.1875000000000001 0.04
29 -0.1 0.1818181818181819 0.04
30 -0.1 0.1761363636363638 0.04
31 -0.1 0.1704545454545456 0.04
32 -0.1 0.1647727272727274 0.04
33 -0.1 0.1590909090909092 0.04
34 -0.1 0.1534090909090911 0.04
35 -0.1 0.1477272727272728 0.04
36 -0.1 0.1420454545454546 0.04
37 -0.1 0.1363636363636365 0.04
38 -0.1 0.1306818181818183 0.04
39 -0.1 0.1250000000000001 0.04
40 -0.1 0.1193181818181819 0.04
41 -0.1 0.1136363636363637 0.04
42 -0.1 0.1079545454545456 0.04
43 -0.1 0.1022727272727273 0.04
44 -0.1 0.09659090909090917 0.04
45 -0.1 0.09090909090909099 0.04
46 -0.1 0.08522727272727279 0.04
47 -0.1 0.07954545454545461 0.04
48 -0.1 0.07386363636363641 0.04
49 -0.1 0.06818181818181823 0.04
50 -0.1 0.06250000000000003 0.04
51 -0.1 0.05681818181818191 0.04
52 -0.1 0.05113636363636373 0.04
53 -0.1 0.04545454545454558 0.04
54 -0.1 0.03977272727272743 0.04
55 -0.1 0.03409090909090925 0.04
56 -0.1 0.02840909090909111 0.04
57 -0.1 0.02272727272727293 0.04
58 -0.1 0.01704545454545481 0.04
59 -0.1 0.01136363636363663 0.04
60 -0.1 0.005681818181818454 0.04
61 -0.1 3.33066907387547e-16 0.04
62 -0.1 -0.005681818181817844 0.04
63 -0.1 -0.01136363636363602 0.04
64 -0.1 -0.01704545454545414 0.04
65 -0.1 -0.02272727272727232 0.04
66 -0.1 -0.0284090909090905 0.04
67 -0.1 -0.03409090909090862 0.04
68 -0.1 -0.03977272727272679 0.04
69 -0.1 -0.04545454545454497 0.04
70 -0.1 -0.05113636363636309 0.04
71 -0.1 -0.05681818181818127 0.04
72 -0.1 -0.06249999999999944 0.04
73 -0.1 -0.06818181818181757 0.04
74 -0.1 -0.07386363636363574 0.04
75 -0.1 -0.07954545454545392 0.04
76 -0.1 -0.0852272727272721 0.04
77 -0.1 -0.09090909090909022 0.04
78 -0.1 -0.09659090909090839 0.04
79 -0.1 -0.1022727272727266 0.04
80 -0.1 -0.1079545454545447 0.04
81 -0.1 -0.1136363636363629 0.04
82 -0.1 -0.119318181818181 0.04
83 -0.1 -0.1249999999999993 0.04
84 -0.1 -0.1306818181818175 0.04
85 -0.1 -0.1363636363636356 0.04
86 -0.1 -0.1420454545454539 0.04
87 -0.1 -0.1477272727272721 0.04
88 -0.1 -0.1534090909090903 0.04
89 -0.1 -0.1590909090909086 0.04
90 -0.1 -0.1647727272727267 0.04
91 -0.1 -0.170454545454545 0.04
92 -0.1 -0.1761363636363632 0.04
93 -0.1 -0.1818181818181814 0.04
94 -0.1 -0.1874999999999996 0.04
95 -0.1 -0.1931818181818178 0.04
96 -0.1 -0.1988636363636361 0.04
97 -0.1 -0.2045454545454543 0.04
98 -0.1 -0.2102272727272725 0.04
99 -0.1 -0.2159090909090907 0.04
100 -0.1 -0.2215909090909089 0.04
101 -0.1 -0.2272727272727272 0.04
102 -0.1 -0.2329545454545454 0.04
103 -0.1 -0.2386363636363636 0.04
104 -0.1 -0.2443181818181818 0.04
105 -0.1 -0.25 0.02592219874516609
106 -0.1 0.2 0
107 -0.1 0.1499999999999998 0
108 -0.1 0.09999999999999981 0
109 -0.1 0.04999999999999985 0
110 -0.1 -1.665334536937735e-16 0
111 -0.1 -0.05000000000000016 0
112 -0.1 -0.1000000000000001 0
113 -0.1 -0.1500000000000001 0
114 -0.1 -0.2000000000000001 0
115 0.04999999999999997 0.25 0
116 -2.775557561562891e-17 0.25 0
117 -0.05000000000000004 0.25 0
118 0.04948575111602033 0.25 0.05
119 0.006798707437935106 0.25 0.05
120 -0.02422290319064077 0.25 0.05
121 -0.04676875816869935 0.25 0.05
122 -0.06315241924397053 0.25 0.05
123 -0.0837029280498878 0.25 0.05
124 -0.09866025403784438 0.25 0.04500000000000001
125 -0.09499999999999999 0.25 0.04866025403784439
126 -0.09866025403784438 -0.25 0.04500000000000001
127 -0.09499999999999999 -0.25 0.04866025403784439
128 -0.09 0.2443181818181818 0.05
129 -0.09 0.2386363636363636 0.05
130 -0.09 0.2329545454545455 0.05
131 -0.09 0.2272727272727273 0.05
132 -0.09 0.2215909090909091 0.05
133 -0.09 0.215909090909091 0.05
134 -0.09 0.2102272727272728 0.05
135 -0.09 0.2045454545454546 0.05
136 -0.09 0.1988636363636364 0.05
137 -0.09 0.1931818181818183 0.05
138 -0.09 0.1875000000000001 0.05
139 -0.09 0.1818181818181819 0.05
140 -0.09 0.1761363636363638 0.05
141 -0.09 0.1704545454545456 0.05
142 -0.09 0.1647727272727274 0.05
143 -0.09 0.1590909090909092 0.05
144 -0.09 0.1534090909090911 0.05
145 -0.09 0.1477272727272728 0.05
146 -0.09 0.1420454545454546 0.05
147 -0.09 0.1363636363636365 0.05
148 -0.09 0.1306818181818183 0.05
149 -0.09 0.1250000000000001 0.05
150 -0.09 0.1193181818181819 0.05
151 -0.09 0.1136363636363637 0.05
152 -0.09 0.1079545454545456 0.05
153 -0.09 0.1022727272727273 0.05
154 -0.09 0.09659090909090917 0.05
155 -0.09 0.09090909090909099 0.05
156 -0.09 0.08522727272727279 0.05
157 -0.09 0.07954545454545461 0.05
158 -0.09 0.07386363636363641 0.05
159 -0.09 0.06818181818181823 0.05
160 -0.09 0.06250000000000003 0.05
161 -0.09 0.05681818181818191 0.05
162 -0.09 0.05113636363636373 0.05
163 -0.09 0.04545454545454558 0.05
164 -0.09 0.03977272727272743 0.05
165 -0.09 0.03409090909090925 0.05
166 -0.09 0.02840909090909111 0.05
167 -0.09 0.02272727272727293 0.05
168 -0.09 0.01704545454545481 0.05
169 -0.09 0.01136363636363663 0.05
170 -0.09 0.005681818181818454 0.05
171 -0.09 3.33066907387547e-16 0.05
172 -0.09 -0.005681818181817844 0.05
173 -0.09 -0.01136363636363602 0.05
174 -0.09 -0.01704545454545414 0.05
175 -0.09 -0.02272727272727232 0.05
176 -0.09 -0.0284090909090905 0.05
177 -0.09 -0.03409090909090862 0.05
178 -0.09 -0.03977272727272679 0.05
179 -0.09 -0.04545454545454497 0.05
180 -0.09 -0.05113636363636309 0.05
181 -0.09 -0.05681818181818127 0.05
182 -0.09 -0.06249999999999944 0.05
183 -0.09 -0.06818181818181757 0.05
184 -0.09 -0.07386363636363574 0.05
185 -0.09 -0.07954545454545392 0.05
186 -0.09 -0.0852272727272721 0.05
187 -0.09 -0.09090909090909022 0.05
188 -0.09 -0.09659090909090839 0.05
189 -0.09 -0.1022727272727266 0.05
190 -0.09 -0.1079545454545447 0.05
191 -0.09 -0.1136363636363629 0.05
192 -0.09 -0.119318181818181 0.05
193 -0.09 -0.1249999999999993 0.05
194 -0.09 -0.1306818181818175 0.05
195 -0.09 -0.1363636363636356 0.05
196 -0.09 -0.1420454545454539 0.05
197 -0.09 -0.1477272727272721 0.05
198 -0.09 -0.1534090909090903 0.05
199 -0.09 -0.1590909090909086 0.05
200 -0.09 -0.1647727272727267 0.05
201 -0.09 -0.170454545454545 0.05
202 -0.09 -0.1761363636363632 0.05
203 -0.09 -0.1818181818181814 0.05
204 -0.09 -0.1874999999999996 0.05
205 -0.09 -0.1931818181818178 0.05
206 -0.09 -0.1988636363636361 0.05
207 -0.09 -0.2045454545454543 0.05
208 -0.09 -0.2102272727272725 0.05
209 -0.09 -0.2159090909090907 0.05
210 -0.09 -0.2215909090909089 0.05
211 -0.09 -0.2272727272727272 0.05
212 -0.09 -0.2329545454545454 0.05
213 -0.09 -0.2386363636363636 0.05
214 -0.09 -0.2443181818181818 0.05
215 -0.04999999999999997 -0.25 0
216 2.775557561562891e-17 -0.25 0
217 0.05000000000000004 -0.25 0
218 0.1 -0.2 0
219 0.1 -0.1499999999999998 0
220 0.1 -0.09999999999999981 0
221 0.1 -0.04999999999999985 0
222 0.1 1.665334536937735e-16 0
223 0.1 0.05000000000000016 0
224 0.1 0.1000000000000001 0
225 0.1 0.1500000000000001 0
226 0.1 0.2000000000000001 0
227 -0.06315241924397058 -0.25 0.05
228 -0.04676875816869942 -0.25 0.05
229 -0.0242229031906409 -0.25 0.05
230 0.006798707437934856 -0.25 0.05
231 0.0494857511160201 -0.25 0.05
232 0.1 -0.2 0.05
233 0.1 -0.1499999999999998 0.05
234 0.1 -0.09999999999999981 0.05
235 0.1 -0.04999999999999985 0.05
236 0.1 1.665334536937735e-16 0.05
237 0.1 0.05000000000000016 0.05
238 0.1 0.1000000000000001 0.05
239 0.1 0.1500000000000001 0.05
240 0.1 0.2000000000000001 0.05
241 0.03273321459758358 -0.07895384717042848 0.05
242 -0.01168234903270628 -0.06881628461045421 0.05
243 -0.04730086556487683 -0.09722110369632783 0.05
244 -0.04730086556487725 -0.1427788963036713 0.05
245 -0.01168234903270706 -0.1711837153895456 0.05
246 0.03273321459758328 -0.1610461528295717 0.05
247 -0.04002416317026028 0.01250930371948849 0.05
248 -0.05356033494330107 0.01559884659490917 0.05
249 -0.06441550188643874 0.006942139825880868 0.05
250 -0.06441550188643867 -0.006942139825881011 0.05
251 -0.05356033494330097 -0.01559884659490919 0.05
252 -0.04002416317026024 -0.01250930371948845 0.05
253 0.03273321459758358 0.1610461528295715 0.05
254 -0.01168234903270628 0.1711837153895458 0.05
255 -0.04730086556487683 0.1427788963036722 0.05
256 -0.04730086556487725 0.09722110369632871 0.05
257 -0.01168234903270706 0.06881628461045439 0.05
258 0.03273321459758328 0.07895384717042825 0.05
259 0.03273321459758358 -0.07895384717042848 0.049
260 -0.01168234903270628 -0.06881628461045421 0.049
261 -0.04730086556487683 -0.09722110369632783 0.049
262 -0.04730086556487725 -0.1427788963036713 0.049
263 -0.01168234903270706 -0.1711837153895456 0.049
264 0.03273321459758328 -0.1610461528295717 0.049
265 -0.04002416317026028 0.01250930371948849 0.049
266 -0.05356033494330107 0.01559884659490917 0.049
267 -0.06441550188643874 0.006942139825880868 0.049
268 -0.06441550188643867 -0.006942139825881011 0.049
269 -0.05356033494330097 -0.01559884659490919 0.049
270 -0.04002416317026024 -0.01250930371948845 0.049
271 0.05219224275060388 0.1256762484672569 0.049
272 0.05127257917477955 0.1312859481110787 0.049
273 0.04975179148709713 0.1367633303321389 0.049
274 0.04764770953272526 0.1420441778319139 0.049
275 0.04498500174879845 0.1470665775017936 0.049
276 0.04179488594954633 0.1517716462976726 0.049
277 0.03811476332596441 0.1561042215898047 0.049
278 0.033987779951046 0.1600135078942009 0.049
279 0.02946232093152513 0.1634536724032367 0.049
280 0.02459144313673906 0.1663843823334162 0.049
281 0.0194322531553456 0.1687712777903815 0.049
282 0.0140452377727842 0.1705863746072592 0.049
283 0.008493554819020281 0.1718083924334301 0.049
284 0.002842292700734576 0.172423004227184 0.049
285 -0.002842292700734267 0.172423004227184 0.049
286 -0.008493554819019975 0.1718083924334302 0.049
287 -0.01404523777278391 0.1705863746072593 0.049
288 -0.01943225315534532 0.1687712777903816 0.049
289 -0.02459144313673881 0.1663843823334163 0.049
290 -0.02946232093152492 0.1634536724032369 0.049
291 -0.03398777995104582 0.160013507894201 0.049
292 -0.03811476332596424 0.1561042215898049 0.049
293 -0.0417948859495462 0.1517716462976728 0.049
294 -0.04498500174879837 0.1470665775017937 0.049
295 -0.04764770953272518 0.142044177831914 0.049
296 -0.04975179148709709 0.1367633303321391 0.049
297 -0.05127257917477952 0.1312859481110789 0.049
298 -0.05219224275060386 0.1256762484672571 0.049
299 -0.0525 0.1200000000000001 0.049
300 -0.05219224275060389 0.1143237515327432 0.049
301 -0.05127257917477957 0.1087140518889213 0.049
302 -0.04975179148709716 0.1032366696678611 0.049
303 -0.0476477095327253 0.09795582216808624 0.049
304 -0.04498500174879851 0.09293342249820646 0.049
305 -0.04179488594954638 0.08822835370232743 0.049
306 -0.03811476332596447 0.08389577841019538 0.049
307 -0.03398777995104608 0.0799864921057992 0.049
308 -0.02946232093152524 0.07654632759676336 0.049
309 -0.02459144313673913 0.07361561766658387 0.049
310 -0.01943225315534564 0.0712287222096185 0.049
311 -0.01404523777278425 0.06941362539274083 0.049
312 -0.008493554819020286 0.06819160756656989 0.049
313 -0.002842292700734536 0.06757699577281601 0.049
314 0.002842292700734283 0.06757699577281598 0.049
315 0.008493554819020038 0.06819160756656986 0.049
316 0.01404523777278401 0.06941362539274076 0.049
317 0.0194322531553454 0.0712287222096184 0.049
318 0.02459144313673891 0.07361561766658375 0.049
319 0.02946232093152503 0.07654632759676322 0.049
320 0.0339877799510459 0.07998649210579903 0.049
321 0.0381147633259643 0.0838957784101952 0.049
322 0.04179488594954625 0.08822835370232726 0.049
323 0.04498500174879841 0.09293342249820631 0.049
324 0.04764770953272524 0.09795582216808608 0.049
325 0.04975179148709712 0.103236669667861 0.049
326 0.05127257917477954 0.1087140518889212 0.049
327 0.05219224275060387 0.114323751532743 0.049
328 -0.1 -0.2301136363636363 0.03341534614875707
329 -0.1 0.2301136363636364 0.03341534614875678
330 -0.1 0.2167207792207793 0.03457564282440474
331 -0.1 -0.2167207792207789 0.03457564282440519
332 -0.1 0.2047723118549005 0.03333012984165966
333 -0.1 -0.2071386318515331 0.03436330821898501
334 -0.1 0.1960227272727273 0.03507940111486115
335 -0.1 -0.1964915127543083 0.0337504083074291
336 -0.1 -0.1859435927311347 0.03441106741656891
337 -0.1 0.1861624691499687 0.03481874398018409
338 -0.1 -0.1728363102970213 0.03516373101475034
339 -0.1 0.1732954545454547 0.03507940111486115
340 -0.1 0.1617205290544525 0.0354921442399953
341 -0.1 -0.1607036256957674 0.03534785912610498
342 -0.1 -0.1507337982910706 0.035502127357567
343 -0.1 0.1503827956290253 0.03547974745637006
344 -0.1 0.1392724644558591 0.03387274171431708
345 -0.1 -0.1392838855649678 0.03387346992330543
346 -0.1 0.1278409090909092 0.03507940111486115
347 -0.1 -0.1278409090909076 0.03507940111486115
348 -0.1 0.1152597402597403 0.03460562739639347
349 -0.1 -0.1164772727272717 0.0350794011148612
350 -0.1 0.1042773407898305 0.03324264036979495
351 -0.1 -0.1052861891509846 0.03545466038467775
352 -0.1 -0.09462324454821935 0.03547745310028856
353 -0.1 0.09388231878860437 0.03428850874100341
354 -0.1 0.08238636363636367 0.03507940111486115
355 -0.1 -0.08278453369935296 0.03517425652609947
356 -0.1 -0.07189129702198499 0.03527287341131751
357 -0.1 -0.05940484148871472 0.03414334178349328
358 -0.1 -0.04829545454545409 0.0350794011148612
359 -0.1 -0.03779458211856124 0.03545497128572739
360 -0.1 -0.02596601085752642 0.03517384541255721
361 -0.1 -0.01409855315743069 0.03535182329642611
362 -0.1 -0.002840909090908617 0.03507940111486117
363 -0.1 0.008522727272727348 0.03507940111486117
364 -0.1 0.02009765276372966 0.03549236654262886
365 -0.1 0.03273137605632781 0.03482261890647109
366 -0.1 0.04287211812216754 0.03534448322190342
367 -0.1 0.05123476430150969 0.03153068205778654
368 -0.1 0.06534090909090898 0.03507940111486117
369 -0.1 -0.2326794919243113 0.01296109937258304
370 -0.1 -0.2126271469403093 0.02489024197299269
371 -0.1 0.2307422897984258 0.01510935547777274
372 -0.1 0.21262553370306 0.02260849755617619
373 -0.1 0.02390387939160329 0.02599053199354311
374 -0.1 -0.07709564279556891 0.0231762755260845
375 -0.1 0.1212787787553933 0.02252649732690335
376 -0.1 -0.122168536160331 0.02310931485747881
377 -0.1 -0.1790563514007442 0.01987999012708294
378 -0.1 0.1794390572694133 0.02014400295588293
379 -0.1 -0.01895402862551321 0.02265839860364395
380 -0.1 0.2424242424242424 0.03437313193437989
381 -0.1 -0.2424242424242425 0.03437313193437966
382 -0.1 0.2250715853021957 0.02767090581137062
383 -0.1 0.2356912014056592 0.02859505653871787
384 -0.1 -0.2241698835625118 0.02557628653889847
385 -0.1 -0.2358442618725297 0.02713056238638653
386 -0.1 0.09099848647091036 0.0222165957144844
387 -0.1 0.07460692663870142 0.02269648684969915
388 -0.1 0.05708637047779125 0.02128260537681698
389 -0.1 -0.04261363636363602 0.02650099175258604
390 -0.1 -0.2135000340226553 0.01619374423940873
391 -0.1 0.1572588861123789 0.02656243272321331
392 -0.1 -0.1575352016368681 0.02656335708452991
393 -0.1 0.002126333789581714 0.02376154656538189
394 -0.1 -0.09943181818181807 0.02649587307770459
395 -0.1 -0.2358472963313795 0.03505451746717382
396 -0.1 0.2358814460308805 0.03518006734420287
397 -0.1 -0.2239735871021126 0.03471345510241215
398 -0.1 0.2242333248019835 0.03511724243060777
399 -0.1 0.198023647686144 0.01754109331256947
400 -0.1 -0.198023647686144 0.01754109331256944
401 -0.1 0.03892745881020596 0.01744568322602782
402 -0.1 0.1033180089054363 0.01742873935398209
403 -0.1 0.1924829720340804 0.02736157532637879
404 -0.1 -0.1901051269746714 0.02598040837239794
405 -0.1 0.03811492357626442 0.02835754940148053
406 -0.1 0.1110334671776001 0.02695087611176846
407 -0.07367684992864484 0.25 0.04041971153009612
408 -0.09326795293595749 0.25 0.04274534843197181
409 -0.09155425723147609 0.25 0.03531293738072438
410 -0.05754712768706263 0.25 0.03393458029834553
411 -0.03570775780928057 0.25 0.02678691605966911
412 -0.0850759931248391 0.25 0.04073406775276679
413 -0.08011656486378657 0.25 0.02730261565165577
414 0.02814222927697771 0.25 0.02477783783513481
415 0.07474287555801017 0.25 0.02525712444198982
416 -0.09878082965080723 -0.1107893232591332 0.04478508418353373
417 -0.09879077566261604 -0.1221702237225888 0.04476678751881782
418 -0.09476714508459924 0.05398935439542815 0.04879058176359115
419 -0.09878938533057803 0.01988636363636387 0.04476935063825461
420 -0.09878938533057803 0.002840909090909394 0.04476935063825461
421 -0.09878938533057803 -0.01420454545454508 0.04476935063825461
422 -0.09878938533057803 -0.03124999999999956 0.04476935063825461
423 -0.09878938533057803 -0.04829545454545403 0.04476935063825461
424 -0.09878938533057803 -0.06534090909090851 0.04476935063825461
425 -0.09879251501171323 -0.08807804982495393 0.04476357846254237
426 -0.09878587339283014 0.06533267174912971 0.04477581707408892
427 -0.09476935063825345 -0.09943181818181751 0.04878938533057866
428 -0.09879426487232199 0.2187282710792658 0.04476034718854029
429 -0.09476935063825345 0.184659090909091 0.04878938533057866
430 -0.09476935063825345 0.03693181818181834 0.04878938533057866
431 -0.09877976221201629 -0.1391994346055196 0.04478704245860124
432 -0.09878938533057802 -0.1562499999999994 0.04476935063825465
433 -0.09878938533057802 -0.2357954545454545 0.04476935063825465
434 -0.09707106781186546 -0.2455300912200666 0.04707106781186549
435 -0.09878938533057802 0.2357954545454546 0.04476935063825465
436 -0.09707106781186547 0.2455300912200666 0.04707106781186548
437 -0.09878812174389445 0.207369208798448 0.04477167855313931
438 -0.09476935063825348 0.1960227272727273 0.04878938533057865
439 -0.09476677664923111 0.1733065877497241 0.04879078155662767
440 -0.09879251640085664 0.122149223695652 0.04476357589848918
441 -0.09877978335183507 0.1051108855068052 0.04478700368652874
442 -0.09476678751881308 0.09376113281349704 0.04879077566261862
443 -0.09475502792767057 0.08239416991935128 0.04879714211588473
444 -0.09879427573752875 -0.07672631263585084 0.04476032711610381
445 -0.09878792988889323 -0.1789873622395909 0.04477203188043595
446 -0.09878938533057802 -0.2073863636363634 0.04476935063825465
447 -0.09879172240678674 0.1619080792350807 0.04476504114588782
448 -0.09879058766359052 0.1391924634000479 0.04476713420502614
449 -0.09477130297866393 0.1505843835376748 0.04878832565883813
450 -0.094760317278901 -0.2244101085105494 0.04879428106238347
451 -0.0987927736384068 -0.1676180778564592 0.04476310106377542
452 -0.09476357589848841 -0.1903310418774736 0.04879251640085706
453 -0.09878938533056572 0.04829545454545464 0.04476935063827731
454 -0.09878938533056572 0.03125000000000019 0.04476935063827731
455 -0.09878938533056571 0.1789772727272728 0.04476935063827733
456 -0.09878938533056571 0.1903409090909092 0.04476935063827733
457 -0.09879288874845521 0.08805824768955367 0.04476288856234217
458 -0.09879714211588117 0.07671235173753418 0.04475502792767716
459 -0.09878938533056568 -0.2187499999999998 0.04476935063827738
460 -0.09879414491495146 -0.1960290628508184 0.04476056879110399
461 -0.09476935063822764 -0.1278409090909083 0.04878938533059267
462 -0.09477833713814118 0.01420597327900597 0.0487845030704224
463 -0.09478267055289405 -0.00283706716387222 0.04878214452070109
464 -0.09478807843515361 -0.01988890060304088 0.04877919728100565
465 -0.09478704245860325 -0.03693692903096124 0.04877976221201518
466 -0.09478704245860325 -0.05398238357641566 0.04877976221201518
467 -0.09476056879107222 -0.08238002805843048 0.04879414491496866
468 -0.09476678751879393 -0.1164661399138177 0.048790775662629
469 -0.09476935063822763 -0.144886363636363 0.04878938533059267
470 -0.09476751637543192 -0.07101769094725052 0.04879038040189322
471 -0.09476473519367005 0.2130792063654185 0.04879188822348203
472 -0.09476678751879586 0.2244429509952728 0.04879077566262796
473 -0.09477581707407827 0.1278491464326449 0.04878587339283594
474 -0.09476935063822763 0.1164772727272728 0.04878938533059267
475 -0.09476935063822764 -0.1619318181818177 0.04878938533059267
476 -0.09476434364117871 -0.1732735809100446 0.04879210041280012
477 -0.0947693506382276 0.02556818181818202 0.04878938533059269
478 -0.09475502792766365 0.07103053355571218 0.04879714211588847
479 -0.09476935063822765 -0.2130681818181816 0.04878938533059266
480 -0.09474941994106928 -0.201704894011852 0.04880017103375687
481 -0.09877660894995986 -0.127845993931153 0.04479282122966051
482 -0.09878938533056027 -0.144886363636363 0.04476935063828735
483 -0.09879247866178983 -0.2301245323020328 0.04476364555587109
484 -0.09878470877681611 -0.2244410636857945 0.04477795894776523
485 -0.09476935063830241 -0.1392045454545447 0.0487893853305521
486 -0.09476935063819647 -0.1562499999999994 0.04878938533060958
487 -0.0947799769831278 -0.122134875888961 0.04878361087712613
488 -0.09476935063830283 -0.09374999999999933 0.04878938533055187
489 -0.09879247866179085 -0.1051245323020356 0.04476364555586922
490 -0.09878630742484577 -0.09944278413432811 0.0447750185168332
491 -0.09878784645751774 -0.09376647447392827 0.04477218552018808
492 -0.09879247866179013 -0.1619209222434201 0.04476364555587055
493 -0.09706938690217996 -0.1504422651472577 0.04707274832206592
494 -0.09879247866179022 0.1846699868474888 0.04476364555587038
495 -0.09476364555587091 -0.008511831334330311 0.04879247866178994
496 -0.09477217082404955 -0.01418816768374065 0.04878785443814872
497 -0.09479316711038914 -0.06534057105518432 0.04877642005899238
498 -0.09879124236062413 0.05964163873819811 0.04476592674689487
499 -0.0987844785617522 -0.0710493560376465 0.04477838219464664
500 -0.09878022361589642 0.05396511740427909 0.04478619611537752
501 -0.09879403760595092 -0.1846641026757842 0.0447607670164713
502 -0.09476935063831769 -0.03124999999999956 0.04878938533054381
503 -0.09476935063831769 -0.04829545454545403 0.04878938533054381
504 -0.09475384302525207 0.1789866768568592 0.04879778247578685
505 -0.09879247866179022 -0.2130572858797837 0.04476364555587037
506 -0.09477522281657123 -0.0766876900930481 0.04878619639275708
507 -0.09475265702605598 -0.1675886410489275 0.04879842322195749
508 -0.09879247866179017 -0.133511831334329 0.04476364555587047
509 -0.09479595905262911 -0.1335031917783708 0.04877489468686119
510 -0.09476000536868548 0.06536193853354064 0.0487944498912715
511 -0.09477727407713712 0.05966336679225484 0.04878508123991541
512 -0.09476935063819644 -0.1107954545454538 0.0487893853306096
513 -0.09479595905262989 -0.105133171857991 0.04877489468686078
514 -0.09476364555587057 -0.2073972595747607 0.04879247866179012
515 -0.09878414441600836 0.2130582176395176 0.04477899643007913
516 -0.09878572342376581 -0.1733068322751787 0.04477609295565871
517 -0.09476761417058181 0.1562620346295264 0.04879032736139374
518 -0.09476364555587073 0.008533623211124469 0.04879247866179003
519 -0.0947796719941649 0.002865212269424267 0.0487837768430326
520 -0.09879032485478938 0.1675802185383897 0.04476761879215108
521 -0.09878446677741459 0.173275957011234 0.04477840385866445
522 -0.09879289335151625 0.12781402849825 0.0447628800645052
523 -0.09878373920722359 0.1335103711517119 0.0447797411582096
524 -0.09878938533056027 0.09943181818181826 0.04476935063828735
525 -0.09879247866179025 0.07103362321112527 0.04476364555587033
526 -0.09879247866179022 0.0255790777565798 0.04476364555587038
527 -0.09476751856464101 -0.1789438666500282 0.04879037921456198
528 -0.0947777114409338 -0.1846291015904187 0.04878484339001955
529 -0.09476364555587008 -0.2187391040616016 0.04879247866179038
530 -0.09476364555587034 0.1903300131525114 0.04879247866179024
531 -0.09476364555586937 -0.2301027404252366 0.04879247866179077
532 -0.09477501851683288 -0.2357844885929438 0.04878630742484595
533 -0.09879305627551262 -0.2017211563811183 0.04476257927342613
534 -0.09476364555587036 0.03123910406160252 0.04879247866179023
535 -0.09476673656705026 0.01989812928784787 0.04879080329095959
536 -0.09476364555587037 0.04830635048385234 0.04879247866179023
537 -0.09706537232549366 0.0424867238056133 0.04707675871442204
538 -0.0987808032167259 0.0937172222143989 0.0447851326908599
539 -0.09476364555587034 0.1221481949706933 0.04879247866179024
540 -0.09477644924073086 0.0881057986306143 0.04878552973079719
541 -0.0947519517699804 0.0767137631108647 0.04879880414464262
542 -0.09476364555587007 -0.05966998684748875 0.04879247866179039
543 -0.09879247866179021 0.1448754676979661 0.0447636455558704
544 -0.09878630742484724 0.1505572158656706 0.04477501851683051
545 -0.09878424096357265 0.1562223193246729 0.04477881896433546
546 -0.09879247866179013 -0.1164881686656694 0.04476364555587056
547 -0.09476364555587009 -0.02557907775657975 0.04879247866179038
548 -0.09476364555587008 -0.04262453230203422 0.04879247866179038
549 -0.09476023329012599 -0.088072119701883 0.04879432652473038
550 -0.09476364555587033 -0.1960118313343291 0.04879247866179025
551 -0.09879724216558523 -0.1903380559915535 0.04475484282390587
552 -0.09878938533059325 0.01420454545454572 0.04476935063822655
553 -0.09877489468686139 0.008542262767082698 0.04479595905262876
554 -0.09878938533059325 -0.002840909090908783 0.04476935063822655
555 -0.09877489468686167 -0.008503191778372166 0.04479595905262825
556 -0.09878938533059325 -0.0198863636363632 0.04476935063822655
557 -0.09877489468686115 -0.02558771731253617 0.04479595905262918
558 -0.09878938533059325 -0.03693181818181773 0.04476935063822655
559 -0.09877489468686114 -0.04263317185799065 0.04479595905262922
560 -0.09878938533059325 -0.05397727272727215 0.04476935063822655
561 -0.09877489468686147 -0.05967862640344446 0.04479595905262861
562 -0.09879563033673899 -0.08240116662962454 0.04475782376506703
563 -0.09879246835671668 0.1959919793755798 0.04476366457636722
564 -0.09878463482480014 0.2016814654413255 0.04477809491271453
565 -0.0987924786617902 0.08239725957476141 0.04476364555587043
566 -0.09475816309004581 0.2301200797230996 0.04879544677708447
567 -0.09476935063819607 0.2357954545454546 0.0487893853306098
568 -0.09477883189291603 0.2187680424819408 0.04878423393013008
569 -0.09476364555587034 0.2073972595747614 0.04879247866179024
570 -0.09477217082405046 0.2017209232253504 0.04878785443814823
571 -0.09475816309004773 0.09943826154123048 0.04879544677708345
572 -0.09476935063819654 0.1051136363636365 0.04878938533060954
573 -0.09879247866179021 0.1107845586070569 0.04476364555587039
574 -0.09877724264870058 0.1164468778407323 0.04479166061880759
575 -0.09479595905262841 0.1107759190510996 0.04877489468686157
576 -0.09476751689059279 0.1335587014276549 0.04879038012249257
577 -0.09879247866179024 0.03692092224342053 0.04476364555587034
578 -0.09878938533056027 0.2301136363636364 0.04476935063828735
579 -0.09878449908514177 0.2244052525734369 0.04477834446468056
580 -0.09476843748145625 0.1449107939968054 0.04878988077196973
581 -0.09477828013444914 0.1392304019009321 0.04878453407738445
582 -0.09476364555587032 0.1676245323020343 0.04879247866179025
583 -0.09478738331271375 0.1619377191545979 0.04877957635749869
584 -0.09460323758958405 -0.2411397621564814 0.04887751112045715
585 -0.09888096513999352 0.2411481815722852 0.04459657026294821
586 -0.09888096513999332 -0.2411481815722859 0.04459657026294861
587 -0.09459657026294702 0.2411481815722876 0.04888096513999414
588 -0.09940162553012098 0.04261363636363652 0.04340726244826803
589 -0.09940022933098161 -0.1507232909114115 0.04341111250546695
590 -0.09339997975437266 -0.1505681818181812 0.04940426167595607
591 -0.09340463866611851 0.0427674744205345 0.04940257600624269
592 -0.09931773885089558 -0.2461344004352083 0.0436303915362549
593 -0.09363039153625492 0.2461344004352085 0.04931773885089556
594 -0.09929439032910554 0.2458582949846387 0.04368975722917231
595 -0.09368975722916646 -0.2458582949846747 0.04929439032910787
596 -0.09707106781186431 0.2385806918547923 0.04707106781186664
597 -0.09707089953602467 -0.2383775696523787 0.04707123608370178
598 -0.09707002471670258 0.05681421561123906 0.04707211075317791
599 -0.09707006833555823 -0.06819051181947222 0.04707206714691942
600 -0.09707716002382692 0.0227662820604986 0.0470649703465157
601 -0.09707051403407173 -0.1136401923192722 0.04707162154629296
602 -0.09707006833555867 -0.07955414818310863 0.04707206714691897
603 -0.09706933584197161 0.2159118429063521 0.04707279935763877
604 -0.09707006833555852 0.06819051181947261 0.04707206714691912
605 -0.09707097125925614 -0.1249944637805531 0.04707116436315645
606 -0.09706936368310365 -0.08522809032105955 0.04707277153003086
607 -0.0970771600238268 -0.1647337179395003 0.04706497034651582
608 -0.09707206714690823 0.1249913063623612 0.04707006833556941
609 -0.09706497034650502 -0.2045844638786637 0.04707716002383758
610 -0.09707716002382695 -0.2158700815758509 0.04706497034651567
611 -0.09707006542146678 0.07387229606131046 0.04707207006018604
612 -0.09707206714689889 -0.1988549427259971 0.04707006833557875
613 -0.09707006833555852 0.2272640336350545 0.04707206714691912
614 -0.0970771600238373 0.1818571911514203 0.04706497034650529
615 -0.0970700683355688 0.07955414818312168 0.04707206714690883
616 -0.09706580198860851 0.03408768262403952 0.04707632971658161
617 -0.09706454483503503 0.1931733203806968 0.04707758477686985
618 -0.09707280453254478 -0.193181279072358 0.04706933066452645
619 -0.09707206714689892 0.08523596636492628 0.04707006833557872
620 -0.09707206714689869 -0.221582215453255 0.04707006833557896
621 -0.09707006833556889 0.09658221545323645 0.04707206714690876
622 -0.09707028064069158 0.1590834015161316 0.04707185489541901
623 -0.09706861282422266 -0.09091571803188891 0.04707352194746259
624 -0.09706858460299313 0.1193115947525613 0.04707355014899367
625 -0.09707355014898308 -0.01703886747984873 0.04706858460300373
626 -0.09707355014898242 6.587065605745401e-06 0.0470685846030044
627 -0.09706858460300383 0.1761297765707304 0.04707355014898298
628 -0.09707355014896889 -0.1874934129343796 0.04706858460301794
629 -0.0970735501489825 0.136370223429284 0.0470685846030043
630 -0.09707818618132566 -0.1704545454545269 0.04706394226919292
631 -0.09706564156885301 0.2329433287862112 0.04707648989404326
632 -0.09706394226914555 0.102272727272746 0.04707818618137292
633 -0.09706889900934465 -0.03409531782130126 0.04707323594938598
634 -0.09706394226919458 0.01704545454543877 0.04707818618132401
635 -0.09706889900934465 -0.05114077236675568 0.04707323594938598
636 -0.09707323594938433 -0.1420410458150589 0.0470688990093463
637 0.05614416914450588 0.07893974716363181 0
638 -0.05614416914450589 -0.07893974716363181 0
639 -0.05881728565666484 0.02499999999999985 0
640 -0.05669872981077811 0.1249999999999998 0
641 0.05669872981077811 -0.1249999999999998 0
642 0.05329996813894067 -0.0249999999999999 0
643 -0.02876353791525194 -0.2107463216378493 0
644 0.02876353791525194 0.2107463216378493 0
645 -0.05766139774720843 0.174788131535956 0
646 -0.01648208712475019 0.1501023374318007 0
647 -0.01294867457058298 0.09481597994791299 0
648 0.02990381056766572 0.1249999999999999 0
649 0.05766139774720843 -0.174788131535956 0
650 0.01648208712475019 -0.1501023374318007 0
651 0.01339745962155618 -0.09999999999999985 0
652 -0.02990381056766571 -0.1249999999999999 0
653 -0.05669872981077809 -0.02500000000000014 0
654 -0.01473963053466183 0.005515646029084356 0
655 -0.01853024705468987 -0.04594052425695494 0
656 0.0573494196390574 0.02792487822787058 0
657 0.01406914634311381 0.05068624604779028 0
658 -0.05909558078915043 0.07413599665798536 0
659 0.05744184641676943 -0.07726825370059837 0
660 -0.02044925746979467 0.2040271379242427 0
661 0.02044925746979467 -0.2040271379242427 0
662 -0.05930092060380557 -0.1716438687222979 0
663 0.05930092060380557 0.1716438687222979 0
664 0.01480243007872746 -0.02402294675794604 0
665 -0.02630640504158925 0.05003077373655457 0
666 -0.06941006488609862 -0.1250000000000001 0
667 0.0694100648860986 0.1250000000000001 0
668 -0.01620738489843567 -0.1723039331432381 0
669 0.01620738489843567 0.1723039331432381 0
670 -0.063397459621556 0.213397459621556 0
671 0.063397459621556 -0.213397459621556 0
672 -0.06468307980940996 -0.21438766809768 0
673 0.06468307980940996 0.21438766809768 0
674 0.0249562667330355 0.007020764709359853 0
675 0.02204634925988025 0.08860952220359092 0
676 -0.01994795796024272 -0.08707069372619727 0
677 0.01895338807772697 -0.06170861108285546 0
678 -0.07657620962198529 -0.25 0.03709299490969153
679 -0.05573217261823007 -0.25 0.03364865428787998
680 -0.09041544283152111 -0.25 0.0415504537548771
681 -0.03549583067967016 -0.25 0.03403246114753444
682 -0.09097206186337325 -0.25 0.03323496764101341
683 -0.08687848256258582 -0.25 0.02291191996912505
684 -0.06866453690050624 -0.25 0.01841909996259915
685 0.02874836461612595 -0.25 0.02531336331448211
686 -0.009931022953413471 -0.25 0.02659921505329681
687 0.07474287555801007 -0.25 0.02525712444198994
688 -0.08426988775466451 -0.2071404025622957 0.05
689 -0.08435823596085107 -0.1908228320299534 0.05
690 -0.08421961027828653 -0.1723484848484843 0.05
691 -0.08507940111486115 0.2073863636363637 0.05
692 -0.08443788436170757 0.1898998566581066 0.05
693 -0.08409338526917849 0.1728219696969698 0.05
694 -0.08433875954559074 0.05332380916669056 0.05
695 -0.08387225737846454 -0.05448001422375213 0.05
696 -0.08585216975037464 0.03750000000000017 0.05
697 -0.08444720554224827 -0.03647629360951098 0.05
698 -0.0838247671626189 -0.2233078540917704 0.05
699 -0.08603023600697271 0.2238636363636363 0.05
700 -0.08507940111486118 0.02556818181818202 0.05
701 -0.08394381765845406 -0.0259354350911617 0.05
702 -0.08461516641293344 -0.0673952069969822 0.05
703 -0.08424158512219732 0.06581439393939398 0.05
704 -0.08430499347158046 -0.2365389732452242 0.05
705 -0.08515468949136271 0.2356812056749198 0.05
706 -0.05508135403699208 0.2366064509780851 0.05
707 -0.05515568678879666 -0.2366740682725402 0.05
708 -0.08507940111486115 0.07670454545454551 0.05
709 -0.08475359549258087 -0.0782155490515164 0.05
710 -0.08507940111486115 -0.1619318181818177 0.05
711 -0.08507940111486115 0.1619318181818183 0.05
712 -0.08507940111486115 0.08806818181818191 0.05
713 -0.08507940111486119 -0.08806818181818114 0.05
714 -0.08420182402779425 -0.1507339899107871 0.05
715 -0.08490650645005537 0.1494968603527931 0.05
716 -0.08534627843849299 -0.0993085661908541 0.05
717 -0.08507940111486115 0.09943181818181829 0.05
718 -0.08460426226995367 -0.1404457647924495 0.05
719 -0.08469872271609757 0.1390413469512122 0.05
720 -0.08525332985592607 -0.1122370375005756 0.05
721 -0.08472793346502212 0.1152597402597403 0.05
722 -0.08586434982689145 -0.1280364486166392 0.05
723 -0.08554011212669424 0.127481926092459 0.05
724 -0.02622993385342852 0.009970424061336271 0.05
725 -0.02103417442142097 -0.003496742517640627 0.05
726 -0.009294094402540252 0.01338069982752886 0.05
727 0.003396375844885563 -0.008910344446048039 0.05
728 -0.08484683831749459 0.01465776149408719 0.05
729 -0.08499511769980451 -0.01420454545454508 0.05
730 -0.08505811958975909 -0.002599932987124813 0.05
731 0.02061789971508699 0.01562791865569587 0.05
732 -0.06589215047735313 -0.01878305276658001 0.05
733 -0.05719687526350511 -0.02842522255260036 0.05
734 -0.06489026721651016 0.020335899706402 0.05
735 -0.05772828832832948 0.02922685456496081 0.05
736 -0.02798641694331019 0.0266664230540213 0.05
737 -0.07593622256011445 0.0682323392473687 0.05
738 -0.07675196752763905 -0.07281684160796635 0.05
739 -0.06861770979325629 -0.03657949354892107 0.05
740 -0.05649788356985867 -0.042860312973135 0.05
741 -0.04175557114278723 -0.03582966098749377 0.05
742 -0.06862002576130205 0.03352017838500861 0.05
743 -0.05649788356985903 0.04286031297313499 0.05
744 -0.07249522767273821 -0.1680309869043727 0.05
745 -0.07355991781771078 0.1689951692522282 0.05
746 0.03687013469514491 -0.0141026112754033 0.05
747 -0.002348697666595634 -0.2276987096028235 0.05
748 -0.003756609957519359 0.2284586272840144 0.05
749 -0.07062080330925181 -0.04786804072444435 0.05
750 -0.05886955606770643 -0.0577695436470451 0.05
751 -0.06951359392047814 0.04660419901838026 0.05
752 -0.06286971900521592 0.06369163798717059 0.05
753 -0.07002040205080619 0.2365756571455644 0.05
754 -0.06290517952281846 0.2241798941909307 0.05
755 -0.04682586433956386 0.2224899229813225 0.05
756 -0.05668002998409994 0.209468680827376 0.05
757 -0.04184968840180868 0.206221612205426 0.05
758 -0.05220912091351759 0.1910137166924901 0.05
759 -0.06852505833378132 -0.2355756163203397 0.05
760 -0.06266834436194837 -0.2240244902691357 0.05
761 -0.0469150006901234 -0.2226121049280354 0.05
762 -0.05945417207091177 -0.2080359353999361 0.05
763 -0.04247260888960206 -0.206042534417458 0.05
764 -0.05113677455515291 -0.1903227855931477 0.05
765 -0.03732005012374254 0.0530964153594926 0.05
766 -0.07172880691285272 -0.2145795397201238 0.05
767 -0.06971899594404804 0.2132457663963904 0.05
768 -0.02331843626964013 -0.02706160728813412 0.05
769 0.02353889234543046 0.2225862994320847 0.05
770 0.0302079772904404 -0.2150982447982868 0.05
771 -0.07413121712982707 -0.0121891506696094 0.05
772 -0.07313852156430017 -0.0003726422277476662 0.05
773 -0.07406755060945461 0.01250788116908893 0.05
774 -0.08036075571307233 0.004286885254182771 0.05
775 -0.07970055096154771 0.0196325462961087 0.05
776 -0.07330259404916256 0.2240759771979051 0.05
777 -0.07548717297254759 -0.2252092533040916 0.05
778 -0.07608171921938547 -0.02198212161717634 0.05
779 -0.06706974502060939 0.1993634980127717 0.05
780 -0.06778101215482987 -0.19444208015378 0.05
781 0.05852782116896896 0.01711103168569615 0.05
782 -0.07834658300055818 -0.03135235395600073 0.05
783 -0.03951515654637602 0.2358972975388411 0.05
784 -0.03949192985070903 -0.2360816356546975 0.05
785 -0.07070040124726751 0.1252840654926703 0.05
786 -0.07126866763006273 -0.1275901763334358 0.05
787 -0.0739734329275742 0.08549475182129287 0.05
788 -0.07216012444698264 -0.08628129501592274 0.05
789 -0.07499218036844651 -0.1027356056938122 0.05
790 -0.07497025429143978 0.1049039641795015 0.05
791 0.01492269915197706 -0.0408952450610784 0.05
792 -0.08492783947394206 -0.04257490128095674 0.05
793 -0.07783758828865908 -0.04005093809572979 0.05
794 -0.08501645880701184 0.03152115438011957 0.05
795 -0.07838588263791769 0.02907677018923388 0.05
796 -0.08507940111486122 0.04261363636363649 0.05
797 -0.07857456727690885 0.03829307437274989 0.05
798 -0.08507940111486118 -0.03124999999999956 0.05
799 -0.06810296584832218 0.1838375127881919 0.05
800 -0.07988074894154613 0.1822011705426688 0.05
801 -0.08007245963861331 0.2411665648185107 0.05
802 0.06041261250729802 0.2112354419080134 0.05
803 -0.08592535807878071 0.01992624337622113 0.05
804 -0.08488069239608294 -0.008482564588762937 0.05
805 -0.08482859519169594 -0.01986996865175978 0.05
806 -0.0754457761541589 -0.2034662745896897 0.05
807 -0.08402747790051757 -0.2010102037677549 0.05
808 -0.0857721265135236 0.2136363636363638 0.05
809 -0.08507940111486115 0.2017045454545457 0.05
810 -0.07776257747421879 0.2053256758434613 0.05
811 -0.07850082310112408 0.1951119088079818 0.05
812 -0.08467391616876037 -0.213027188305837 0.05
813 -0.08539451992137367 0.04794878737882133 0.05
814 -0.08537993215303877 0.05905491334848967 0.05
815 -0.07711917875043595 0.05770526785433772 0.05
816 -0.0850794011148612 -0.04829545454545406 0.05
817 -0.06714962448631499 -0.1808818573887633 0.05
818 -0.08507940111486118 0.2187500000000002 0.05
819 -0.08507940111486131 0.2301136363636363 0.05
820 -0.07859657474111173 0.2325847636606821 0.05
821 -0.08544010273385504 -0.2179488266613395 0.05
822 -0.0835831560317703 -0.229706316470484 0.05
823 -0.07792193457047357 -0.2337195322977447 0.05
824 -0.07792574922770241 -0.2424127418444992 0.05
825 -0.08543517668363358 -0.2417125859773717 0.05
826 -0.06207806720547527 -0.07517233513135591 0.05
827 -0.07902383811330851 -0.1956868204537866 0.05
828 -0.07696761312685908 -0.1875783256104409 0.05
829 -0.08413646952226007 -0.1842789808188532 0.05
830 -0.08560362171553855 0.1957523530932178 0.05
831 -0.08587960688362298 0.1840792963492461 0.05
832 -0.08536690774348571 -0.1959443950489146 0.05
833 0.05153725507659475 -0.04752677557600229 0.05
834 -0.07517597025475589 -0.0598346307970609 0.05
835 -0.007312090148595879 0.03763182340292551 0.05
836 -0.08597074821886952 0.1794113964086861 0.05
837 -0.0784135669309891 -0.1789772727272721 0.05
838 -0.04922592315621259 -0.1701577453665271 0.05
839 -0.06687574919993187 -0.150002159757824 0.05
840 0.06852634879234516 -0.2177041297312112 0.05
841 -0.04995162571913939 0.1708292336337337 0.05
842 -0.0708853486614298 0.1511939128811611 0.05
843 -0.08473267880923077 -0.0602056067671952 0.05
844 -0.08511970485318088 0.008345505649101817 0.05
845 0.06843726387165298 -0.1769473984921567 0.05
846 -0.08019119062596253 -0.2173833224684058 0.05
847 -0.07891731576251587 0.2156356713308559 0.05
848 0.02179246989563777 0.04820319891036008 0.05
849 0.0571337412223196 0.05406331272780533 0.05
850 -0.08610771603120246 0.003142855219595713 0.05
851 -0.04453371367543563 -0.02394936520822688 0.05
852 -0.07789877178630895 -0.05113636363636313 0.05
853 0.001676202493832104 -0.1977864110450353 0.05
854 0.003380973263791192 0.1982690621575539 0.05
855 0.06838558085754598 -0.07943997046674456 0.05
856 0.06852543823203014 0.1742025221114839 0.05
857 -0.07909378902276315 -0.005681818181817835 0.05
858 0.07076101789744675 -0.01925757777781801 0.05
859 -0.07993190415925024 -0.01624290454966212 0.05
860 -0.03680435953987077 -0.05837560830904552 0.05
861 -0.07279681266063266 0.02444583298325695 0.05
862 0.06730669442726386 0.08591522974298801 0.05
863 -0.07930365166679142 0.04759597281065534 0.05
864 -0.0453313784794689 0.03222867842619933 0.05
865 0.0367151649740227 0.1937881338643538 0.05
866 -0.07927288079460461 -0.04598513965658962 0.05
867 -0.08013712806417086 -0.01136363636363603 0.05
868 -0.08064644673399653 0.01170208955464605 0.05
869 -0.07654772689530331 -0.1441852648916371 0.05
870 -0.0289044330495589 0.1905413415774702 0.05
871 -0.0286765645603436 -0.1896900361250686 0.05
872 -0.08535392934630714 -0.1787118567698308 0.05
873 -0.02648167186957442 -0.2199200432183072 0.05
874 -0.07926191552327981 -0.2111193455292704 0.05
875 -0.02595624031738234 0.2188396948206612 0.05
876 -0.08116758713158088 0.224170614152786 0.05
877 -0.06922700755081164 -0.02742444888825571 0.05
878 0.1 -0.1749999999999999 0.02500000000000001
879 0.1 0.1249999999999999 0.025
880 0.1 -0.02499999999999988 0.02500000000000001
881 0.1 0.02500000000000013 0.02500000000000003
882 0.1 0.1750000000000002 0.02500000000000003
883 0.1 0.2249999999999999 0.025
884 0.1 -0.1249999999999998 0.025
885 0.1 0.07500000000000007 0.025
886 0.1 -0.225 0.025
887 0.1 -0.07499999999999982 0.025
888 0.04730086556487693 -0.1427788963036719 0.04949999999999939
889 -0.03558449811356128 -0.006942139825880908 0.04949999999999994
890 -8.413408858487514e-17 -0.1199999999999999 0.049
891 -0.04999999999999999 -1.682816835035975e-17 0.049
892 -0.04762609228530096 0.1227003309868646 0.049
893 0.04704630052456335 0.1176983772912337 0.049
894 4.122186222036642e-05 0.1675110578437019 0.049
895 -0.000442331713158735 0.07285394617095926 0.049
896 -0.0326657303882316 0.08551520770167266 0.049
897 -0.03324814655571011 0.1539233063926761 0.049
898 0.03223608896596424 0.08493836182004361 0.049
899 0.03266573038823153 0.1544847922983274 0.049
900 -0.04484047914307769 0.1031352314805648 0.049
901 0.04469476640956299 0.1382311105687823 0.049
902 -0.01510523944569137 0.07485593450027947 0.049
903 -0.04199279830238378 0.1422924836867712 0.049
904 0.01578793081064233 0.07461620964875883 0.049
905 0.04174684800055017 0.09790631357818479 0.049
906 0.02002363376315804 0.1630372142483069 0.049
907 -0.01994473604413242 0.1631098404750621 0.049
908 0.01118229575488585 0.1667394929686657 0.049
909 0.04587906883808243 0.1077724404312803 0.049
910 -0.04680107861442402 0.1124434257932506 0.049
911 0.02408623648533009 0.07931286941893706 0.049
912 0.04663467751528606 0.1272590020411262 0.049
913 -0.02448881278347345 0.07929927654068789 0.049
914 -0.04669568487438826 0.1321989630567696 0.049
915 -0.03973991474794354 0.09333889424831396 0.049
916 0.0398133319232287 0.1474368807512763 0.049
917 -0.01097194077442405 0.1668485142612632 0.049
918 -0.04436266495204753 0.1371343599532165 0.049
919 -0.03888176826865028 0.1373286287851831 0.049
920 -0.03628770304400022 0.1423275647755316 0.049
921 -0.03340010267672575 0.1375138986000237 0.049
922 -0.03602407809802809 0.1324696881859924 0.049
923 -0.03049391345841357 0.1326102825463938 0.049
924 -0.02772369479421608 0.1375743485878976 0.049
925 -0.02483641803554774 0.1326772790408189 0.049
926 -0.02204237878450392 0.1376280485752076 0.049
927 -0.01915703225603237 0.1327310056584989 0.049
928 -0.02195563977370762 0.1277830890579479 0.049
929 -0.01627243917212189 0.1278342941794696 0.049
930 -0.01347379173610956 0.1327822166645226 0.049
931 -0.01058813166323946 0.1278847531725394 0.049
932 -0.01338667834844812 0.1229367619253567 0.049
933 -0.007702330746016668 0.122987192335652 0.049
934 -0.004903817377886211 0.1279352063805573 0.049
935 -0.002017983878148564 0.1230376230332897 0.049
936 -0.004816496764414303 0.1180896093361965 0.049
937 0.0008678629525338266 0.118140031339893 0.049
938 0.00366637798093513 0.123088043483295 0.049
939 0.006552224408101274 0.1181904521500241 0.049
940 0.003753709037061886 0.1132424401487032 0.049
941 0.009350739725188847 0.1231384641992594 0.049
942 0.009438070750905806 0.1132928608035083 0.049
943 0.006639555386060356 0.108344848783944 0.049
944 0.01232391716213526 0.1083952693949263 0.049
945 0.009525401790383508 0.1034472573798144 0.049
946 0.003841040001429492 0.1033968367780865 0.049
947 0.006726886415867299 0.09849924536666374 0.049
948 0.001042524626448341 0.09844882476526512 0.049
949 0.01520976357670022 0.1034976779834614 0.049
950 0.01800827894969039 0.108445689997712 0.049
951 0.006464893283642026 0.1280360556493959 0.049
952 0.01214925507694015 0.1280864762448047 0.049
953 0.009263408747361684 0.1329840677160783 0.049
954 0.01494777046130416 0.1330344882731652 0.049
955 0.01783361686521025 0.1281368968528802 0.049
956 0.01206192404681744 0.1379320796883405 0.049
957 0.006377562348373129 0.1378816591403389 0.049
958 -0.03328941853903222 0.1276617840558793 0.049
959 0.009176077633615429 0.1428296711034883 0.049
960 0.003491715845041451 0.142779250502248 0.049
961 0.02063213223774806 0.1330849088684397 0.049
962 0.02351797865207104 0.1281873174545193 0.049
963 0.02089412536586484 0.1035480985850433 0.049
964 0.02369264073855219 0.1084961105995206 0.049
965 0.003928371042498654 0.09355123335267934 0.049
966 -0.001755990746772881 0.0935008127511734 0.049
967 -0.004641837163271753 0.09839840416397529 0.049
968 -0.00744035253597681 0.09345039214960565 0.049
969 -0.01032619895250091 0.09834798356241843 0.049
970 0.01486043940403801 0.1428800916941979 0.049
971 0.009612732831547385 0.09360165395434634 0.049
972 0.006290231203237058 0.1477272625082395 0.049
973 0.0006058694118003041 0.1476768419052666 0.049
974 0.02631649402437401 0.1331353294690061 0.049
975 0.02920234044039389 0.1282377380559677 0.049
976 -0.0131247143251168 0.09339997154799391 0.049
977 -0.01601056074155542 0.09829756296085819 0.049
978 -0.01321204536910621 0.1032455749753765 0.049
979 -0.01889640715801878 0.1031951543737371 0.049
980 0.006814217458743102 0.08865364193995363 0.049
981 -0.02169492253065472 0.0982471423592529 0.049
982 -0.02458076894709589 0.1031447337721158 0.049
983 -0.0217822535744184 0.1080927457865993 0.049
984 -0.02746661536352412 0.1080423251849785 0.049
985 -0.004554506119539799 0.08855280073675144 0.049
986 0.02657848715493522 0.1035985191866958 0.049
987 0.02937700252761608 0.108546531201178 0.049
988 0.0237799717822572 0.09865050717221172 0.049
989 0.003404384781677764 0.1526248539181096 0.049
990 -0.002279977008289204 0.1525744333159899 0.049
991 -0.005078491540102785 0.1476264228348366 0.049
992 -0.007964338670852016 0.152524014417331 0.049
993 -0.02493174329663813 0.1425272530355325 0.049
994 0.01249857924782418 0.08870406254159731 0.049
995 0.009088746570323606 0.1526752745194571 0.049
996 -0.01924575483934748 0.1425775745946158 0.049
997 -0.02213189217768262 0.1474751742516873 0.049
998 -0.02466810001166173 0.1129903371871965 0.049
999 -0.03035246178342668 0.112939916595797 0.049
1000 0.0264038250674749 0.1232897260414119 0.049
1001 0.03208818685658742 0.1233401466430349 0.049
1002 -0.03026513073620293 0.1030943131704949 0.049
1003 0.02946433357135966 0.09870092777384014 0.049
1004 0.0320008558129406 0.1331857500704225 0.049
1005 0.0291150093964844 0.1380833414832804 0.049
1006 -0.0275539464512486 0.1178879286948484 0.049
1007 -0.03323868990489048 0.1178377635680437 0.049
1008 -0.0189837382017314 0.1130407578010827 0.049
1009 0.0006932005526142171 0.1378312388985873 0.049
1010 0.02080679432211956 0.1133937020123826 0.049
1011 -0.03599598046550402 0.1129136423793467 0.049
1012 0.009614857461642479 0.08380424189313342 0.049
1013 0.004001501017089485 0.08371366181984848 0.049
1014 0.02657621709429874 0.09380359269128144 0.049
1015 -0.005164808623526427 0.157357619762352 0.049
1016 -0.01094964846801363 0.1573355076053828 0.049
1017 0.007072838381321885 0.07845025971705968 0.049
1018 0.01528440644688367 0.08393166069765678 0.049
1019 0.006204237323031596 0.1574221148849789 0.049
1020 -0.01366529511129157 0.1524592485358591 0.049
1021 0.0292896714838488 0.1183921346285342 0.049
1022 0.03497403327297152 0.1184425552301579 0.049
1023 0.03775372450971778 0.1233794753505564 0.049
1024 0.01529709462049756 0.09365207455608471 0.049
1025 -0.03882228861664062 0.1274884902049709 0.049
1026 0.03462982117963374 0.1378678596455221 0.049
1027 -0.03885106102853038 0.1178368761669666 0.049
1028 0.01188941819326072 0.1573801931784249 0.049
1029 0.01477346773346943 0.1526851795612356 0.049
1030 0.03183849081451944 0.1430313069615954 0.049
1031 0.02621665732084459 0.1429809251400793 0.049
1032 0.03245931590898984 0.09386879586343108 0.049
1033 0.0376163474449496 0.1329191731238102 0.049
1034 -0.02760104684150768 0.1472982467779316 0.049
1035 -0.02473992799118177 0.1522149117294785 0.049
1036 0.02902767835258107 0.1479289449105733 0.049
1037 0.0233412322869587 0.1478785230162837 0.049
1038 0.02630581556242362 0.1531759217268168 0.049
1039 0.0353003785067257 0.09862365133070655 0.049
1040 0.04072520490265569 0.1183553099544185 0.049
1041 0.03785987968939573 0.1135449638172927 0.049
1042 -0.01653454700407635 0.1573711835249511 0.049
1043 0.001320860187145084 0.07862975485324762 0.049
1044 0.01754267709839122 0.1576506274904697 0.049
1045 -0.03043421078840382 0.1227822706694521 0.049
1046 -0.03058020698717584 0.1424350295930824 0.049
1047 -0.03329142631720046 0.1479700632448833 0.049
1048 -0.03606913795458856 0.1227189319388584 0.049
1049 -0.01928965198798528 0.1523944788984195 0.049
1050 -0.0222077183668604 0.157291926730506 0.049
1051 -0.01635930657841382 0.1376795412777391 0.049
1052 -0.01067538308088194 0.1377302996819608 0.049
1053 -0.01356125933199124 0.1426279055513239 0.049
1054 -0.01644278461609356 0.1475183985363687 0.049
1055 -0.007789600029909253 0.1328327537298118 0.049
1056 -0.02763629430005823 0.1277304885103026 0.049
1057 -0.01907083271133346 0.1228862009120082 0.049
1058 -0.01050085332964973 0.1180391851605552 0.049
1059 -0.007615012924728284 0.1131415978476935 0.049
1060 -0.01618517729122179 0.1179887388902952 0.049
1061 -0.001930652054383478 0.1131920190761444 0.049
1062 -0.004729167794165175 0.1082440073104218 0.049
1063 -0.002105300073420342 0.1328832169079008 0.049
1064 0.02360530969475654 0.1183417140269077 0.049
1065 0.01223658612336746 0.1182408728166869 0.049
1066 0.0005189973180542758 0.1574707038043331 0.049
1067 0.00316244014174445 0.1623935534091245 0.049
1068 0.02649115611119603 0.1134441226140322 0.049
1069 0.01503510149577203 0.123188884829783 0.049
1070 0.02342856333139206 0.1380329195892098 0.049
1071 -0.00184332172128946 0.1033464161312508 0.049
1072 -0.0102388679086702 0.08850238013514093 0.049
1073 -0.01592322969778749 0.08845195953352331 0.049
1074 -0.007353021492235629 0.08360478872228128 0.049
1075 -0.002192645142840161 0.1427288307631465 0.049
1076 0.03228812946841748 0.1036276569475287 0.049
1077 0.03798411834466564 0.1034815956880893 0.049
1078 0.03503351054669521 0.1085787262866601 0.049
1079 -0.03314416996928671 0.1079959289802047 0.049
1080 -0.0358012516259807 0.1031312425338409 0.049
1081 -0.03296838708858822 0.09820243141503374 0.049
1082 -0.03867360960129283 0.1080441412779875 0.049
1083 -0.02736340781638688 0.09820607680080251 0.049
1084 -0.02449079181943664 0.09330068951863107 0.049
1085 -0.02989263372765223 0.09360807605248729 0.049
1086 -0.02780822806632127 0.08808201099031021 0.049
1087 -0.02165189270478374 0.08844928469736252 0.049
1088 0.01241124820468837 0.09854966596849482 0.049
1089 0.01809560999326274 0.0986000865705053 0.049
1090 -0.0188160186365558 0.09335776843627031 0.049
1091 -0.01936310791109611 0.08287427756263946 0.049
1092 -0.01314589941011951 0.08363232188099785 0.049
1093 -0.01031426317543442 0.07809174931853023 0.049
1094 -0.004147715902723666 0.07843676708050928 0.049
1095 -0.005662177504134375 0.07313612154473888 0.049
1096 0.01512243253487017 0.1133432814091007 0.049
1097 -0.001600504440118818 0.08359016575850464 0.049
1098 0.02096652289220137 0.09371094131303473 0.049
1099 0.02364775858663056 0.08892907440716402 0.049
1100 0.01812719154122681 0.08879745087432123 0.049
1101 0.01792094790819797 0.1182912934224394 0.049
1102 0.001138848035316623 0.0885937193931518 0.049
1103 0.03217087560528722 0.1134915056296425 0.049
1104 -0.01609789178557419 0.1081431663882583 0.049
1105 0.0177459384453483 0.1379825000679702 0.049
1106 0.02054196426048949 0.1429305105358452 0.049
1107 0.02071946328058046 0.1232393054379902 0.049
1108 0.02082721893513144 0.08414681569697183 0.049
1109 0.01197465288650647 0.1477709305156581 0.049
1110 0.03487208651381789 0.128233477083819 0.049
1111 0.04073073765701249 0.1279045890033235 0.049
1112 0.02047968882921845 0.1528237472064056 0.049
1113 0.01766190756678009 0.1478281637549377 0.049
1114 0.02310411540504714 0.1578016881273011 0.049
1115 0.0009551938091189359 0.1082944280380918 0.049
1116 -0.01329936725499486 0.1130911721797038 0.049
1117 -0.007527683499566209 0.1032959955222968 0.049
1118 -0.01041352810468915 0.1081935857039584 0.049
1119 -0.02475490714328547 0.1228356236219469 0.049
1120 -0.02186945030174707 0.1179382645178963 0.049
1121 0.003579049393113296 0.1329336454551516 0.049
1122 0.0007805333421633063 0.1279856334709615 0.049
1123 -0.004991121734351933 0.1377807916301951 0.049
1124 -0.007876959179738545 0.142678376641295 0.049
1125 -0.01076285424826321 0.1475760093863069 0.049
1126 -0.04177071085380693 0.1226792154668896 0.049
1127 -0.002366906300508906 0.1623747436002706 0.049
1128 -0.01369293864285149 0.1621702411917002 0.049
1129 -0.02827759896218012 0.1571299854030765 0.049
1130 0.03815542832319904 0.09378459922620523 0.049
1131 0.04352587238315776 0.122868930604888 0.049
1132 -0.04424061361561062 0.1176652059619421 0.049
1133 0.03476161252495212 0.147820448367436 0.049
1134 0.04334808535882789 0.1133638523429207 0.049
1135 -0.04411632601445255 0.127515072274463 0.049
1136 0.04053080257851532 0.1082628128168163 0.049
1137 -0.04147574502481957 0.1129836981380616 0.049
1138 -0.03917444898580032 0.1471182439574137 0.049
1139 0.01468935463218973 0.1621679957461047 0.049
1140 0.01810617518894 0.07944659993421482 0.049
1141 0.04430670239701913 0.1331336963359527 0.049
1142 0.04368246491022094 0.1030262345658916 0.049
1143 0.005788540637350539 0.1670819787578742 0.049
1144 -0.04252685606694752 0.09831447139053007 0.049
1145 0.02845197378922348 0.158464862310681 0.049
1146 0.02906470904272635 0.0810742424316033 0.049
1147 -0.02888507674144542 0.08212864478503405 0.049
1148 0.04246468959839284 0.1425133535695661 0.049
1149 -0.04708140892703319 0.1073276015952264 0.049
1150 -0.01980441483639249 0.07692959618406825 0.049
1151 0.01044513551175659 0.07367292507058516 0.049
1152 -0.03659275946286258 0.08909439571878 0.049
1153 0.00495539164780319 0.07322924819187292 0.049
1154 -0.005446575940378963 0.1671156983583306 0.049
1155 0.03529575674374581 0.08897921249337551 0.049
1156 0.01271855730019782 0.07898698282690143 0.049
1157 0.02901405798881126 0.08915938593805064 0.049
1158 -0.008098803124950579 0.1622003874632165 0.049
1159 -0.03712473422684427 0.1513774962964901 0.049
1160 -0.02441346047548522 0.08428256528530283 0.049
1161 0.04837981863472221 0.122700511680901 0.049
1162 -0.01072409454341294 0.07273780766457186 0.049
1163 -0.02489676348828734 0.1614739614690596 0.049
1164 0.008873683237102067 0.1620315024930364 0.049
1165 0.03729022487000595 0.1425330167636649 0.049
1166 -0.04134498806756907 0.1322614770937359 0.049
1167 0.04791625790654397 0.112144528248498 0.049
1168 -0.03775953980096559 0.09857341056630056 0.049
1169 -0.01569305726444676 0.07948590539230585 0.049
1170 0.03981391244392296 0.1377225411526031 0.049
1171 -0.0349089711190886 0.09375770568678182 0.049
1172 0.02518608049706747 0.1618595914142034 0.049
1173 0.02555111887976652 0.08458716121647356 0.049
1174 -0.04891899388678185 0.1173476892196201 0.049
1175 0.02057658664498137 0.0755244368326751 0.049
1176 0.01587455501567268 0.1662604710721436 0.049
1177 -0.02935717899978087 0.151561770884478 0.049
1178 -0.0156631463613759 0.166459212359472 0.049
1179 -0.040125973743349 0.10388197232909 0.049
1180 -0.03245433556957765 0.08983196092671089 0.049
1181 0.037560307121644 0.1518337849845436 0.049
1182 -0.04857877638819962 0.1279353709707163 0.049
1183 -0.04285181652118418 0.1088120641613686 0.049
$EndNodes
$Elements
3002
1 2 2 93 1 113 345 376
2 2 2 93 1 344 107 375
3 2 2 93 1 357 111 374
4 2 2 93 1 345 113 392
5 2 2 93 1 107 344 391
6 2 2 93 1 379 111 389
7 2 2 93 1 111 357 389
8 2 2 93 1 378 107 391
9 2 2 93 1 113 377 392
10 2 2 93 1 387 109 388
11 2 2 93 1 386 108 387
12 2 2 93 1 368 48 387
13 2 2 93 1 112 376 394
14 2 2 93 1 371 106 372
15 2 2 93 1 24 330 332
16 2 2 93 1 331 98 333
17 2 2 93 1 48 354 387
18 2 2 93 1 353 350 402
19 2 2 93 1 333 335 400
20 2 2 93 1 26 332 334
21 2 2 93 1 333 97 335
22 2 2 93 1 110 379 393
23 2 2 93 1 27 334 337
24 2 2 93 1 335 95 336
25 2 2 93 1 363 59 364
26 2 2 93 1 362 61 363
27 2 2 93 1 361 62 362
28 2 2 93 1 360 64 361
29 2 2 93 1 364 56 365
30 2 2 93 1 359 67 360
31 2 2 93 1 365 54 366
32 2 2 93 1 366 52 367
33 2 2 93 1 358 69 359
34 2 2 93 1 357 70 358
35 2 2 93 1 356 73 357
36 2 2 93 1 367 51 368
37 2 2 93 1 336 93 338
38 2 2 93 1 29 337 339
39 2 2 93 1 355 74 356
40 2 2 93 1 31 339 340
41 2 2 93 1 338 90 341
42 2 2 93 1 341 89 342
43 2 2 93 1 34 340 343
44 2 2 93 1 342 86 345
45 2 2 93 1 36 343 344
46 2 2 93 1 345 84 347
47 2 2 93 1 38 344 346
48 2 2 93 1 40 346 348
49 2 2 93 1 347 82 349
50 2 2 93 1 42 348 350
51 2 2 93 1 349 81 351
52 2 2 93 1 351 79 352
53 2 2 93 1 44 350 353
54 2 2 93 1 45 353 354
55 2 2 93 1 352 77 355
56 2 2 93 1 369 105 385
57 2 2 93 1 17 371 383
58 2 2 93 1 4 105 369
59 2 2 93 1 17 1 371
60 2 2 93 1 372 106 399
61 2 2 93 1 399 378 403
62 2 2 93 1 401 373 405
63 2 2 93 1 380 17 383
64 2 2 93 1 105 381 385
65 2 2 93 1 332 372 399
66 2 2 93 1 370 333 400
67 2 2 93 1 367 401 405
68 2 2 93 1 367 388 401
69 2 2 93 1 332 399 403
70 2 2 93 1 386 353 402
71 2 2 93 1 108 386 402
72 2 2 93 1 328 385 395
73 2 2 93 1 383 329 396
74 2 2 93 1 385 381 395
75 2 2 93 1 380 383 396
76 2 2 93 1 384 328 397
77 2 2 93 1 329 382 398
78 2 2 93 1 332 330 372
79 2 2 93 1 331 333 370
80 2 2 93 1 368 387 388
81 2 2 93 1 388 109 401
82 2 2 93 1 402 350 406
83 2 2 93 1 400 335 404
84 2 2 93 1 328 384 385
85 2 2 93 1 382 329 383
86 2 2 93 1 382 330 398
87 2 2 93 1 331 384 397
88 2 2 93 1 335 336 404
89 2 2 93 1 350 348 406
90 2 2 93 1 102 101 328
91 2 2 93 1 21 20 329
92 2 2 93 1 365 366 405
93 2 2 93 1 337 334 403
94 2 2 93 1 362 363 393
95 2 2 93 1 360 361 379
96 2 2 93 1 364 365 373
97 2 2 93 1 358 359 389
98 2 2 93 1 367 368 388
99 2 2 93 1 336 338 377
100 2 2 93 1 339 337 378
101 2 2 93 1 355 356 374
102 2 2 93 1 341 342 392
103 2 2 93 1 343 340 391
104 2 2 93 1 348 346 375
105 2 2 93 1 347 349 376
106 2 2 93 1 351 352 394
107 2 2 93 1 354 353 386
108 2 2 93 1 20 19 396
109 2 2 93 1 103 102 395
110 2 2 93 1 19 18 380
111 2 2 93 1 104 103 381
112 2 2 93 1 22 21 398
113 2 2 93 1 101 100 397
114 2 2 93 1 372 330 382
115 2 2 93 1 331 370 384
116 2 2 93 1 23 22 330
117 2 2 93 1 100 99 331
118 2 2 93 1 378 337 403
119 2 2 93 1 25 24 332
120 2 2 93 1 98 97 333
121 2 2 93 1 96 95 335
122 2 2 93 1 27 26 334
123 2 2 93 1 58 57 364
124 2 2 93 1 60 59 363
125 2 2 93 1 62 61 362
126 2 2 93 1 64 63 361
127 2 2 93 1 66 65 360
128 2 2 93 1 29 28 337
129 2 2 93 1 94 93 336
130 2 2 93 1 56 55 365
131 2 2 93 1 54 53 366
132 2 2 93 1 52 51 367
133 2 2 93 1 68 67 359
134 2 2 93 1 70 69 358
135 2 2 93 1 72 71 357
136 2 2 93 1 74 73 356
137 2 2 93 1 50 49 368
138 2 2 93 1 92 91 338
139 2 2 93 1 31 30 339
140 2 2 93 1 33 32 340
141 2 2 93 1 90 89 341
142 2 2 93 1 88 87 342
143 2 2 93 1 35 34 343
144 2 2 93 1 86 85 345
145 2 2 93 1 37 36 344
146 2 2 93 1 84 83 347
147 2 2 93 1 39 38 346
148 2 2 93 1 41 40 348
149 2 2 93 1 82 81 349
150 2 2 93 1 43 42 350
151 2 2 93 1 80 79 351
152 2 2 93 1 78 77 352
153 2 2 93 1 45 44 353
154 2 2 93 1 76 75 355
155 2 2 93 1 47 46 354
156 2 2 93 1 390 370 400
157 2 2 93 1 373 365 405
158 2 2 93 1 354 386 387
159 2 2 93 1 102 328 395
160 2 2 93 1 329 20 396
161 2 2 93 1 384 369 385
162 2 2 93 1 371 382 383
163 2 2 93 1 381 103 395
164 2 2 93 1 19 380 396
165 2 2 93 1 21 329 398
166 2 2 93 1 328 101 397
167 2 2 93 1 336 377 404
168 2 2 93 1 348 375 406
169 2 2 93 1 384 370 390
170 2 2 93 1 330 22 398
171 2 2 93 1 100 331 397
172 2 2 93 1 369 384 390
173 2 2 93 1 114 390 400
174 2 2 93 1 1 106 371
175 2 2 93 1 114 4 369
176 2 2 93 1 108 109 387
177 2 2 93 1 114 369 390
178 2 2 93 1 2 17 380
179 2 2 93 1 18 2 380
180 2 2 93 1 3 104 381
181 2 2 93 1 105 3 381
182 2 2 93 1 24 23 330
183 2 2 93 1 26 25 332
184 2 2 93 1 28 27 337
185 2 2 93 1 30 29 339
186 2 2 93 1 32 31 340
187 2 2 93 1 34 33 340
188 2 2 93 1 36 35 343
189 2 2 93 1 38 37 344
190 2 2 93 1 40 39 346
191 2 2 93 1 42 41 348
192 2 2 93 1 44 43 350
193 2 2 93 1 46 45 354
194 2 2 93 1 48 47 354
195 2 2 93 1 49 48 368
196 2 2 93 1 51 50 368
197 2 2 93 1 53 52 366
198 2 2 93 1 55 54 365
199 2 2 93 1 57 56 364
200 2 2 93 1 59 58 364
201 2 2 93 1 61 60 363
202 2 2 93 1 63 62 361
203 2 2 93 1 65 64 360
204 2 2 93 1 67 66 360
205 2 2 93 1 69 68 359
206 2 2 93 1 71 70 357
207 2 2 93 1 73 72 357
208 2 2 93 1 75 74 355
209 2 2 93 1 77 76 355
210 2 2 93 1 79 78 352
211 2 2 93 1 81 80 351
212 2 2 93 1 83 82 347
213 2 2 93 1 85 84 345
214 2 2 93 1 87 86 342
215 2 2 93 1 89 88 342
216 2 2 93 1 91 90 338
217 2 2 93 1 93 92 338
218 2 2 93 1 95 94 336
219 2 2 93 1 97 96 335
220 2 2 93 1 99 98 331
221 2 2 93 1 106 107 378
222 2 2 93 1 106 378 399
223 2 2 93 1 107 108 375
224 2 2 93 1 375 108 402
225 2 2 93 1 109 110 401
226 2 2 93 1 110 111 379
227 2 2 93 1 373 110 393
228 2 2 93 1 110 373 401
229 2 2 93 1 111 112 374
230 2 2 93 1 112 113 376
231 2 2 93 1 374 112 394
232 2 2 93 1 113 114 377
233 2 2 93 1 377 114 400
234 2 2 93 1 334 332 403
235 2 2 93 1 338 341 392
236 2 2 93 1 377 338 392
237 2 2 93 1 340 339 391
238 2 2 93 1 339 378 391
239 2 2 93 1 342 345 392
240 2 2 93 1 344 343 391
241 2 2 93 1 346 344 375
242 2 2 93 1 345 347 376
243 2 2 93 1 349 351 394
244 2 2 93 1 376 349 394
245 2 2 93 1 352 355 394
246 2 2 93 1 355 374 394
247 2 2 93 1 356 357 374
248 2 2 93 1 357 358 389
249 2 2 93 1 359 360 389
250 2 2 93 1 360 379 389
251 2 2 93 1 361 362 379
252 2 2 93 1 379 362 393
253 2 2 93 1 363 364 373
254 2 2 93 1 363 373 393
255 2 2 93 1 366 367 405
256 2 2 93 1 371 372 382
257 2 2 93 1 375 402 406
258 2 2 93 1 377 400 404
259 2 2 93 2 123 122 407
260 2 2 93 2 17 409 413
261 2 2 93 2 408 7 412
262 2 2 93 2 410 117 413
263 2 2 93 2 116 119 414
264 2 2 93 2 125 7 408
265 2 2 93 2 2 408 409
266 2 2 93 2 17 2 409
267 2 2 93 2 116 117 411
268 2 2 93 2 7 123 412
269 2 2 93 2 407 410 413
270 2 2 93 2 119 118 414
271 2 2 93 2 2 124 408
272 2 2 93 2 123 407 412
273 2 2 93 2 115 116 414
274 2 2 93 2 121 120 411
275 2 2 93 2 118 6 415
276 2 2 93 2 414 118 415
277 2 2 93 2 122 121 410
278 2 2 93 2 117 410 411
279 2 2 93 2 409 408 412
280 2 2 93 2 124 125 408
281 2 2 93 2 5 115 415
282 2 2 93 2 6 5 415
283 2 2 93 2 115 414 415
284 2 2 93 2 407 122 410
285 2 2 93 2 410 121 411
286 2 2 93 2 409 412 413
287 2 2 93 2 412 407 413
288 2 2 93 2 1 17 413
289 2 2 93 2 117 1 413
290 2 2 93 2 116 120 119
291 2 2 93 2 120 116 411
292 2 2 92 3 486 492 475
293 2 2 92 3 499 506 470
294 2 2 92 3 445 527 516
295 2 2 92 3 432 492 486
296 2 2 92 3 444 506 499
297 2 2 92 3 516 527 476
298 2 2 92 3 556 557 464
299 2 2 92 3 558 559 465
300 2 2 92 3 560 561 466
301 2 2 92 3 485 509 431
302 2 2 92 3 468 546 487
303 2 2 92 3 487 546 417
304 2 2 92 3 479 514 505
305 2 2 92 3 568 579 428
306 2 2 92 3 472 579 568
307 2 2 92 3 477 534 526
308 2 2 92 3 515 569 471
309 2 2 92 3 505 514 446
310 2 2 92 3 526 534 454
311 2 2 92 3 437 569 515
312 2 2 92 3 538 540 442
313 2 2 92 3 429 530 494
314 2 2 92 3 494 530 456
315 2 2 92 3 457 540 538
316 2 2 92 3 500 536 418
317 2 2 92 3 453 536 500
318 2 2 92 3 464 557 547
319 2 2 92 3 465 559 548
320 2 2 92 3 466 561 542
321 2 2 92 3 431 509 508
322 2 2 92 3 438 570 564
323 2 2 92 3 564 570 437
324 2 2 92 3 473 523 522
325 2 2 92 3 438 564 563
326 2 2 92 3 426 511 510
327 2 2 92 3 437 570 569
328 2 2 92 3 445 528 527
329 2 2 92 3 473 576 523
330 2 2 92 3 498 511 426
331 2 2 92 3 501 528 445
332 2 2 92 3 488 491 427
333 2 2 92 3 517 545 449
334 2 2 92 3 427 491 490
335 2 2 92 3 449 545 544
336 2 2 92 3 543 580 544
337 2 2 92 3 483 532 531
338 2 2 92 3 544 580 449
339 2 2 92 3 433 532 483
340 2 2 92 3 483 531 484
341 2 2 92 3 520 582 521
342 2 2 92 3 543 581 580
343 2 2 92 3 520 583 582
344 2 2 92 3 484 531 450
345 2 2 92 3 448 581 543
346 2 2 92 3 521 582 439
347 2 2 92 3 447 583 520
348 2 2 92 3 490 513 427
349 2 2 92 3 489 513 490
350 2 2 92 3 496 555 421
351 2 2 92 3 519 553 420
352 2 2 92 3 574 575 474
353 2 2 92 3 495 555 496
354 2 2 92 3 518 553 519
355 2 2 92 3 573 575 574
356 2 2 92 3 554 555 463
357 2 2 92 3 481 509 461
358 2 2 92 3 552 553 462
359 2 2 92 3 572 575 441
360 2 2 92 3 512 513 416
361 2 2 92 3 497 561 424
362 2 2 92 3 502 557 422
363 2 2 92 3 503 559 423
364 2 2 92 3 463 555 495
365 2 2 92 3 508 509 481
366 2 2 92 3 462 553 518
367 2 2 92 3 441 575 573
368 2 2 92 3 416 513 489
369 2 2 92 3 542 561 497
370 2 2 92 3 547 557 502
371 2 2 92 3 548 559 503
372 2 2 92 3 537 577 430
373 2 2 92 3 482 493 469
374 2 2 92 3 537 588 577
375 2 2 92 3 482 589 493
376 2 2 92 3 430 591 537
377 2 2 92 3 493 590 469
378 2 2 92 3 585 587 436
379 2 2 92 3 584 586 434
380 2 2 92 3 195 509 485
381 2 2 92 3 427 513 189
382 2 2 92 3 420 553 60
383 2 2 92 3 421 555 63
384 2 2 92 3 474 575 151
385 2 2 92 3 65 557 556
386 2 2 92 3 68 559 558
387 2 2 92 3 71 561 560
388 2 2 92 3 189 513 190
389 2 2 92 3 69 559 68
390 2 2 92 3 66 557 65
391 2 2 92 3 194 509 195
392 2 2 92 3 60 553 59
393 2 2 92 3 72 561 71
394 2 2 92 3 151 575 152
395 2 2 92 3 63 555 62
396 2 2 92 3 33 545 447
397 2 2 92 3 77 491 425
398 2 2 92 3 147 581 576
399 2 2 92 3 30 521 455
400 2 2 92 3 100 484 459
401 2 2 92 3 37 523 448
402 2 2 92 3 40 574 440
403 2 2 92 3 25 564 437
404 2 2 92 3 204 528 452
405 2 2 92 3 136 570 438
406 2 2 92 3 161 511 418
407 2 2 92 3 171 519 463
408 2 2 92 3 174 496 464
409 2 2 92 3 143 583 517
410 2 2 92 3 453 537 536
411 2 2 92 3 44 538 524
412 2 2 92 3 21 579 578
413 2 2 92 3 460 551 95
414 2 2 92 3 459 505 99
415 2 2 92 3 455 494 29
416 2 2 92 3 458 565 47
417 2 2 92 3 73 499 424
418 2 2 92 3 75 562 444
419 2 2 92 3 426 525 49
420 2 2 92 3 419 526 57
421 2 2 92 3 23 515 428
422 2 2 92 3 451 492 90
423 2 2 92 3 431 508 85
424 2 2 92 3 81 546 416
425 2 2 92 3 210 529 450
426 2 2 92 3 438 530 137
427 2 2 92 3 156 540 443
428 2 2 92 3 430 534 165
429 2 2 92 3 466 542 181
430 2 2 92 3 464 547 175
431 2 2 92 3 465 548 178
432 2 2 92 3 467 549 186
433 2 2 92 3 206 550 480
434 2 2 92 3 133 568 471
435 2 2 92 3 473 539 149
436 2 2 92 3 158 541 478
437 2 2 92 3 51 500 498
438 2 2 92 3 193 487 461
439 2 2 92 3 480 514 207
440 2 2 92 3 79 490 78
441 2 2 92 3 212 532 213
442 2 2 92 3 35 544 34
443 2 2 92 3 34 545 33
444 2 2 92 3 78 491 77
445 2 2 92 3 203 528 204
446 2 2 92 3 146 581 147
447 2 2 92 3 38 523 37
448 2 2 92 3 31 521 30
449 2 2 92 3 26 564 25
450 2 2 92 3 135 570 136
451 2 2 92 3 41 574 40
452 2 2 92 3 142 583 143
453 2 2 92 3 160 511 161
454 2 2 92 3 170 519 171
455 2 2 92 3 173 496 174
456 2 2 92 3 101 484 100
457 2 2 92 3 486 493 432
458 2 2 92 3 139 504 140
459 2 2 92 3 176 502 177
460 2 2 92 3 179 503 180
461 2 2 92 3 182 497 183
462 2 2 92 3 167 535 168
463 2 2 92 3 187 488 188
464 2 2 92 3 195 485 196
465 2 2 92 3 147 576 148
466 2 2 92 3 92 516 91
467 2 2 92 3 94 501 93
468 2 2 92 3 21 578 20
469 2 2 92 3 44 524 43
470 2 2 92 3 87 482 86
471 2 2 92 3 140 504 439
472 2 2 92 3 429 504 139
473 2 2 92 3 188 488 427
474 2 2 92 3 46 457 45
475 2 2 92 3 48 458 47
476 2 2 92 3 28 456 27
477 2 2 92 3 30 455 29
478 2 2 92 3 53 453 52
479 2 2 92 3 100 459 99
480 2 2 92 3 56 454 55
481 2 2 92 3 96 460 95
482 2 2 92 3 183 497 470
483 2 2 92 3 177 502 465
484 2 2 92 3 180 503 466
485 2 2 92 3 477 535 167
486 2 2 92 3 168 535 462
487 2 2 92 3 86 482 431
488 2 2 92 3 93 501 445
489 2 2 92 3 20 578 435
490 2 2 92 3 43 524 441
491 2 2 92 3 91 516 451
492 2 2 92 3 445 516 92
493 2 2 92 3 196 485 469
494 2 2 92 3 148 576 473
495 2 2 92 3 83 417 82
496 2 2 92 3 86 431 85
497 2 2 92 3 89 432 88
498 2 2 92 3 103 433 102
499 2 2 92 3 81 416 80
500 2 2 92 3 23 428 22
501 2 2 92 3 50 426 49
502 2 2 92 3 40 440 39
503 2 2 92 3 43 441 42
504 2 2 92 3 91 451 90
505 2 2 92 3 58 419 57
506 2 2 92 3 61 420 60
507 2 2 92 3 64 421 63
508 2 2 92 3 67 422 66
509 2 2 92 3 70 423 69
510 2 2 92 3 73 424 72
511 2 2 92 3 77 425 76
512 2 2 92 3 20 435 19
513 2 2 92 3 25 437 24
514 2 2 92 3 33 447 32
515 2 2 92 3 37 448 36
516 2 2 92 3 75 444 74
517 2 2 92 3 93 445 92
518 2 2 92 3 98 446 97
519 2 2 92 3 161 418 162
520 2 2 92 3 144 449 145
521 2 2 92 3 138 429 139
522 2 2 92 3 210 450 211
523 2 2 92 3 164 430 165
524 2 2 92 3 188 427 189
525 2 2 92 3 136 438 137
526 2 2 92 3 140 439 141
527 2 2 92 3 154 442 155
528 2 2 92 3 156 443 157
529 2 2 92 3 204 452 205
530 2 2 92 3 96 533 460
531 2 2 92 3 83 481 417
532 2 2 92 3 61 554 420
533 2 2 92 3 67 558 422
534 2 2 92 3 58 552 419
535 2 2 92 3 64 556 421
536 2 2 92 3 70 560 423
537 2 2 92 3 50 498 426
538 2 2 92 3 446 533 97
539 2 2 92 3 166 477 167
540 2 2 92 3 201 476 202
541 2 2 92 3 183 470 184
542 2 2 92 3 208 479 209
543 2 2 92 3 206 480 207
544 2 2 92 3 193 461 194
545 2 2 92 3 131 472 132
546 2 2 92 3 133 471 134
547 2 2 92 3 168 462 169
548 2 2 92 3 185 467 186
549 2 2 92 3 158 478 159
550 2 2 92 3 171 463 172
551 2 2 92 3 174 464 175
552 2 2 92 3 177 465 178
553 2 2 92 3 180 466 181
554 2 2 92 3 199 475 200
555 2 2 92 3 148 473 149
556 2 2 92 3 150 474 151
557 2 2 92 3 191 468 192
558 2 2 92 3 196 469 197
559 2 2 92 3 59 552 58
560 2 2 92 3 68 558 67
561 2 2 92 3 62 554 61
562 2 2 92 3 65 556 64
563 2 2 92 3 71 560 70
564 2 2 92 3 84 481 83
565 2 2 92 3 51 498 50
566 2 2 92 3 97 533 96
567 2 2 92 3 144 517 449
568 2 2 92 3 154 571 442
569 2 2 92 3 131 566 472
570 2 2 92 3 199 486 475
571 2 2 92 3 470 506 184
572 2 2 92 3 191 512 468
573 2 2 92 3 185 506 467
574 2 2 92 3 201 507 476
575 2 2 92 3 475 507 200
576 2 2 92 3 130 566 131
577 2 2 92 3 130 567 566
578 2 2 92 3 152 572 153
579 2 2 92 3 198 486 199
580 2 2 92 3 190 512 191
581 2 2 92 3 153 572 571
582 2 2 92 3 184 506 185
583 2 2 92 3 153 571 154
584 2 2 92 3 143 517 144
585 2 2 92 3 129 567 130
586 2 2 92 3 200 507 201
587 2 2 92 3 490 491 78
588 2 2 92 3 544 545 34
589 2 2 92 3 489 490 79
590 2 2 92 3 531 532 212
591 2 2 92 3 543 544 35
592 2 2 92 3 424 561 72
593 2 2 92 3 423 559 69
594 2 2 92 3 422 557 66
595 2 2 92 3 461 509 194
596 2 2 92 3 62 555 554
597 2 2 92 3 59 553 552
598 2 2 92 3 190 513 512
599 2 2 92 3 152 575 572
600 2 2 92 3 102 483 101
601 2 2 92 3 172 495 173
602 2 2 92 3 169 518 170
603 2 2 92 3 159 510 160
604 2 2 92 3 192 487 193
605 2 2 92 3 82 546 81
606 2 2 92 3 207 514 208
607 2 2 92 3 90 492 89
608 2 2 92 3 45 538 44
609 2 2 92 3 85 508 84
610 2 2 92 3 57 526 56
611 2 2 92 3 155 540 156
612 2 2 92 3 36 543 35
613 2 2 92 3 47 565 46
614 2 2 92 3 29 494 28
615 2 2 92 3 32 520 31
616 2 2 92 3 27 563 26
617 2 2 92 3 162 536 163
618 2 2 92 3 157 541 158
619 2 2 92 3 24 515 23
620 2 2 92 3 22 579 21
621 2 2 92 3 42 573 41
622 2 2 92 3 55 577 54
623 2 2 92 3 165 534 166
624 2 2 92 3 39 522 38
625 2 2 92 3 137 530 138
626 2 2 92 3 99 505 98
627 2 2 92 3 149 539 150
628 2 2 92 3 134 569 135
629 2 2 92 3 49 525 48
630 2 2 92 3 186 549 187
631 2 2 92 3 145 580 146
632 2 2 92 3 132 568 133
633 2 2 92 3 141 582 142
634 2 2 92 3 205 550 206
635 2 2 92 3 52 500 51
636 2 2 92 3 202 527 203
637 2 2 92 3 74 499 73
638 2 2 92 3 175 547 176
639 2 2 92 3 178 548 179
640 2 2 92 3 181 542 182
641 2 2 92 3 76 562 75
642 2 2 92 3 209 529 210
643 2 2 92 3 95 551 94
644 2 2 92 3 211 531 212
645 2 2 92 3 80 489 79
646 2 2 92 3 580 581 146
647 2 2 92 3 522 523 38
648 2 2 92 3 520 521 31
649 2 2 92 3 563 564 26
650 2 2 92 3 527 528 203
651 2 2 92 3 569 570 135
652 2 2 92 3 573 574 41
653 2 2 92 3 582 583 142
654 2 2 92 3 510 511 160
655 2 2 92 3 518 519 170
656 2 2 92 3 495 496 173
657 2 2 92 3 483 484 101
658 2 2 92 3 176 547 502
659 2 2 92 3 179 548 503
660 2 2 92 3 182 542 497
661 2 2 92 3 187 549 488
662 2 2 92 3 94 551 501
663 2 2 92 3 457 538 45
664 2 2 92 3 46 565 457
665 2 2 92 3 456 563 27
666 2 2 92 3 56 526 454
667 2 2 92 3 28 494 456
668 2 2 92 3 454 577 55
669 2 2 92 3 48 525 458
670 2 2 92 3 453 500 52
671 2 2 92 3 433 483 102
672 2 2 92 3 417 546 82
673 2 2 92 3 89 492 432
674 2 2 92 3 447 520 32
675 2 2 92 3 441 573 42
676 2 2 92 3 448 543 36
677 2 2 92 3 428 579 22
678 2 2 92 3 440 522 39
679 2 2 92 3 437 515 24
680 2 2 92 3 98 505 446
681 2 2 92 3 442 540 155
682 2 2 92 3 444 499 74
683 2 2 92 3 418 536 162
684 2 2 92 3 443 541 157
685 2 2 92 3 425 562 76
686 2 2 92 3 138 530 429
687 2 2 92 3 449 580 145
688 2 2 92 3 439 582 141
689 2 2 92 3 452 550 205
690 2 2 92 3 416 489 80
691 2 2 92 3 450 531 211
692 2 2 92 3 463 495 172
693 2 2 92 3 462 518 169
694 2 2 92 3 478 510 159
695 2 2 92 3 468 487 192
696 2 2 92 3 208 514 479
697 2 2 92 3 166 534 477
698 2 2 92 3 471 569 134
699 2 2 92 3 150 539 474
700 2 2 92 3 472 568 132
701 2 2 92 3 84 508 481
702 2 2 92 3 476 527 202
703 2 2 92 3 479 529 209
704 2 2 92 3 213 584 214
705 2 2 92 3 104 586 103
706 2 2 92 3 19 585 18
707 2 2 92 3 128 587 129
708 2 2 92 3 127 434 126
709 2 2 92 3 124 436 125
710 2 2 92 3 532 584 213
711 2 2 92 3 103 586 433
712 2 2 92 3 435 585 19
713 2 2 92 3 129 587 567
714 2 2 92 3 2 594 124
715 2 2 92 3 8 595 127
716 2 2 92 3 87 589 482
717 2 2 92 3 164 591 430
718 2 2 92 3 18 594 2
719 2 2 92 3 214 595 8
720 2 2 92 3 577 588 54
721 2 2 92 3 585 596 587
722 2 2 92 3 53 588 453
723 2 2 92 3 469 590 197
724 2 2 92 3 198 590 486
725 2 2 92 3 584 597 586
726 2 2 92 3 453 588 537
727 2 2 92 3 486 590 493
728 2 2 92 3 7 593 128
729 2 2 92 3 3 592 104
730 2 2 92 3 537 591 536
731 2 2 92 3 536 591 163
732 2 2 92 3 126 592 3
733 2 2 92 3 125 593 7
734 2 2 92 3 493 589 432
735 2 2 92 3 432 589 88
736 2 2 92 3 104 592 586
737 2 2 92 3 128 593 587
738 2 2 92 3 586 592 434
739 2 2 92 3 587 593 436
740 2 2 92 3 584 595 214
741 2 2 92 3 585 594 18
742 2 2 92 3 434 595 584
743 2 2 92 3 436 594 585
744 2 2 92 3 88 589 87
745 2 2 92 3 163 591 164
746 2 2 92 3 54 588 53
747 2 2 92 3 197 590 198
748 2 2 92 3 609 612 533
749 2 2 92 3 480 612 609
750 2 2 92 3 614 627 504
751 2 2 92 3 455 627 614
752 2 2 92 3 607 630 507
753 2 2 92 3 419 634 600
754 2 2 92 3 600 634 535
755 2 2 92 3 451 630 607
756 2 2 92 3 610 620 529
757 2 2 92 3 459 620 610
758 2 2 92 3 124 594 436
759 2 2 92 3 127 595 434
760 2 2 92 3 433 597 532
761 2 2 92 3 545 622 447
762 2 2 92 3 491 623 425
763 2 2 92 3 574 624 440
764 2 2 92 3 528 628 452
765 2 2 92 3 519 626 463
766 2 2 92 3 496 625 464
767 2 2 92 3 521 627 455
768 2 2 92 3 581 629 576
769 2 2 92 3 484 620 459
770 2 2 92 3 511 598 418
771 2 2 92 3 583 622 517
772 2 2 92 3 523 629 448
773 2 2 92 3 500 598 498
774 2 2 92 3 499 599 424
775 2 2 92 3 562 602 444
776 2 2 92 3 460 618 551
777 2 2 92 3 426 604 525
778 2 2 92 3 467 606 549
779 2 2 92 3 515 603 428
780 2 2 92 3 473 608 539
781 2 2 92 3 529 620 450
782 2 2 92 3 550 612 480
783 2 2 92 3 546 601 416
784 2 2 92 3 541 611 478
785 2 2 92 3 487 605 461
786 2 2 92 3 579 613 578
787 2 2 92 3 458 615 565
788 2 2 92 3 540 619 443
789 2 2 92 3 538 621 524
790 2 2 92 3 568 603 471
791 2 2 92 3 419 600 526
792 2 2 92 3 459 610 505
793 2 2 92 3 451 607 492
794 2 2 92 3 455 614 494
795 2 2 92 3 438 617 530
796 2 2 92 3 430 616 534
797 2 2 92 3 480 609 514
798 2 2 92 3 577 616 430
799 2 2 92 3 563 617 438
800 2 2 92 3 428 603 568
801 2 2 92 3 522 608 473
802 2 2 92 3 510 604 426
803 2 2 92 3 470 599 499
804 2 2 92 3 471 603 515
805 2 2 92 3 468 601 546
806 2 2 92 3 472 613 579
807 2 2 92 3 418 598 500
808 2 2 92 3 442 621 538
809 2 2 92 3 417 605 487
810 2 2 92 3 457 619 540
811 2 2 92 3 526 600 477
812 2 2 92 3 505 610 479
813 2 2 92 3 492 607 475
814 2 2 92 3 494 614 429
815 2 2 92 3 514 609 446
816 2 2 92 3 534 616 454
817 2 2 92 3 530 617 456
818 2 2 92 3 613 631 578
819 2 2 92 3 621 632 524
820 2 2 92 3 571 632 621
821 2 2 92 3 566 631 613
822 2 2 92 3 416 601 512
823 2 2 92 3 444 602 506
824 2 2 92 3 461 605 481
825 2 2 92 3 424 599 497
826 2 2 92 3 463 626 554
827 2 2 92 3 464 625 556
828 2 2 92 3 441 632 572
829 2 2 92 3 466 635 560
830 2 2 92 3 462 634 552
831 2 2 92 3 465 633 558
832 2 2 92 3 476 630 516
833 2 2 92 3 469 636 482
834 2 2 92 3 431 636 485
835 2 2 92 3 422 633 502
836 2 2 92 3 423 635 503
837 2 2 92 3 498 598 511
838 2 2 92 3 450 620 484
839 2 2 92 3 447 622 583
840 2 2 92 3 576 629 523
841 2 2 92 3 474 624 574
842 2 2 92 3 421 625 496
843 2 2 92 3 420 626 519
844 2 2 92 3 439 627 521
845 2 2 92 3 448 629 581
846 2 2 92 3 501 628 528
847 2 2 92 3 517 622 545
848 2 2 92 3 488 623 491
849 2 2 92 3 578 631 435
850 2 2 92 3 507 630 476
851 2 2 92 3 524 632 441
852 2 2 92 3 558 633 422
853 2 2 92 3 552 634 419
854 2 2 92 3 560 635 423
855 2 2 92 3 485 636 469
856 2 2 92 3 475 607 507
857 2 2 92 3 446 609 533
858 2 2 92 3 477 600 535
859 2 2 92 3 429 614 504
860 2 2 92 3 550 618 612
861 2 2 92 3 541 615 611
862 2 2 92 3 615 619 565
863 2 2 92 3 604 611 525
864 2 2 92 3 562 606 602
865 2 2 92 3 612 618 460
866 2 2 92 3 611 615 458
867 2 2 92 3 443 619 615
868 2 2 92 3 478 611 604
869 2 2 92 3 602 606 467
870 2 2 92 3 506 602 467
871 2 2 92 3 571 621 442
872 2 2 92 3 512 601 468
873 2 2 92 3 566 613 472
874 2 2 92 3 481 605 417
875 2 2 92 3 533 612 460
876 2 2 92 3 497 599 470
877 2 2 92 3 554 626 420
878 2 2 92 3 556 625 421
879 2 2 92 3 504 627 439
880 2 2 92 3 572 632 571
881 2 2 92 3 567 631 566
882 2 2 92 3 482 636 431
883 2 2 92 3 502 633 465
884 2 2 92 3 503 635 466
885 2 2 92 3 516 630 451
886 2 2 92 3 535 634 462
887 2 2 92 3 606 623 549
888 2 2 92 3 608 624 539
889 2 2 92 3 618 628 551
890 2 2 92 3 425 623 606
891 2 2 92 3 440 624 608
892 2 2 92 3 452 628 618
893 2 2 92 3 434 592 126
894 2 2 92 3 436 593 125
895 2 2 92 3 456 617 563
896 2 2 92 3 454 616 577
897 2 2 92 3 479 610 529
898 2 2 92 3 478 604 510
899 2 2 92 3 565 619 457
900 2 2 92 3 443 615 541
901 2 2 92 3 440 608 522
902 2 2 92 3 452 618 550
903 2 2 92 3 525 611 458
904 2 2 92 3 425 606 562
905 2 2 92 3 549 623 488
906 2 2 92 3 539 624 474
907 2 2 92 3 551 628 501
908 2 2 92 3 435 631 596
909 2 2 92 3 596 631 567
910 2 2 92 3 586 597 433
911 2 2 92 3 532 597 584
912 2 2 92 3 587 596 567
913 2 2 92 3 435 596 585
914 2 2 93 4 646 660 669
915 2 2 93 4 650 661 668
916 2 2 93 4 646 645 660
917 2 2 93 4 650 649 661
918 2 2 93 4 661 643 668
919 2 2 93 4 660 644 669
920 2 2 93 4 648 663 667
921 2 2 93 4 652 662 666
922 2 2 93 4 657 654 665
923 2 2 93 4 637 648 667
924 2 2 93 4 638 652 666
925 2 2 93 4 647 657 665
926 2 2 93 4 663 648 669
927 2 2 93 4 662 652 668
928 2 2 93 4 107 106 645
929 2 2 93 4 219 218 649
930 2 2 93 4 641 651 659
931 2 2 93 4 640 647 658
932 2 2 93 4 110 109 639
933 2 2 93 4 111 110 653
934 2 2 93 4 638 111 653
935 2 2 93 4 222 221 642
936 2 2 93 4 223 222 656
937 2 2 93 4 637 223 656
938 2 2 93 4 637 656 657
939 2 2 93 4 638 653 655
940 2 2 93 4 640 646 647
941 2 2 93 4 641 650 651
942 2 2 93 4 653 654 655
943 2 2 93 4 108 107 640
944 2 2 93 4 220 219 641
945 2 2 93 4 220 641 659
946 2 2 93 4 653 639 654
947 2 2 93 4 108 640 658
948 2 2 93 4 639 109 658
949 2 2 93 4 110 639 653
950 2 2 93 4 112 111 638
951 2 2 93 4 116 115 644
952 2 2 93 4 216 215 643
953 2 2 93 4 642 221 659
954 2 2 93 4 222 642 656
955 2 2 93 4 224 223 637
956 2 2 93 4 221 220 659
957 2 2 93 4 651 650 652
958 2 2 93 4 109 108 658
959 2 2 93 4 647 646 648
960 2 2 93 4 640 107 645
961 2 2 93 4 641 219 649
962 2 2 93 4 640 645 646
963 2 2 93 4 641 649 650
964 2 2 93 4 654 657 674
965 2 2 93 4 648 637 675
966 2 2 93 4 652 638 676
967 2 2 93 4 657 647 675
968 2 2 93 4 117 116 660
969 2 2 93 4 217 216 661
970 2 2 93 4 116 644 660
971 2 2 93 4 216 643 661
972 2 2 93 4 114 113 662
973 2 2 93 4 226 225 663
974 2 2 93 4 658 647 665
975 2 2 93 4 654 639 665
976 2 2 93 4 224 637 667
977 2 2 93 4 112 638 666
978 2 2 93 4 106 1 670
979 2 2 93 4 218 9 671
980 2 2 93 4 1 117 670
981 2 2 93 4 9 217 671
982 2 2 93 4 656 642 674
983 2 2 93 4 642 659 677
984 2 2 93 4 215 4 672
985 2 2 93 4 115 5 673
986 2 2 93 4 4 114 672
987 2 2 93 4 5 226 673
988 2 2 93 4 662 113 666
989 2 2 93 4 663 225 667
990 2 2 93 4 642 664 674
991 2 2 93 4 664 642 677
992 2 2 93 4 648 646 669
993 2 2 93 4 652 650 668
994 2 2 93 4 117 660 670
995 2 2 93 4 217 661 671
996 2 2 93 4 655 654 664
997 2 2 93 4 225 224 667
998 2 2 93 4 113 112 666
999 2 2 93 4 639 658 665
1000 2 2 93 4 644 115 673
1001 2 2 93 4 643 215 672
1002 2 2 93 4 645 106 670
1003 2 2 93 4 649 218 671
1004 2 2 93 4 676 655 677
1005 2 2 93 4 638 655 676
1006 2 2 93 4 637 657 675
1007 2 2 93 4 659 651 677
1008 2 2 93 4 647 648 675
1009 2 2 93 4 651 652 676
1010 2 2 93 4 651 676 677
1011 2 2 93 4 657 656 674
1012 2 2 93 4 660 645 670
1013 2 2 93 4 661 649 671
1014 2 2 93 4 643 662 668
1015 2 2 93 4 644 663 669
1016 2 2 93 4 662 643 672
1017 2 2 93 4 663 644 673
1018 2 2 93 4 114 662 672
1019 2 2 93 4 226 663 673
1020 2 2 93 4 664 654 674
1021 2 2 93 4 655 664 677
1022 2 2 93 5 678 8 680
1023 2 2 93 5 105 4 683
1024 2 2 93 5 681 215 686
1025 2 2 93 5 678 680 682
1026 2 2 93 5 127 126 680
1027 2 2 93 5 3 105 682
1028 2 2 93 5 126 3 680
1029 2 2 93 5 227 678 679
1030 2 2 93 5 678 682 683
1031 2 2 93 5 231 230 685
1032 2 2 93 5 215 216 686
1033 2 2 93 5 230 229 686
1034 2 2 93 5 679 215 681
1035 2 2 93 5 216 217 685
1036 2 2 93 5 10 231 687
1037 2 2 93 5 215 679 684
1038 2 2 93 5 231 685 687
1039 2 2 93 5 685 230 686
1040 2 2 93 5 229 228 681
1041 2 2 93 5 678 683 684
1042 2 2 93 5 679 678 684
1043 2 2 93 5 680 3 682
1044 2 2 93 5 9 10 687
1045 2 2 93 5 217 9 687
1046 2 2 93 5 228 227 679
1047 2 2 93 5 685 217 687
1048 2 2 93 5 229 681 686
1049 2 2 93 5 216 685 686
1050 2 2 93 5 228 679 681
1051 2 2 93 5 8 127 680
1052 2 2 93 5 682 105 683
1053 2 2 93 5 227 8 678
1054 2 2 93 5 4 215 684
1055 2 2 93 5 683 4 684
1056 2 2 93 6 192 722 720
1057 2 2 93 6 721 723 150
1058 2 2 93 6 801 820 753
1059 2 2 93 6 699 876 819
1060 2 2 93 6 774 850 730
1061 2 2 93 6 773 774 772
1062 2 2 93 6 719 842 715
1063 2 2 93 6 703 708 159
1064 2 2 93 6 184 709 702
1065 2 2 93 6 777 846 698
1066 2 2 93 6 256 787 752
1067 2 2 93 6 800 811 692
1068 2 2 93 6 795 797 794
1069 2 2 93 6 770 845 246
1070 2 2 93 6 698 822 777
1071 2 2 93 6 799 811 800
1072 2 2 93 6 141 711 693
1073 2 2 93 6 690 710 201
1074 2 2 93 6 246 853 770
1075 2 2 93 6 737 815 752
1076 2 2 93 6 730 857 774
1077 2 2 93 6 741 860 768
1078 2 2 93 6 708 712 156
1079 2 2 93 6 186 713 709
1080 2 2 93 6 751 863 797
1081 2 2 93 6 841 870 758
1082 2 2 93 6 710 714 199
1083 2 2 93 6 144 715 711
1084 2 2 93 6 768 860 242
1085 2 2 93 6 247 864 248
1086 2 2 93 6 254 870 841
1087 2 2 93 6 187 716 713
1088 2 2 93 6 712 717 154
1089 2 2 93 6 819 876 820
1090 2 2 93 6 146 719 715
1091 2 2 93 6 714 718 197
1092 2 2 93 6 744 839 710
1093 2 2 93 6 189 720 716
1094 2 2 93 6 717 721 152
1095 2 2 93 6 718 722 195
1096 2 2 93 6 148 723 719
1097 2 2 93 6 742 797 795
1098 2 2 93 6 739 793 749
1099 2 2 93 6 751 797 742
1100 2 2 93 6 788 789 243
1101 2 2 93 6 768 791 727
1102 2 2 93 6 840 845 770
1103 2 2 93 6 810 847 691
1104 2 2 93 6 242 791 768
1105 2 2 93 6 752 815 751
1106 2 2 93 6 826 860 750
1107 2 2 93 6 779 811 799
1108 2 2 93 6 780 806 762
1109 2 2 93 6 701 782 778
1110 2 2 93 6 776 876 847
1111 2 2 93 6 754 776 767
1112 2 2 93 6 766 777 760
1113 2 2 93 6 11 845 233
1114 2 2 93 6 776 847 767
1115 2 2 93 6 766 846 777
1116 2 2 93 6 824 825 8
1117 2 2 93 6 822 823 777
1118 2 2 93 6 726 736 724
1119 2 2 93 6 239 856 13
1120 2 2 93 6 246 845 11
1121 2 2 93 6 778 805 701
1122 2 2 93 6 256 790 787
1123 2 2 93 6 711 842 745
1124 2 2 93 6 13 856 253
1125 2 2 93 6 839 869 714
1126 2 2 93 6 118 802 6
1127 2 2 93 6 254 841 255
1128 2 2 93 6 249 773 772
1129 2 2 93 6 239 13 238
1130 2 2 93 6 234 11 233
1131 2 2 93 6 725 768 727
1132 2 2 93 6 793 866 749
1133 2 2 93 6 783 875 120
1134 2 2 93 6 692 831 800
1135 2 2 93 6 8 825 214
1136 2 2 93 6 256 765 257
1137 2 2 93 6 707 759 227
1138 2 2 93 6 122 753 706
1139 2 2 93 6 252 768 725
1140 2 2 93 6 248 734 249
1141 2 2 93 6 250 732 251
1142 2 2 93 6 773 861 775
1143 2 2 93 6 838 871 245
1144 2 2 93 6 229 873 784
1145 2 2 93 6 814 815 703
1146 2 2 93 6 701 798 782
1147 2 2 93 6 782 798 697
1148 2 2 93 6 753 754 706
1149 2 2 93 6 707 760 759
1150 2 2 93 6 742 861 734
1151 2 2 93 6 705 820 801
1152 2 2 93 6 762 766 760
1153 2 2 93 6 754 767 756
1154 2 2 93 6 129 801 128
1155 2 2 93 6 759 824 227
1156 2 2 93 6 813 863 694
1157 2 2 93 6 764 871 838
1158 2 2 93 6 243 860 826
1159 2 2 93 6 781 848 731
1160 2 2 93 6 250 771 732
1161 2 2 93 6 734 773 249
1162 2 2 93 6 767 810 779
1163 2 2 93 6 753 776 754
1164 2 2 93 6 760 777 759
1165 2 2 93 6 237 781 236
1166 2 2 93 6 244 838 245
1167 2 2 93 6 231 770 230
1168 2 2 93 6 785 842 719
1169 2 2 93 6 806 807 688
1170 2 2 93 6 820 876 776
1171 2 2 93 6 6 802 240
1172 2 2 93 6 774 857 772
1173 2 2 93 6 871 873 853
1174 2 2 93 6 243 826 788
1175 2 2 93 6 121 783 120
1176 2 2 93 6 229 784 228
1177 2 2 93 6 731 835 726
1178 2 2 93 6 122 706 121
1179 2 2 93 6 228 707 227
1180 2 2 93 6 703 815 737
1181 2 2 93 6 119 769 118
1182 2 2 93 6 128 123 7
1183 2 2 93 6 763 873 871
1184 2 2 93 6 695 843 834
1185 2 2 93 6 120 748 119
1186 2 2 93 6 230 747 229
1187 2 2 93 6 230 770 747
1188 2 2 93 6 734 861 773
1189 2 2 93 6 800 836 693
1190 2 2 93 6 697 793 782
1191 2 2 93 6 10 840 231
1192 2 2 93 6 782 793 739
1193 2 2 93 6 853 873 747
1194 2 2 93 6 771 778 732
1195 2 2 93 6 795 861 742
1196 2 2 93 6 854 875 870
1197 2 2 93 6 237 849 781
1198 2 2 93 6 732 877 733
1199 2 2 93 6 767 847 810
1200 2 2 93 6 870 875 757
1201 2 2 93 6 248 864 735
1202 2 2 93 6 249 772 250
1203 2 2 93 6 786 869 839
1204 2 2 93 6 826 834 738
1205 2 2 93 6 735 742 734
1206 2 2 93 6 764 780 762
1207 2 2 93 6 781 849 848
1208 2 2 93 6 778 859 805
1209 2 2 93 6 767 779 756
1210 2 2 93 6 242 860 243
1211 2 2 93 6 743 751 742
1212 2 2 93 6 739 749 740
1213 2 2 93 6 255 842 785
1214 2 2 93 6 775 795 700
1215 2 2 93 6 688 874 806
1216 2 2 93 6 786 839 244
1217 2 2 93 6 700 803 775
1218 2 2 93 6 745 800 693
1219 2 2 93 6 705 801 129
1220 2 2 93 6 728 868 775
1221 2 2 93 6 253 854 254
1222 2 2 93 6 748 875 854
1223 2 2 93 6 740 860 741
1224 2 2 93 6 775 803 728
1225 2 2 93 6 704 824 823
1226 2 2 93 6 245 853 246
1227 2 2 93 6 733 877 739
1228 2 2 93 6 704 825 824
1229 2 2 93 6 736 864 247
1230 2 2 93 6 252 851 768
1231 2 2 93 6 241 791 242
1232 2 2 93 6 756 779 758
1233 2 2 93 6 234 855 11
1234 2 2 93 6 772 857 771
1235 2 2 93 6 120 875 748
1236 2 2 93 6 799 800 745
1237 2 2 93 6 232 840 10
1238 2 2 93 6 250 772 771
1239 2 2 93 6 706 783 121
1240 2 2 93 6 747 873 229
1241 2 2 93 6 799 841 758
1242 2 2 93 6 736 835 765
1243 2 2 93 6 834 843 702
1244 2 2 93 6 769 802 118
1245 2 2 93 6 732 733 251
1246 2 2 93 6 248 735 734
1247 2 2 93 6 694 863 815
1248 2 2 93 6 253 865 854
1249 2 2 93 6 810 811 779
1250 2 2 93 6 238 862 237
1251 2 2 93 6 731 848 835
1252 2 2 93 6 165 696 164
1253 2 2 93 6 178 697 177
1254 2 2 93 6 834 852 695
1255 2 2 93 6 750 860 740
1256 2 2 93 6 13 862 238
1257 2 2 93 6 796 863 813
1258 2 2 93 6 726 835 736
1259 2 2 93 6 228 784 707
1260 2 2 93 6 765 864 736
1261 2 2 93 6 753 820 776
1262 2 2 93 6 817 828 780
1263 2 2 93 6 166 794 165
1264 2 2 93 6 177 798 176
1265 2 2 93 6 179 792 178
1266 2 2 93 6 164 796 163
1267 2 2 93 6 237 862 849
1268 2 2 93 6 167 700 166
1269 2 2 93 6 176 701 175
1270 2 2 93 6 833 855 235
1271 2 2 93 6 754 756 755
1272 2 2 93 6 761 762 760
1273 2 2 93 6 128 801 123
1274 2 2 93 6 11 855 241
1275 2 2 93 6 175 805 174
1276 2 2 93 6 168 803 167
1277 2 2 93 6 773 868 774
1278 2 2 93 6 235 858 833
1279 2 2 93 6 163 813 162
1280 2 2 93 6 180 816 179
1281 2 2 93 6 257 848 258
1282 2 2 93 6 777 823 759
1283 2 2 93 6 173 804 172
1284 2 2 93 6 172 730 171
1285 2 2 93 6 169 728 168
1286 2 2 93 6 174 729 173
1287 2 2 93 6 134 808 133
1288 2 2 93 6 209 812 208
1289 2 2 93 6 749 834 750
1290 2 2 93 6 135 691 134
1291 2 2 93 6 208 688 207
1292 2 2 93 6 727 791 746
1293 2 2 93 6 708 787 712
1294 2 2 93 6 162 694 161
1295 2 2 93 6 181 695 180
1296 2 2 93 6 170 844 169
1297 2 2 93 6 133 818 132
1298 2 2 93 6 210 821 209
1299 2 2 93 6 703 737 708
1300 2 2 93 6 709 738 702
1301 2 2 93 6 779 799 758
1302 2 2 93 6 233 845 232
1303 2 2 93 6 744 837 817
1304 2 2 93 6 235 855 234
1305 2 2 93 6 171 850 170
1306 2 2 93 6 136 809 135
1307 2 2 93 6 746 781 731
1308 2 2 93 6 236 858 235
1309 2 2 93 6 211 698 210
1310 2 2 93 6 132 699 131
1311 2 2 93 6 212 822 211
1312 2 2 93 6 131 819 130
1313 2 2 93 6 207 807 206
1314 2 2 93 6 213 704 212
1315 2 2 93 6 130 705 129
1316 2 2 93 6 771 859 778
1317 2 2 93 6 12 724 247
1318 2 2 93 6 711 745 693
1319 2 2 93 6 690 744 710
1320 2 2 93 6 714 869 718
1321 2 2 93 6 754 755 706
1322 2 2 93 6 707 761 760
1323 2 2 93 6 750 834 826
1324 2 2 93 6 240 856 239
1325 2 2 93 6 137 830 136
1326 2 2 93 6 755 875 783
1327 2 2 93 6 770 853 747
1328 2 2 93 6 784 873 761
1329 2 2 93 6 206 832 205
1330 2 2 93 6 764 838 817
1331 2 2 93 6 727 746 731
1332 2 2 93 6 806 827 807
1333 2 2 93 6 797 863 796
1334 2 2 93 6 231 840 770
1335 2 2 93 6 241 833 791
1336 2 2 93 6 138 692 137
1337 2 2 93 6 205 689 204
1338 2 2 93 6 817 837 828
1339 2 2 93 6 165 794 696
1340 2 2 93 6 697 798 177
1341 2 2 93 6 713 788 709
1342 2 2 93 6 748 769 119
1343 2 2 93 6 178 792 697
1344 2 2 93 6 696 796 164
1345 2 2 93 6 756 758 757
1346 2 2 93 6 763 764 762
1347 2 2 93 6 704 823 822
1348 2 2 93 6 182 843 181
1349 2 2 93 6 161 814 160
1350 2 2 93 6 755 783 706
1351 2 2 93 6 735 743 742
1352 2 2 93 6 739 740 733
1353 2 2 93 6 214 825 213
1354 2 2 93 6 838 839 744
1355 2 2 93 6 204 829 203
1356 2 2 93 6 806 874 766
1357 2 2 93 6 775 868 773
1358 2 2 93 6 856 865 253
1359 2 2 93 6 791 833 746
1360 2 2 93 6 139 831 138
1361 2 2 93 6 258 862 13
1362 2 2 93 6 707 784 761
1363 2 2 93 6 700 794 166
1364 2 2 93 6 176 798 701
1365 2 2 93 6 720 789 716
1366 2 2 93 6 717 790 721
1367 2 2 93 6 718 786 722
1368 2 2 93 6 723 785 719
1369 2 2 93 6 781 858 236
1370 2 2 93 6 823 824 759
1371 2 2 93 6 746 858 781
1372 2 2 93 6 796 813 163
1373 2 2 93 6 179 816 792
1374 2 2 93 6 809 811 810
1375 2 2 93 6 251 851 252
1376 2 2 93 6 764 817 780
1377 2 2 93 6 695 852 816
1378 2 2 93 6 835 848 257
1379 2 2 93 6 167 803 700
1380 2 2 93 6 701 805 175
1381 2 2 93 6 811 830 692
1382 2 2 93 6 728 803 168
1383 2 2 93 6 174 805 729
1384 2 2 93 6 782 877 778
1385 2 2 93 6 727 731 726
1386 2 2 93 6 172 804 730
1387 2 2 93 6 729 804 173
1388 2 2 93 6 203 872 202
1389 2 2 93 6 169 844 728
1390 2 2 93 6 775 861 795
1391 2 2 93 6 738 834 702
1392 2 2 93 6 140 836 139
1393 2 2 93 6 740 741 733
1394 2 2 93 6 828 829 689
1395 2 2 93 6 162 813 694
1396 2 2 93 6 695 816 180
1397 2 2 93 6 691 808 134
1398 2 2 93 6 208 812 688
1399 2 2 93 6 730 850 171
1400 2 2 93 6 802 865 856
1401 2 2 93 6 809 830 811
1402 2 2 93 6 170 850 844
1403 2 2 93 6 780 828 827
1404 2 2 93 6 700 795 794
1405 2 2 93 6 808 818 133
1406 2 2 93 6 209 821 812
1407 2 2 93 6 160 703 159
1408 2 2 93 6 183 702 182
1409 2 2 93 6 827 828 689
1410 2 2 93 6 769 865 802
1411 2 2 93 6 792 793 697
1412 2 2 93 6 696 797 796
1413 2 2 93 6 757 875 755
1414 2 2 93 6 745 841 799
1415 2 2 93 6 768 851 741
1416 2 2 93 6 135 809 691
1417 2 2 93 6 743 752 751
1418 2 2 93 6 749 750 740
1419 2 2 93 6 745 842 841
1420 2 2 93 6 802 856 240
1421 2 2 93 6 761 873 763
1422 2 2 93 6 688 807 207
1423 2 2 93 6 778 877 732
1424 2 2 93 6 819 820 705
1425 2 2 93 6 725 727 726
1426 2 2 93 6 132 818 699
1427 2 2 93 6 698 821 210
1428 2 2 93 6 821 846 812
1429 2 2 93 6 808 847 818
1430 2 2 93 6 756 757 755
1431 2 2 93 6 761 763 762
1432 2 2 93 6 12 725 724
1433 2 2 93 6 724 736 247
1434 2 2 93 6 833 858 746
1435 2 2 93 6 749 866 852
1436 2 2 93 6 748 854 769
1437 2 2 93 6 202 690 201
1438 2 2 93 6 141 693 140
1439 2 2 93 6 743 864 765
1440 2 2 93 6 765 835 257
1441 2 2 93 6 817 838 744
1442 2 2 93 6 211 822 698
1443 2 2 93 6 699 819 131
1444 2 2 93 6 130 819 705
1445 2 2 93 6 704 822 212
1446 2 2 93 6 780 827 806
1447 2 2 93 6 827 832 807
1448 2 2 93 6 136 830 809
1449 2 2 93 6 158 708 157
1450 2 2 93 6 185 709 184
1451 2 2 93 6 232 845 840
1452 2 2 93 6 809 810 691
1453 2 2 93 6 807 832 206
1454 2 2 93 6 143 711 142
1455 2 2 93 6 200 710 199
1456 2 2 93 6 804 857 730
1457 2 2 93 6 725 726 724
1458 2 2 93 6 241 855 833
1459 2 2 93 6 156 712 155
1460 2 2 93 6 187 713 186
1461 2 2 93 6 198 714 197
1462 2 2 93 6 145 715 144
1463 2 2 93 6 181 843 695
1464 2 2 93 6 694 814 161
1465 2 2 93 6 743 765 752
1466 2 2 93 6 189 716 188
1467 2 2 93 6 154 717 153
1468 2 2 93 6 196 718 195
1469 2 2 93 6 147 719 146
1470 2 2 93 6 194 722 193
1471 2 2 93 6 149 723 148
1472 2 2 93 6 191 720 190
1473 2 2 93 6 152 721 151
1474 2 2 93 6 689 832 827
1475 2 2 93 6 848 849 258
1476 2 2 93 6 815 863 751
1477 2 2 93 6 690 837 744
1478 2 2 93 6 741 851 733
1479 2 2 93 6 692 830 137
1480 2 2 93 6 205 832 689
1481 2 2 93 6 213 825 704
1482 2 2 93 6 758 870 757
1483 2 2 93 6 763 871 764
1484 2 2 93 6 857 867 771
1485 2 2 93 6 805 859 729
1486 2 2 93 6 689 829 204
1487 2 2 93 6 828 837 829
1488 2 2 93 6 849 862 258
1489 2 2 93 6 138 831 692
1490 2 2 93 6 733 851 251
1491 2 2 93 6 694 815 814
1492 2 2 93 6 749 852 834
1493 2 2 93 6 766 874 846
1494 2 2 93 6 737 787 708
1495 2 2 93 6 837 872 829
1496 2 2 93 6 739 877 782
1497 2 2 93 6 852 866 816
1498 2 2 93 6 854 865 769
1499 2 2 93 6 829 872 203
1500 2 2 93 6 245 871 853
1501 2 2 93 6 709 788 738
1502 2 2 93 6 139 836 831
1503 2 2 93 6 160 814 703
1504 2 2 93 6 702 843 182
1505 2 2 93 6 841 842 255
1506 2 2 93 6 844 868 728
1507 2 2 93 6 729 867 804
1508 2 2 93 6 718 869 786
1509 2 2 93 6 831 836 800
1510 2 2 93 6 816 866 792
1511 2 2 93 6 788 826 738
1512 2 2 93 6 854 870 254
1513 2 2 93 6 847 876 818
1514 2 2 93 6 844 850 774
1515 2 2 93 6 804 867 857
1516 2 2 93 6 846 874 812
1517 2 2 93 6 735 864 743
1518 2 2 93 6 812 874 688
1519 2 2 93 6 690 872 837
1520 2 2 93 6 792 866 793
1521 2 2 93 6 818 876 699
1522 2 2 93 6 859 867 729
1523 2 2 93 6 202 872 690
1524 2 2 93 6 693 836 140
1525 2 2 93 6 771 867 859
1526 2 2 93 6 244 839 838
1527 2 2 93 6 774 868 844
1528 2 2 93 6 227 824 8
1529 2 2 93 6 252 725 12
1530 2 2 93 6 123 801 122
1531 2 2 93 6 122 801 753
1532 2 2 93 6 142 711 141
1533 2 2 93 6 144 711 143
1534 2 2 93 6 146 715 145
1535 2 2 93 6 148 719 147
1536 2 2 93 6 150 723 149
1537 2 2 93 6 151 721 150
1538 2 2 93 6 153 717 152
1539 2 2 93 6 155 712 154
1540 2 2 93 6 157 708 156
1541 2 2 93 6 159 708 158
1542 2 2 93 6 184 702 183
1543 2 2 93 6 186 709 185
1544 2 2 93 6 188 716 187
1545 2 2 93 6 190 720 189
1546 2 2 93 6 192 720 191
1547 2 2 93 6 193 722 192
1548 2 2 93 6 195 722 194
1549 2 2 93 6 197 718 196
1550 2 2 93 6 199 714 198
1551 2 2 93 6 201 710 200
1552 2 2 93 6 243 786 244
1553 2 2 93 6 243 789 786
1554 2 2 93 6 255 785 256
1555 2 2 93 6 752 765 256
1556 2 2 93 6 785 790 256
1557 2 2 93 6 691 847 808
1558 2 2 93 6 794 797 696
1559 2 2 93 6 698 846 821
1560 2 2 93 6 710 839 714
1561 2 2 93 6 715 842 711
1562 2 2 93 6 712 787 717
1563 2 2 93 6 716 789 713
1564 2 2 93 6 713 789 788
1565 2 2 93 6 787 790 717
1566 2 2 93 6 722 786 720
1567 2 2 93 6 786 789 720
1568 2 2 93 6 721 785 723
1569 2 2 93 6 721 790 785
1570 2 2 93 6 752 787 737
1571 2 2 93 6 762 806 766
1572 2 2 93 7 218 219 878
1573 2 2 93 7 233 232 878
1574 2 2 93 7 5 6 883
1575 2 2 93 7 237 881 885
1576 2 2 93 7 236 235 880
1577 2 2 93 7 9 218 886
1578 2 2 93 7 232 10 886
1579 2 2 93 7 221 222 880
1580 2 2 93 7 236 222 881
1581 2 2 93 7 881 223 885
1582 2 2 93 7 224 225 879
1583 2 2 93 7 225 226 882
1584 2 2 93 7 225 239 879
1585 2 2 93 7 239 225 882
1586 2 2 93 7 239 238 879
1587 2 2 93 7 240 239 882
1588 2 2 93 7 219 220 884
1589 2 2 93 7 219 233 878
1590 2 2 93 7 233 219 884
1591 2 2 93 7 884 220 887
1592 2 2 93 7 234 233 884
1593 2 2 93 7 234 884 887
1594 2 2 93 7 237 236 881
1595 2 2 93 7 10 9 886
1596 2 2 93 7 232 218 878
1597 2 2 93 7 218 232 886
1598 2 2 93 7 222 223 881
1599 2 2 93 7 222 236 880
1600 2 2 93 7 226 5 883
1601 2 2 93 7 6 240 883
1602 2 2 93 7 223 224 885
1603 2 2 93 7 238 237 885
1604 2 2 93 7 220 221 887
1605 2 2 93 7 221 880 887
1606 2 2 93 7 235 234 887
1607 2 2 93 7 880 235 887
1608 2 2 93 7 879 238 885
1609 2 2 93 7 224 879 885
1610 2 2 93 7 240 882 883
1611 2 2 93 7 882 226 883
1612 2 2 93 8 14 264 888
1613 2 2 93 8 246 11 888
1614 2 2 93 8 264 246 888
1615 2 2 93 8 14 11 259
1616 2 2 93 8 11 241 259
1617 2 2 93 8 241 242 260
1618 2 2 93 8 259 241 260
1619 2 2 93 8 242 243 260
1620 2 2 93 8 243 244 261
1621 2 2 93 8 260 243 261
1622 2 2 93 8 262 244 245
1623 2 2 93 8 261 244 262
1624 2 2 93 8 245 246 263
1625 2 2 93 8 262 245 263
1626 2 2 93 8 263 246 264
1627 2 2 93 8 11 14 888
1628 2 2 93 9 15 270 889
1629 2 2 93 9 252 12 889
1630 2 2 93 9 270 252 889
1631 2 2 93 9 12 247 15
1632 2 2 93 9 15 247 265
1633 2 2 93 9 247 248 265
1634 2 2 93 9 248 249 266
1635 2 2 93 9 265 248 266
1636 2 2 93 9 249 250 267
1637 2 2 93 9 266 249 267
1638 2 2 93 9 250 251 268
1639 2 2 93 9 267 250 268
1640 2 2 93 9 251 252 270
1641 2 2 93 9 268 251 269
1642 2 2 93 9 269 251 270
1643 2 2 93 9 12 15 889
1644 2 2 93 10 324 13 325
1645 2 2 93 10 325 13 326
1646 2 2 93 10 326 13 327
1647 2 2 93 10 258 13 324
1648 2 2 93 10 257 316 315
1649 2 2 93 10 282 254 283
1650 2 2 93 10 254 291 290
1651 2 2 93 10 307 257 308
1652 2 2 93 10 274 253 275
1653 2 2 93 10 258 324 323
1654 2 2 93 10 255 299 298
1655 2 2 93 10 299 256 300
1656 2 2 93 10 13 274 273
1657 2 2 93 10 256 307 306
1658 2 2 93 10 291 255 292
1659 2 2 93 10 253 282 281
1660 2 2 93 10 316 258 317
1661 2 2 93 10 283 254 284
1662 2 2 93 10 257 315 314
1663 2 2 93 10 254 290 289
1664 2 2 93 10 308 257 309
1665 2 2 93 10 275 253 276
1666 2 2 93 10 258 323 322
1667 2 2 93 10 255 298 297
1668 2 2 93 10 300 256 301
1669 2 2 93 10 13 273 272
1670 2 2 93 10 256 306 305
1671 2 2 93 10 292 255 293
1672 2 2 93 10 253 281 280
1673 2 2 93 10 317 258 318
1674 2 2 93 10 257 314 313
1675 2 2 93 10 284 254 285
1676 2 2 93 10 254 289 288
1677 2 2 93 10 309 257 310
1678 2 2 93 10 258 322 321
1679 2 2 93 10 276 253 277
1680 2 2 93 10 255 256 299
1681 2 2 93 10 13 253 274
1682 2 2 93 10 254 255 291
1683 2 2 93 10 256 257 307
1684 2 2 93 10 253 254 282
1685 2 2 93 10 257 258 316
1686 2 2 93 10 255 297 296
1687 2 2 93 10 301 256 302
1688 2 2 93 10 13 272 271
1689 2 2 93 10 256 305 304
1690 2 2 93 10 293 255 294
1691 2 2 93 10 253 280 279
1692 2 2 93 10 318 258 319
1693 2 2 93 10 257 313 312
1694 2 2 93 10 285 254 286
1695 2 2 93 10 254 288 287
1696 2 2 93 10 310 257 311
1697 2 2 93 10 258 321 320
1698 2 2 93 10 277 253 278
1699 2 2 93 10 286 254 287
1700 2 2 93 10 311 257 312
1701 2 2 93 10 255 296 295
1702 2 2 93 10 302 256 303
1703 2 2 93 10 319 258 320
1704 2 2 93 10 278 253 279
1705 2 2 93 10 294 255 295
1706 2 2 93 10 303 256 304
1707 2 2 93 10 16 13 271
1708 2 2 93 10 327 13 16
1709 2 2 1 11 262 890 261
1710 2 2 1 11 263 890 262
1711 2 2 1 11 261 890 260
1712 2 2 1 11 264 890 263
1713 2 2 1 11 260 890 259
1714 2 2 1 11 14 890 264
1715 2 2 1 11 259 890 14
1716 2 2 93 12 267 891 266
1717 2 2 93 12 266 891 265
1718 2 2 93 12 265 891 15
1719 2 2 93 12 268 891 267
1720 2 2 93 12 15 891 270
1721 2 2 93 12 269 891 268
1722 2 2 93 12 270 891 269
1723 2 2 1 13 1030 1165 1133
1724 2 2 2 13 1030 1165 1133
1725 2 2 1 13 1043 1153 1017
1726 2 2 2 13 1043 1153 1017
1727 2 2 1 13 1133 1165 916
1728 2 2 2 13 1133 1165 916
1729 2 2 1 13 1032 1157 1155
1730 2 2 2 13 1032 1157 1155
1731 2 2 1 13 273 1141 272
1732 2 2 2 13 273 1141 272
1733 2 2 1 13 899 1038 1036
1734 2 2 2 13 899 1038 1036
1735 2 2 1 13 1043 1094 895
1736 2 2 2 13 1043 1094 895
1737 2 2 1 13 913 1150 1091
1738 2 2 2 13 913 1150 1091
1739 2 2 1 13 895 1153 1043
1740 2 2 2 13 895 1153 1043
1741 2 2 1 13 905 1077 1039
1742 2 2 2 13 905 1077 1039
1743 2 2 1 13 1094 1095 895
1744 2 2 2 13 1094 1095 895
1745 2 2 1 13 893 1131 1040
1746 2 2 2 13 893 1131 1040
1747 2 2 1 13 323 1130 322
1748 2 2 2 13 323 1130 322
1749 2 2 1 13 1155 1157 898
1750 2 2 2 13 1155 1157 898
1751 2 2 1 13 1036 1133 899
1752 2 2 2 13 1036 1133 899
1753 2 2 1 13 325 1142 324
1754 2 2 2 13 325 1142 324
1755 2 2 1 13 1067 1164 1143
1756 2 2 2 13 1067 1164 1143
1757 2 2 1 13 291 1129 290
1758 2 2 2 13 291 1129 290
1759 2 2 1 13 1017 1153 1151
1760 2 2 2 13 1017 1153 1151
1761 2 2 1 13 1141 1170 1033
1762 2 2 2 13 1141 1170 1033
1763 2 2 1 13 1093 1095 1094
1764 2 2 2 13 1093 1095 1094
1765 2 2 1 13 905 1130 323
1766 2 2 2 13 905 1130 323
1767 2 2 1 13 1150 1169 1091
1768 2 2 2 13 1150 1169 1091
1769 2 2 1 13 272 1141 912
1770 2 2 2 13 272 1141 912
1771 2 2 1 13 901 1141 273
1772 2 2 2 13 901 1141 273
1773 2 2 1 13 1143 1164 908
1774 2 2 2 13 1143 1164 908
1775 2 2 1 13 1157 1173 898
1776 2 2 2 13 1157 1173 898
1777 2 2 1 13 893 1161 1131
1778 2 2 2 13 893 1161 1131
1779 2 2 1 13 898 1173 1146
1780 2 2 2 13 898 1173 1146
1781 2 2 1 13 907 1050 1042
1782 2 2 2 13 907 1050 1042
1783 2 2 1 13 1091 1160 913
1784 2 2 2 13 1091 1160 913
1785 2 2 1 13 905 1142 1077
1786 2 2 2 13 905 1142 1077
1787 2 2 1 13 1047 1177 897
1788 2 2 2 13 1047 1177 897
1789 2 2 1 13 1154 1158 1127
1790 2 2 2 13 1154 1158 1127
1791 2 2 1 13 897 1159 1047
1792 2 2 2 13 897 1159 1047
1793 2 2 1 13 1093 1162 1095
1794 2 2 2 13 1093 1162 1095
1795 2 2 1 13 896 1147 1086
1796 2 2 2 13 896 1147 1086
1797 2 2 1 13 1151 1156 1017
1798 2 2 2 13 1151 1156 1017
1799 2 2 1 13 901 1170 1141
1800 2 2 2 13 901 1170 1141
1801 2 2 1 13 918 1166 919
1802 2 2 2 13 918 1166 919
1803 2 2 1 13 1039 1130 905
1804 2 2 2 13 1039 1130 905
1805 2 2 1 13 899 1145 1038
1806 2 2 2 13 899 1145 1038
1807 2 2 1 13 897 1129 291
1808 2 2 2 13 897 1129 291
1809 2 2 1 13 1134 1136 909
1810 2 2 2 13 1134 1136 909
1811 2 2 1 13 1040 1134 893
1812 2 2 2 13 1040 1134 893
1813 2 2 1 13 1042 1128 907
1814 2 2 2 13 1042 1128 907
1815 2 2 1 13 1030 1133 1036
1816 2 2 2 13 1030 1133 1036
1817 2 2 1 13 1130 1155 322
1818 2 2 2 13 1130 1155 322
1819 2 2 1 13 1044 1114 906
1820 2 2 2 13 1044 1114 906
1821 2 2 1 13 1168 1179 1144
1822 2 2 2 13 1168 1179 1144
1823 2 2 1 13 909 1142 325
1824 2 2 2 13 909 1142 325
1825 2 2 1 13 324 1142 905
1826 2 2 2 13 324 1142 905
1827 2 2 1 13 1147 1160 1086
1828 2 2 2 13 1147 1160 1086
1829 2 2 1 13 1016 1158 1128
1830 2 2 2 13 1016 1158 1128
1831 2 2 1 13 1179 1183 900
1832 2 2 2 13 1179 1183 900
1833 2 2 1 13 909 1167 1134
1834 2 2 2 13 909 1167 1134
1835 2 2 1 13 1111 1141 1033
1836 2 2 2 13 1111 1141 1033
1837 2 2 1 13 900 1183 1149
1838 2 2 2 13 900 1183 1149
1839 2 2 1 13 914 1166 918
1840 2 2 2 13 914 1166 918
1841 2 2 1 13 1038 1145 1114
1842 2 2 2 13 1038 1145 1114
1843 2 2 1 13 1144 1179 900
1844 2 2 2 13 1144 1179 900
1845 2 2 1 13 1111 1131 912
1846 2 2 2 13 1111 1131 912
1847 2 2 1 13 895 1095 313
1848 2 2 2 13 895 1095 313
1849 2 2 1 13 313 1095 312
1850 2 2 2 13 313 1095 312
1851 2 2 1 13 917 1158 1154
1852 2 2 2 13 917 1158 1154
1853 2 2 1 13 1077 1142 1136
1854 2 2 2 13 1077 1142 1136
1855 2 2 1 13 1032 1155 1130
1856 2 2 2 13 1032 1155 1130
1857 2 2 1 13 1016 1128 1042
1858 2 2 2 13 1016 1128 1042
1859 2 2 1 13 1136 1142 909
1860 2 2 2 13 1136 1142 909
1861 2 2 1 13 894 1127 1067
1862 2 2 2 13 894 1127 1067
1863 2 2 1 13 1108 1140 911
1864 2 2 2 13 1108 1140 911
1865 2 2 1 13 1018 1156 1140
1866 2 2 2 13 1018 1156 1140
1867 2 2 1 13 1128 1158 917
1868 2 2 2 13 1128 1158 917
1869 2 2 1 13 910 1137 1132
1870 2 2 2 13 910 1137 1132
1871 2 2 1 13 912 1141 1111
1872 2 2 2 13 912 1141 1111
1873 2 2 1 13 1034 1047 1046
1874 2 2 2 13 1034 1047 1046
1875 2 2 1 13 993 1046 924
1876 2 2 2 13 993 1046 924
1877 2 2 1 13 1034 1046 993
1878 2 2 2 13 1034 1046 993
1879 2 2 1 13 924 1046 921
1880 2 2 2 13 924 1046 921
1881 2 2 1 13 894 1154 1127
1882 2 2 2 13 894 1154 1127
1883 2 2 1 13 902 1162 1093
1884 2 2 2 13 902 1162 1093
1885 2 2 1 13 1045 1048 1007
1886 2 2 2 13 1045 1048 1007
1887 2 2 1 13 958 1048 1045
1888 2 2 2 13 958 1048 1045
1889 2 2 1 13 1007 1048 1027
1890 2 2 2 13 1007 1048 1027
1891 2 2 1 13 1045 1056 958
1892 2 2 2 13 1045 1056 958
1893 2 2 1 13 958 1056 923
1894 2 2 2 13 958 1056 923
1895 2 2 1 13 1056 1119 928
1896 2 2 2 13 1056 1119 928
1897 2 2 1 13 1042 1050 1049
1898 2 2 2 13 1042 1050 1049
1899 2 2 1 13 1042 1049 1020
1900 2 2 2 13 1042 1049 1020
1901 2 2 1 13 1045 1119 1056
1902 2 2 2 13 1045 1119 1056
1903 2 2 1 13 1049 1054 1020
1904 2 2 2 13 1049 1054 1020
1905 2 2 1 13 1053 1054 996
1906 2 2 2 13 1053 1054 996
1907 2 2 1 13 1053 1125 1054
1908 2 2 2 13 1053 1125 1054
1909 2 2 1 13 925 1056 928
1910 2 2 2 13 925 1056 928
1911 2 2 1 13 1051 1053 996
1912 2 2 2 13 1051 1053 996
1913 2 2 1 13 1054 1125 1020
1914 2 2 2 13 1054 1125 1020
1915 2 2 1 13 930 1051 927
1916 2 2 2 13 930 1051 927
1917 2 2 1 13 930 1052 1051
1918 2 2 2 13 930 1052 1051
1919 2 2 1 13 927 1051 926
1920 2 2 2 13 927 1051 926
1921 2 2 1 13 997 1054 1049
1922 2 2 2 13 997 1054 1049
1923 2 2 1 13 996 1054 997
1924 2 2 2 13 996 1054 997
1925 2 2 1 13 991 1125 1124
1926 2 2 2 13 991 1125 1124
1927 2 2 1 13 1052 1053 1051
1928 2 2 2 13 1052 1053 1051
1929 2 2 1 13 930 1055 1052
1930 2 2 2 13 930 1055 1052
1931 2 2 1 13 934 1055 931
1932 2 2 2 13 934 1055 931
1933 2 2 1 13 1009 1123 1063
1934 2 2 2 13 1009 1123 1063
1935 2 2 1 13 931 1055 930
1936 2 2 2 13 931 1055 930
1937 2 2 1 13 934 1063 1055
1938 2 2 2 13 934 1063 1055
1939 2 2 1 13 1063 1123 1055
1940 2 2 2 13 1063 1123 1055
1941 2 2 1 13 1121 1122 951
1942 2 2 2 13 1121 1122 951
1943 2 2 1 13 1006 1120 1119
1944 2 2 2 13 1006 1120 1119
1945 2 2 1 13 1119 1120 1057
1946 2 2 2 13 1119 1120 1057
1947 2 2 1 13 1060 1116 1058
1948 2 2 2 13 1060 1116 1058
1949 2 2 1 13 1006 1119 1045
1950 2 2 2 13 1006 1119 1045
1951 2 2 1 13 1008 1116 1060
1952 2 2 2 13 1008 1116 1060
1953 2 2 1 13 932 1060 1058
1954 2 2 2 13 932 1060 1058
1955 2 2 1 13 1057 1060 932
1956 2 2 2 13 1057 1060 932
1957 2 2 1 13 929 1057 932
1958 2 2 2 13 929 1057 932
1959 2 2 1 13 1057 1120 1060
1960 2 2 2 13 1057 1120 1060
1961 2 2 1 13 1071 1115 1062
1962 2 2 2 13 1071 1115 1062
1963 2 2 1 13 937 1061 940
1964 2 2 2 13 937 1061 940
1965 2 2 1 13 1062 1115 1061
1966 2 2 2 13 1062 1115 1061
1967 2 2 1 13 1058 1059 936
1968 2 2 2 13 1058 1059 936
1969 2 2 1 13 936 1061 937
1970 2 2 2 13 936 1061 937
1971 2 2 1 13 1061 1115 940
1972 2 2 2 13 1061 1115 940
1973 2 2 1 13 1062 1117 1071
1974 2 2 2 13 1062 1117 1071
1975 2 2 1 13 933 1058 936
1976 2 2 2 13 933 1058 936
1977 2 2 1 13 1071 1117 967
1978 2 2 2 13 1071 1117 967
1979 2 2 1 13 1117 1118 978
1980 2 2 2 13 1117 1118 978
1981 2 2 1 13 1058 1116 1059
1982 2 2 2 13 1058 1116 1059
1983 2 2 1 13 1059 1061 936
1984 2 2 2 13 1059 1061 936
1985 2 2 1 13 1059 1062 1061
1986 2 2 2 13 1059 1062 1061
1987 2 2 1 13 1021 1103 1022
1988 2 2 2 13 1021 1103 1022
1989 2 2 1 13 987 1068 964
1990 2 2 2 13 987 1068 964
1991 2 2 1 13 1041 1103 1078
1992 2 2 2 13 1041 1103 1078
1993 2 2 1 13 964 1068 1010
1994 2 2 2 13 964 1068 1010
1995 2 2 1 13 1063 1122 1121
1996 2 2 2 13 1063 1122 1121
1997 2 2 1 13 1022 1103 1041
1998 2 2 2 13 1022 1103 1041
1999 2 2 1 13 1010 1068 1064
2000 2 2 2 13 1010 1068 1064
2001 2 2 1 13 1068 1103 1021
2002 2 2 2 13 1068 1103 1021
2003 2 2 1 13 1101 1107 1069
2004 2 2 2 13 1101 1107 1069
2005 2 2 1 13 990 1066 1015
2006 2 2 2 13 990 1066 1015
2007 2 2 1 13 1064 1101 1010
2008 2 2 2 13 1064 1101 1010
2009 2 2 1 13 1105 1106 970
2010 2 2 2 13 1105 1106 970
2011 2 2 1 13 987 1103 1068
2012 2 2 2 13 987 1103 1068
2013 2 2 1 13 1070 1106 1105
2014 2 2 2 13 1070 1106 1105
2015 2 2 1 13 973 1075 960
2016 2 2 2 13 973 1075 960
2017 2 2 1 13 991 1075 973
2018 2 2 2 13 991 1075 973
2019 2 2 1 13 989 1066 990
2020 2 2 2 13 989 1066 990
2021 2 2 1 13 1069 1107 955
2022 2 2 2 13 1069 1107 955
2023 2 2 1 13 952 1069 955
2024 2 2 2 13 952 1069 955
2025 2 2 1 13 1064 1107 1101
2026 2 2 2 13 1064 1107 1101
2027 2 2 1 13 974 1070 961
2028 2 2 2 13 974 1070 961
2029 2 2 1 13 1070 1105 961
2030 2 2 2 13 1070 1105 961
2031 2 2 1 13 1065 1069 941
2032 2 2 2 13 1065 1069 941
2033 2 2 1 13 1112 1113 1037
2034 2 2 2 13 1112 1113 1037
2035 2 2 1 13 941 1069 952
2036 2 2 2 13 941 1069 952
2037 2 2 1 13 1072 1092 1074
2038 2 2 2 13 1072 1092 1074
2039 2 2 1 13 1005 1070 974
2040 2 2 2 13 1005 1070 974
2041 2 2 1 13 1038 1112 1037
2042 2 2 2 13 1038 1112 1037
2043 2 2 1 13 982 1083 981
2044 2 2 2 13 982 1083 981
2045 2 2 1 13 939 1065 941
2046 2 2 2 13 939 1065 941
2047 2 2 1 13 1003 1076 986
2048 2 2 2 13 1003 1076 986
2049 2 2 1 13 1076 1078 987
2050 2 2 2 13 1076 1078 987
2051 2 2 1 13 1092 1093 1074
2052 2 2 2 13 1092 1093 1074
2053 2 2 1 13 1026 1030 1005
2054 2 2 2 13 1026 1030 1005
2055 2 2 1 13 1073 1092 1072
2056 2 2 2 13 1073 1092 1072
2057 2 2 1 13 1078 1103 987
2058 2 2 2 13 1078 1103 987
2059 2 2 1 13 1079 1080 1002
2060 2 2 2 13 1079 1080 1002
2061 2 2 1 13 948 1071 967
2062 2 2 2 13 948 1071 967
2063 2 2 1 13 1073 1090 1087
2064 2 2 2 13 1073 1090 1087
2065 2 2 1 13 966 1102 965
2066 2 2 2 13 966 1102 965
2067 2 2 1 13 984 1079 1002
2068 2 2 2 13 984 1079 1002
2069 2 2 1 13 1039 1076 1003
2070 2 2 2 13 1039 1076 1003
2071 2 2 1 13 1072 1074 985
2072 2 2 2 13 1072 1074 985
2073 2 2 1 13 1083 1084 981
2074 2 2 2 13 1083 1084 981
2075 2 2 1 13 950 1096 944
2076 2 2 2 13 950 1096 944
2077 2 2 1 13 995 1019 989
2078 2 2 2 13 995 1019 989
2079 2 2 1 13 1065 1101 1069
2080 2 2 2 13 1065 1101 1069
2081 2 2 1 13 1087 1091 1073
2082 2 2 2 13 1087 1091 1073
2083 2 2 1 13 972 973 960
2084 2 2 2 13 972 973 960
2085 2 2 1 13 1084 1090 981
2086 2 2 2 13 1084 1090 981
2087 2 2 1 13 1074 1097 985
2088 2 2 2 13 1074 1097 985
2089 2 2 1 13 999 1079 984
2090 2 2 2 13 999 1079 984
2091 2 2 1 13 1024 1088 971
2092 2 2 2 13 1024 1088 971
2093 2 2 1 13 1081 1083 1002
2094 2 2 2 13 1081 1083 1002
2095 2 2 1 13 960 1009 957
2096 2 2 2 13 960 1009 957
2097 2 2 1 13 1002 1083 982
2098 2 2 2 13 1002 1083 982
2099 2 2 1 13 960 1075 1009
2100 2 2 2 13 960 1075 1009
2101 2 2 1 13 962 974 961
2102 2 2 2 13 962 974 961
2103 2 2 1 13 968 1072 985
2104 2 2 2 13 968 1072 985
2105 2 2 1 13 972 995 989
2106 2 2 2 13 972 995 989
2107 2 2 1 13 1024 1089 1088
2108 2 2 2 13 1024 1089 1088
2109 2 2 1 13 272 912 271
2110 2 2 2 13 272 912 271
2111 2 2 1 13 309 913 308
2112 2 2 2 13 309 913 308
2113 2 2 1 13 995 1029 1028
2114 2 2 2 13 995 1029 1028
2115 2 2 1 13 944 1096 942
2116 2 2 2 13 944 1096 942
2117 2 2 1 13 975 1004 974
2118 2 2 2 13 975 1004 974
2119 2 2 1 13 1085 1086 1084
2120 2 2 2 13 1085 1086 1084
2121 2 2 1 13 299 892 298
2122 2 2 2 13 299 892 298
2123 2 2 1 13 985 1102 966
2124 2 2 2 13 985 1102 966
2125 2 2 1 13 1004 1026 1005
2126 2 2 2 13 1004 1026 1005
2127 2 2 1 13 1091 1092 1073
2128 2 2 2 13 1091 1092 1073
2129 2 2 1 13 1039 1077 1076
2130 2 2 2 13 1039 1077 1076
2131 2 2 1 13 1079 1082 1080
2132 2 2 2 13 1079 1082 1080
2133 2 2 1 13 319 911 318
2134 2 2 2 13 319 911 318
2135 2 2 1 13 976 1090 1073
2136 2 2 2 13 976 1090 1073
2137 2 2 1 13 1011 1079 999
2138 2 2 2 13 1011 1079 999
2139 2 2 1 13 324 905 323
2140 2 2 2 13 324 905 323
2141 2 2 1 13 274 901 273
2142 2 2 2 13 274 901 273
2143 2 2 1 13 949 1089 963
2144 2 2 2 13 949 1089 963
2145 2 2 1 13 978 979 977
2146 2 2 2 13 978 979 977
2147 2 2 1 13 990 1015 992
2148 2 2 2 13 990 1015 992
2149 2 2 1 13 295 903 294
2150 2 2 2 13 295 903 294
2151 2 2 1 13 1080 1081 1002
2152 2 2 2 13 1080 1081 1002
2153 2 2 1 13 305 915 304
2154 2 2 2 13 305 915 304
2155 2 2 1 13 990 992 991
2156 2 2 2 13 990 992 991
2157 2 2 1 13 1010 1101 1096
2158 2 2 2 13 1010 1101 1096
2159 2 2 1 13 989 990 973
2160 2 2 2 13 989 990 973
2161 2 2 1 13 984 1002 982
2162 2 2 2 13 984 1002 982
2163 2 2 1 13 1030 1031 1005
2164 2 2 2 13 1030 1031 1005
2165 2 2 1 13 16 893 327
2166 2 2 2 13 16 893 327
2167 2 2 1 13 301 910 300
2168 2 2 2 13 301 910 300
2169 2 2 1 13 972 989 973
2170 2 2 2 13 972 989 973
2171 2 2 1 13 1015 1016 992
2172 2 2 2 13 1015 1016 992
2173 2 2 1 13 1030 1036 1031
2174 2 2 2 13 1030 1036 1031
2175 2 2 1 13 1083 1085 1084
2176 2 2 2 13 1083 1085 1084
2177 2 2 1 13 287 917 286
2178 2 2 2 13 287 917 286
2179 2 2 1 13 943 944 942
2180 2 2 2 13 943 944 942
2181 2 2 1 13 979 981 977
2182 2 2 2 13 979 981 977
2183 2 2 1 13 285 894 284
2184 2 2 2 13 285 894 284
2185 2 2 1 13 998 999 984
2186 2 2 2 13 998 999 984
2187 2 2 1 13 1019 1066 989
2188 2 2 2 13 1019 1066 989
2189 2 2 1 13 946 948 947
2190 2 2 2 13 946 948 947
2191 2 2 1 13 948 966 965
2192 2 2 2 13 948 966 965
2193 2 2 1 13 952 953 951
2194 2 2 2 13 952 953 951
2195 2 2 1 13 965 1102 980
2196 2 2 2 13 965 1102 980
2197 2 2 1 13 1093 1094 1074
2198 2 2 2 13 1093 1094 1074
2199 2 2 1 13 1098 1100 1099
2200 2 2 2 13 1098 1100 1099
2201 2 2 1 13 943 946 945
2202 2 2 2 13 943 946 945
2203 2 2 1 13 975 1110 1004
2204 2 2 2 13 975 1110 1004
2205 2 2 1 13 983 984 982
2206 2 2 2 13 983 984 982
2207 2 2 1 13 986 1076 987
2208 2 2 2 13 986 1076 987
2209 2 2 1 13 998 1006 999
2210 2 2 2 13 998 1006 999
2211 2 2 1 13 1087 1090 1084
2212 2 2 2 13 1087 1090 1084
2213 2 2 1 13 949 950 944
2214 2 2 2 13 949 950 944
2215 2 2 1 13 971 1088 947
2216 2 2 2 13 971 1088 947
2217 2 2 1 13 949 963 950
2218 2 2 2 13 949 963 950
2219 2 2 1 13 1013 1043 1017
2220 2 2 2 13 1013 1043 1017
2221 2 2 1 13 1094 1097 1074
2222 2 2 2 13 1094 1097 1074
2223 2 2 1 13 1081 1085 1083
2224 2 2 2 13 1081 1085 1083
2225 2 2 1 13 962 975 974
2226 2 2 2 13 962 975 974
2227 2 2 1 13 963 1089 988
2228 2 2 2 13 963 1089 988
2229 2 2 1 13 1021 1022 1001
2230 2 2 2 13 1021 1022 1001
2231 2 2 1 13 1086 1087 1084
2232 2 2 2 13 1086 1087 1084
2233 2 2 1 13 321 898 320
2234 2 2 2 13 321 898 320
2235 2 2 1 13 948 965 947
2236 2 2 2 13 948 965 947
2237 2 2 1 13 963 964 950
2238 2 2 2 13 963 964 950
2239 2 2 1 13 963 986 964
2240 2 2 2 13 963 986 964
2241 2 2 1 13 1000 1001 975
2242 2 2 2 13 1000 1001 975
2243 2 2 1 13 983 998 984
2244 2 2 2 13 983 998 984
2245 2 2 1 13 1032 1039 1003
2246 2 2 2 13 1032 1039 1003
2247 2 2 1 13 307 896 306
2248 2 2 2 13 307 896 306
2249 2 2 1 13 314 895 313
2250 2 2 2 13 314 895 313
2251 2 2 1 13 955 962 961
2252 2 2 2 13 955 962 961
2253 2 2 1 13 965 980 971
2254 2 2 2 13 965 980 971
2255 2 2 1 13 948 967 966
2256 2 2 2 13 948 967 966
2257 2 2 1 13 967 969 968
2258 2 2 2 13 967 969 968
2259 2 2 1 13 952 955 954
2260 2 2 2 13 952 955 954
2261 2 2 1 13 969 978 977
2262 2 2 2 13 969 978 977
2263 2 2 1 13 979 982 981
2264 2 2 2 13 979 982 981
2265 2 2 1 13 1006 1007 999
2266 2 2 2 13 1006 1007 999
2267 2 2 1 13 980 994 971
2268 2 2 2 13 980 994 971
2269 2 2 1 13 980 1012 994
2270 2 2 2 13 980 1012 994
2271 2 2 1 13 1022 1023 1001
2272 2 2 2 13 1022 1023 1001
2273 2 2 1 13 317 904 316
2274 2 2 2 13 317 904 316
2275 2 2 1 13 956 957 953
2276 2 2 2 13 956 957 953
2277 2 2 1 13 979 983 982
2278 2 2 2 13 979 983 982
2279 2 2 1 13 311 902 310
2280 2 2 2 13 311 902 310
2281 2 2 1 13 1088 1089 949
2282 2 2 2 13 1088 1089 949
2283 2 2 1 13 959 960 957
2284 2 2 2 13 959 960 957
2285 2 2 1 13 988 1003 986
2286 2 2 2 13 988 1003 986
2287 2 2 1 13 1064 1068 1021
2288 2 2 2 13 1064 1068 1021
2289 2 2 1 13 326 909 325
2290 2 2 2 13 326 909 325
2291 2 2 1 13 940 943 942
2292 2 2 2 13 940 943 942
2293 2 2 1 13 946 947 945
2294 2 2 2 13 946 947 945
2295 2 2 1 13 969 977 976
2296 2 2 2 13 969 977 976
2297 2 2 1 13 289 907 288
2298 2 2 2 13 289 907 288
2299 2 2 1 13 946 1071 948
2300 2 2 2 13 946 1071 948
2301 2 2 1 13 963 988 986
2302 2 2 2 13 963 988 986
2303 2 2 1 13 988 1014 1003
2304 2 2 2 13 988 1014 1003
2305 2 2 1 13 1077 1078 1076
2306 2 2 2 13 1077 1078 1076
2307 2 2 1 13 278 899 277
2308 2 2 2 13 278 899 277
2309 2 2 1 13 281 906 280
2310 2 2 2 13 281 906 280
2311 2 2 1 13 964 1010 950
2312 2 2 2 13 964 1010 950
2313 2 2 1 13 283 908 282
2314 2 2 2 13 283 908 282
2315 2 2 1 13 1011 1082 1079
2316 2 2 2 13 1011 1082 1079
2317 2 2 1 13 1013 1017 1012
2318 2 2 2 13 1013 1017 1012
2319 2 2 1 13 292 897 291
2320 2 2 2 13 292 897 291
2321 2 2 1 13 943 945 944
2322 2 2 2 13 943 945 944
2323 2 2 1 13 945 949 944
2324 2 2 2 13 945 949 944
2325 2 2 1 13 976 1072 968
2326 2 2 2 13 976 1072 968
2327 2 2 1 13 1007 1011 999
2328 2 2 2 13 1007 1011 999
2329 2 2 1 13 1014 1032 1003
2330 2 2 2 13 1014 1032 1003
2331 2 2 1 13 297 914 296
2332 2 2 2 13 297 914 296
2333 2 2 1 13 303 900 302
2334 2 2 2 13 303 900 302
2335 2 2 1 13 965 971 947
2336 2 2 2 13 965 971 947
2337 2 2 1 13 1010 1096 950
2338 2 2 2 13 1010 1096 950
2339 2 2 1 13 979 1104 983
2340 2 2 2 13 979 1104 983
2341 2 2 1 13 1043 1097 1094
2342 2 2 2 13 1043 1097 1094
2343 2 2 1 13 968 985 966
2344 2 2 2 13 968 985 966
2345 2 2 1 13 983 1008 998
2346 2 2 2 13 983 1008 998
2347 2 2 1 13 1022 1040 1023
2348 2 2 2 13 1022 1040 1023
2349 2 2 1 13 1022 1041 1040
2350 2 2 2 13 1022 1041 1040
2351 2 2 1 13 962 1000 975
2352 2 2 2 13 962 1000 975
2353 2 2 1 13 980 1013 1012
2354 2 2 2 13 980 1013 1012
2355 2 2 1 13 1024 1098 1089
2356 2 2 2 13 1024 1098 1089
2357 2 2 1 13 940 942 939
2358 2 2 2 13 940 942 939
2359 2 2 1 13 941 952 951
2360 2 2 2 13 941 952 951
2361 2 2 1 13 952 954 953
2362 2 2 2 13 952 954 953
2363 2 2 1 13 955 961 954
2364 2 2 2 13 955 961 954
2365 2 2 1 13 956 970 959
2366 2 2 2 13 956 970 959
2367 2 2 1 13 967 968 966
2368 2 2 2 13 967 968 966
2369 2 2 1 13 994 1024 971
2370 2 2 2 13 994 1024 971
2371 2 2 1 13 977 1090 976
2372 2 2 2 13 977 1090 976
2373 2 2 1 13 1097 1102 985
2374 2 2 2 13 1097 1102 985
2375 2 2 1 13 1016 1020 992
2376 2 2 2 13 1016 1020 992
2377 2 2 1 13 969 976 968
2378 2 2 2 13 969 976 968
2379 2 2 1 13 990 991 973
2380 2 2 2 13 990 991 973
2381 2 2 1 13 1007 1027 1011
2382 2 2 2 13 1007 1027 1011
2383 2 2 1 13 1036 1037 1031
2384 2 2 2 13 1036 1037 1031
2385 2 2 1 13 942 1065 939
2386 2 2 2 13 942 1065 939
2387 2 2 1 13 995 1028 1019
2388 2 2 2 13 995 1028 1019
2389 2 2 1 13 1000 1021 1001
2390 2 2 2 13 1000 1021 1001
2391 2 2 1 13 1036 1038 1037
2392 2 2 2 13 1036 1038 1037
2393 2 2 1 13 1004 1005 974
2394 2 2 2 13 1004 1005 974
2395 2 2 1 13 976 1073 1072
2396 2 2 2 13 976 1073 1072
2397 2 2 1 13 981 1090 977
2398 2 2 2 13 981 1090 977
2399 2 2 1 13 988 1098 1014
2400 2 2 2 13 988 1098 1014
2401 2 2 1 13 1012 1018 994
2402 2 2 2 13 1012 1018 994
2403 2 2 1 13 1006 1045 1007
2404 2 2 2 13 1006 1045 1007
2405 2 2 1 13 1029 1044 1028
2406 2 2 2 13 1029 1044 1028
2407 2 2 1 13 954 956 953
2408 2 2 2 13 954 956 953
2409 2 2 1 13 995 1109 1029
2410 2 2 2 13 995 1109 1029
2411 2 2 1 13 1000 1064 1021
2412 2 2 2 13 1000 1064 1021
2413 2 2 1 13 1098 1099 1014
2414 2 2 2 13 1098 1099 1014
2415 2 2 1 13 276 916 275
2416 2 2 2 13 276 916 275
2417 2 2 1 13 1031 1070 1005
2418 2 2 2 13 1031 1070 1005
2419 2 2 1 13 986 987 964
2420 2 2 2 13 986 987 964
2421 2 2 1 13 1013 1097 1043
2422 2 2 2 13 1013 1097 1043
2423 2 2 1 13 1004 1110 1033
2424 2 2 2 13 1004 1110 1033
2425 2 2 1 13 1089 1098 988
2426 2 2 2 13 1089 1098 988
2427 2 2 1 13 942 1096 1065
2428 2 2 2 13 942 1096 1065
2429 2 2 1 13 978 1104 979
2430 2 2 2 13 978 1104 979
2431 2 2 1 13 941 951 938
2432 2 2 2 13 941 951 938
2433 2 2 1 13 959 972 960
2434 2 2 2 13 959 972 960
2435 2 2 1 13 1024 1100 1098
2436 2 2 2 13 1024 1100 1098
2437 2 2 1 13 956 959 957
2438 2 2 2 13 956 959 957
2439 2 2 1 13 947 1088 945
2440 2 2 2 13 947 1088 945
2441 2 2 1 13 1037 1113 1106
2442 2 2 2 13 1037 1113 1106
2443 2 2 1 13 1016 1042 1020
2444 2 2 2 13 1016 1042 1020
2445 2 2 1 13 961 1105 954
2446 2 2 2 13 961 1105 954
2447 2 2 1 13 945 1088 949
2448 2 2 2 13 945 1088 949
2449 2 2 1 13 1018 1100 994
2450 2 2 2 13 1018 1100 994
2451 2 2 1 13 994 1100 1024
2452 2 2 2 13 994 1100 1024
2453 2 2 1 13 939 941 938
2454 2 2 2 13 939 941 938
2455 2 2 1 13 1004 1033 1026
2456 2 2 2 13 1004 1033 1026
2457 2 2 1 13 983 1104 1008
2458 2 2 2 13 983 1104 1008
2459 2 2 1 13 1019 1067 1066
2460 2 2 2 13 1019 1067 1066
2461 2 2 1 13 1096 1101 1065
2462 2 2 2 13 1096 1101 1065
2463 2 2 1 13 955 1107 962
2464 2 2 2 13 955 1107 962
2465 2 2 1 13 980 1102 1013
2466 2 2 2 13 980 1102 1013
2467 2 2 1 13 1013 1102 1097
2468 2 2 2 13 1013 1102 1097
2469 2 2 1 13 937 940 939
2470 2 2 2 13 937 940 939
2471 2 2 1 13 954 1105 956
2472 2 2 2 13 954 1105 956
2473 2 2 1 13 1023 1110 1001
2474 2 2 2 13 1023 1110 1001
2475 2 2 1 13 1037 1106 1031
2476 2 2 2 13 1037 1106 1031
2477 2 2 1 13 972 1109 995
2478 2 2 2 13 972 1109 995
2479 2 2 1 13 970 1109 959
2480 2 2 2 13 970 1109 959
2481 2 2 1 13 1110 1111 1033
2482 2 2 2 13 1110 1111 1033
2483 2 2 1 13 1001 1110 975
2484 2 2 2 13 1001 1110 975
2485 2 2 1 13 1031 1106 1070
2486 2 2 2 13 1031 1106 1070
2487 2 2 1 13 956 1105 970
2488 2 2 2 13 956 1105 970
2489 2 2 1 13 959 1109 972
2490 2 2 2 13 959 1109 972
2491 2 2 1 13 1023 1111 1110
2492 2 2 2 13 1023 1111 1110
2493 2 2 1 13 1100 1108 1099
2494 2 2 2 13 1100 1108 1099
2495 2 2 1 13 1029 1113 1112
2496 2 2 2 13 1029 1113 1112
2497 2 2 1 13 1038 1114 1112
2498 2 2 2 13 1038 1114 1112
2499 2 2 1 13 1018 1108 1100
2500 2 2 2 13 1018 1108 1100
2501 2 2 1 13 962 1107 1000
2502 2 2 2 13 962 1107 1000
2503 2 2 1 13 1000 1107 1064
2504 2 2 2 13 1000 1107 1064
2505 2 2 1 13 1109 1113 1029
2506 2 2 2 13 1109 1113 1029
2507 2 2 1 13 1029 1112 1044
2508 2 2 2 13 1029 1112 1044
2509 2 2 1 13 1106 1113 970
2510 2 2 2 13 1106 1113 970
2511 2 2 1 13 937 939 938
2512 2 2 2 13 937 939 938
2513 2 2 1 13 970 1113 1109
2514 2 2 2 13 970 1113 1109
2515 2 2 1 13 1112 1114 1044
2516 2 2 2 13 1112 1114 1044
2517 2 2 1 13 937 938 935
2518 2 2 2 13 937 938 935
2519 2 2 1 13 936 937 935
2520 2 2 2 13 936 937 935
2521 2 2 1 13 940 1115 943
2522 2 2 2 13 940 1115 943
2523 2 2 1 13 946 1115 1071
2524 2 2 2 13 946 1115 1071
2525 2 2 1 13 933 936 935
2526 2 2 2 13 933 936 935
2527 2 2 1 13 943 1115 946
2528 2 2 2 13 943 1115 946
2529 2 2 1 13 933 935 934
2530 2 2 2 13 933 935 934
2531 2 2 1 13 967 1117 969
2532 2 2 2 13 967 1117 969
2533 2 2 1 13 1062 1118 1117
2534 2 2 2 13 1062 1118 1117
2535 2 2 1 13 932 1058 933
2536 2 2 2 13 932 1058 933
2537 2 2 1 13 933 934 931
2538 2 2 2 13 933 934 931
2539 2 2 1 13 978 1118 1104
2540 2 2 2 13 978 1118 1104
2541 2 2 1 13 1104 1116 1008
2542 2 2 2 13 1104 1116 1008
2543 2 2 1 13 969 1117 978
2544 2 2 2 13 969 1117 978
2545 2 2 1 13 1059 1118 1062
2546 2 2 2 13 1059 1118 1062
2547 2 2 1 13 1116 1118 1059
2548 2 2 2 13 1116 1118 1059
2549 2 2 1 13 1104 1118 1116
2550 2 2 2 13 1104 1118 1116
2551 2 2 1 13 932 933 931
2552 2 2 2 13 932 933 931
2553 2 2 1 13 1049 1050 1035
2554 2 2 2 13 1049 1050 1035
2555 2 2 1 13 997 1049 1035
2556 2 2 2 13 997 1049 1035
2557 2 2 1 13 929 932 931
2558 2 2 2 13 929 932 931
2559 2 2 1 13 929 931 930
2560 2 2 2 13 929 931 930
2561 2 2 1 13 997 1035 1034
2562 2 2 2 13 997 1035 1034
2563 2 2 1 13 1060 1120 1008
2564 2 2 2 13 1060 1120 1008
2565 2 2 1 13 1008 1120 998
2566 2 2 2 13 1008 1120 998
2567 2 2 1 13 997 1034 993
2568 2 2 2 13 997 1034 993
2569 2 2 1 13 928 1057 929
2570 2 2 2 13 928 1057 929
2571 2 2 1 13 929 930 927
2572 2 2 2 13 929 930 927
2573 2 2 1 13 928 1119 1057
2574 2 2 2 13 928 1119 1057
2575 2 2 1 13 998 1120 1006
2576 2 2 2 13 998 1120 1006
2577 2 2 1 13 934 1122 1063
2578 2 2 2 13 934 1122 1063
2579 2 2 1 13 1063 1121 1009
2580 2 2 2 13 1063 1121 1009
2581 2 2 1 13 935 1122 934
2582 2 2 2 13 935 1122 934
2583 2 2 1 13 953 1121 951
2584 2 2 2 13 953 1121 951
2585 2 2 1 13 1009 1121 957
2586 2 2 2 13 1009 1121 957
2587 2 2 1 13 951 1122 938
2588 2 2 2 13 951 1122 938
2589 2 2 1 13 996 997 993
2590 2 2 2 13 996 997 993
2591 2 2 1 13 928 929 927
2592 2 2 2 13 928 929 927
2593 2 2 1 13 926 1051 996
2594 2 2 2 13 926 1051 996
2595 2 2 1 13 1075 1123 1009
2596 2 2 2 13 1075 1123 1009
2597 2 2 1 13 957 1121 953
2598 2 2 2 13 957 1121 953
2599 2 2 1 13 938 1122 935
2600 2 2 2 13 938 1122 935
2601 2 2 1 13 1055 1123 1052
2602 2 2 2 13 1055 1123 1052
2603 2 2 1 13 926 996 993
2604 2 2 2 13 926 996 993
2605 2 2 1 13 925 928 927
2606 2 2 2 13 925 928 927
2607 2 2 1 13 1124 1125 1053
2608 2 2 2 13 1124 1125 1053
2609 2 2 1 13 1052 1124 1053
2610 2 2 2 13 1052 1124 1053
2611 2 2 1 13 992 1125 991
2612 2 2 2 13 992 1125 991
2613 2 2 1 13 991 1124 1075
2614 2 2 2 13 991 1124 1075
2615 2 2 1 13 1123 1124 1052
2616 2 2 2 13 1123 1124 1052
2617 2 2 1 13 925 927 926
2618 2 2 2 13 925 927 926
2619 2 2 1 13 926 993 924
2620 2 2 2 13 926 993 924
2621 2 2 1 13 1075 1124 1123
2622 2 2 2 13 1075 1124 1123
2623 2 2 1 13 1020 1125 992
2624 2 2 2 13 1020 1125 992
2625 2 2 1 13 925 926 924
2626 2 2 2 13 925 926 924
2627 2 2 1 13 923 1056 925
2628 2 2 2 13 923 1056 925
2629 2 2 1 13 1025 1048 958
2630 2 2 2 13 1025 1048 958
2631 2 2 1 13 922 1025 958
2632 2 2 2 13 922 1025 958
2633 2 2 1 13 923 925 924
2634 2 2 2 13 923 925 924
2635 2 2 1 13 922 958 923
2636 2 2 2 13 922 958 923
2637 2 2 1 13 923 924 921
2638 2 2 2 13 923 924 921
2639 2 2 1 13 1046 1047 920
2640 2 2 2 13 1046 1047 920
2641 2 2 1 13 922 923 921
2642 2 2 2 13 922 923 921
2643 2 2 1 13 1129 1163 290
2644 2 2 2 13 1129 1163 290
2645 2 2 1 13 919 922 921
2646 2 2 2 13 919 922 921
2647 2 2 1 13 921 1046 920
2648 2 2 2 13 921 1046 920
2649 2 2 1 13 1093 1169 902
2650 2 2 2 13 1093 1169 902
2651 2 2 1 13 1048 1126 1027
2652 2 2 2 13 1048 1126 1027
2653 2 2 1 13 904 1156 1151
2654 2 2 2 13 904 1156 1151
2655 2 2 1 13 1067 1127 1066
2656 2 2 2 13 1067 1127 1066
2657 2 2 1 13 919 921 920
2658 2 2 2 13 919 921 920
2659 2 2 1 13 1025 1126 1048
2660 2 2 2 13 1025 1126 1048
2661 2 2 1 13 908 1164 1139
2662 2 2 2 13 908 1164 1139
2663 2 2 1 13 1066 1127 1015
2664 2 2 2 13 1066 1127 1015
2665 2 2 1 13 1067 1143 894
2666 2 2 2 13 1067 1143 894
2667 2 2 1 13 1023 1131 1111
2668 2 2 2 13 1023 1131 1111
2669 2 2 1 13 1140 1156 904
2670 2 2 2 13 1140 1156 904
2671 2 2 1 13 919 920 903
2672 2 2 2 13 919 920 903
2673 2 2 1 13 1047 1138 920
2674 2 2 2 13 1047 1138 920
2675 2 2 1 13 1025 1135 1126
2676 2 2 2 13 1025 1135 1126
2677 2 2 1 13 1050 1129 1035
2678 2 2 2 13 1050 1129 1035
2679 2 2 1 13 294 1138 293
2680 2 2 2 13 294 1138 293
2681 2 2 1 13 903 1138 294
2682 2 2 2 13 903 1138 294
2683 2 2 1 13 1077 1136 1078
2684 2 2 2 13 1077 1136 1078
2685 2 2 1 13 1032 1130 1039
2686 2 2 2 13 1032 1130 1039
2687 2 2 1 13 1040 1131 1023
2688 2 2 2 13 1040 1131 1023
2689 2 2 1 13 1126 1132 1027
2690 2 2 2 13 1126 1132 1027
2691 2 2 1 13 1011 1137 1082
2692 2 2 2 13 1011 1137 1082
2693 2 2 1 13 892 1132 1126
2694 2 2 2 13 892 1132 1126
2695 2 2 1 13 1114 1172 906
2696 2 2 2 13 1114 1172 906
2697 2 2 1 13 1132 1137 1027
2698 2 2 2 13 1132 1137 1027
2699 2 2 1 13 907 1163 1050
2700 2 2 2 13 907 1163 1050
2701 2 2 1 13 1041 1134 1040
2702 2 2 2 13 1041 1134 1040
2703 2 2 1 13 1025 1166 1135
2704 2 2 2 13 1025 1166 1135
2705 2 2 1 13 906 1139 1044
2706 2 2 2 13 906 1139 1044
2707 2 2 1 13 1041 1136 1134
2708 2 2 2 13 1041 1136 1134
2709 2 2 1 13 1012 1156 1018
2710 2 2 2 13 1012 1156 1018
2711 2 2 1 13 1126 1135 892
2712 2 2 2 13 1126 1135 892
2713 2 2 1 13 1078 1136 1041
2714 2 2 2 13 1078 1136 1041
2715 2 2 1 13 1014 1157 1032
2716 2 2 2 13 1014 1157 1032
2717 2 2 1 13 1027 1137 1011
2718 2 2 2 13 1027 1137 1011
2719 2 2 1 13 1140 1175 911
2720 2 2 2 13 1140 1175 911
2721 2 2 1 13 1127 1158 1015
2722 2 2 2 13 1127 1158 1015
2723 2 2 1 13 920 1138 903
2724 2 2 2 13 920 1138 903
2725 2 2 1 13 1087 1160 1091
2726 2 2 2 13 1087 1160 1091
2727 2 2 1 13 1135 1166 914
2728 2 2 2 13 1135 1166 914
2729 2 2 1 13 1019 1164 1067
2730 2 2 2 13 1019 1164 1067
2731 2 2 1 13 1139 1176 908
2732 2 2 2 13 1139 1176 908
2733 2 2 1 13 1026 1165 1030
2734 2 2 2 13 1026 1165 1030
2735 2 2 1 13 919 1166 922
2736 2 2 2 13 919 1166 922
2737 2 2 1 13 1092 1169 1093
2738 2 2 2 13 1092 1169 1093
2739 2 2 1 13 1044 1139 1028
2740 2 2 2 13 1044 1139 1028
2741 2 2 1 13 1018 1140 1108
2742 2 2 2 13 1018 1140 1108
2743 2 2 1 13 918 919 903
2744 2 2 2 13 918 919 903
2745 2 2 1 13 1034 1177 1047
2746 2 2 2 13 1034 1177 1047
2747 2 2 1 13 1132 1174 910
2748 2 2 2 13 1132 1174 910
2749 2 2 1 13 1086 1180 896
2750 2 2 2 13 1086 1180 896
2751 2 2 1 13 278 1145 899
2752 2 2 2 13 278 1145 899
2753 2 2 1 13 279 1145 278
2754 2 2 2 13 279 1145 278
2755 2 2 1 13 296 918 295
2756 2 2 2 13 296 918 295
2757 2 2 1 13 295 918 903
2758 2 2 2 13 295 918 903
2759 2 2 1 13 916 1148 275
2760 2 2 2 13 916 1148 275
2761 2 2 1 13 304 1144 303
2762 2 2 2 13 304 1144 303
2763 2 2 1 13 316 1151 315
2764 2 2 2 13 316 1151 315
2765 2 2 1 13 320 1146 319
2766 2 2 2 13 320 1146 319
2767 2 2 1 13 898 1146 320
2768 2 2 2 13 898 1146 320
2769 2 2 1 13 904 1151 316
2770 2 2 2 13 904 1151 316
2771 2 2 1 13 284 1143 283
2772 2 2 2 13 284 1143 283
2773 2 2 1 13 310 1150 309
2774 2 2 2 13 310 1150 309
2775 2 2 1 13 302 1149 301
2776 2 2 2 13 302 1149 301
2777 2 2 1 13 303 1144 900
2778 2 2 2 13 303 1144 900
2779 2 2 1 13 914 918 296
2780 2 2 2 13 914 918 296
2781 2 2 1 13 913 1147 308
2782 2 2 2 13 913 1147 308
2783 2 2 1 13 896 1152 306
2784 2 2 2 13 896 1152 306
2785 2 2 1 13 314 1153 895
2786 2 2 2 13 314 1153 895
2787 2 2 1 13 283 1143 908
2788 2 2 2 13 283 1143 908
2789 2 2 1 13 915 1144 304
2790 2 2 2 13 915 1144 304
2791 2 2 1 13 319 1146 911
2792 2 2 2 13 319 1146 911
2793 2 2 1 13 306 1152 305
2794 2 2 2 13 306 1152 305
2795 2 2 1 13 309 1150 913
2796 2 2 2 13 309 1150 913
2797 2 2 1 13 307 1147 896
2798 2 2 2 13 307 1147 896
2799 2 2 1 13 285 1154 894
2800 2 2 2 13 285 1154 894
2801 2 2 1 13 301 1149 910
2802 2 2 2 13 301 1149 910
2803 2 2 1 13 894 1143 284
2804 2 2 2 13 894 1143 284
2805 2 2 1 13 308 1147 307
2806 2 2 2 13 308 1147 307
2807 2 2 1 13 902 1150 310
2808 2 2 2 13 902 1150 310
2809 2 2 1 13 315 1153 314
2810 2 2 2 13 315 1153 314
2811 2 2 1 13 305 1152 915
2812 2 2 2 13 305 1152 915
2813 2 2 1 13 900 1149 302
2814 2 2 2 13 900 1149 302
2815 2 2 1 13 275 1148 274
2816 2 2 2 13 275 1148 274
2817 2 2 1 13 286 1154 285
2818 2 2 2 13 286 1154 285
2819 2 2 1 13 917 1154 286
2820 2 2 2 13 917 1154 286
2821 2 2 1 13 274 1148 901
2822 2 2 2 13 274 1148 901
2823 2 2 1 13 322 1155 321
2824 2 2 2 13 322 1155 321
2825 2 2 1 13 321 1155 898
2826 2 2 2 13 321 1155 898
2827 2 2 1 13 897 1177 1129
2828 2 2 2 13 897 1177 1129
2829 2 2 1 13 1129 1177 1035
2830 2 2 2 13 1129 1177 1035
2831 2 2 1 13 1017 1156 1012
2832 2 2 2 13 1017 1156 1012
2833 2 2 1 13 1099 1157 1014
2834 2 2 2 13 1099 1157 1014
2835 2 2 1 13 1139 1164 1028
2836 2 2 2 13 1139 1164 1028
2837 2 2 1 13 1015 1158 1016
2838 2 2 2 13 1015 1158 1016
2839 2 2 1 13 1095 1162 312
2840 2 2 2 13 1095 1162 312
2841 2 2 1 13 912 1161 271
2842 2 2 2 13 912 1161 271
2843 2 2 1 13 16 1161 893
2844 2 2 2 13 16 1161 893
2845 2 2 1 13 312 1162 311
2846 2 2 2 13 312 1162 311
2847 2 2 1 13 289 1163 907
2848 2 2 2 13 289 1163 907
2849 2 2 1 13 1145 1172 1114
2850 2 2 2 13 1145 1172 1114
2851 2 2 1 13 915 1171 1168
2852 2 2 2 13 915 1171 1168
2853 2 2 1 13 292 1159 897
2854 2 2 2 13 292 1159 897
2855 2 2 1 13 1047 1159 1138
2856 2 2 2 13 1047 1159 1138
2857 2 2 1 13 293 1159 292
2858 2 2 2 13 293 1159 292
2859 2 2 1 13 893 1167 327
2860 2 2 2 13 893 1167 327
2861 2 2 1 13 326 1167 909
2862 2 2 2 13 326 1167 909
2863 2 2 1 13 1148 1170 901
2864 2 2 2 13 1148 1170 901
2865 2 2 1 13 1131 1161 912
2866 2 2 2 13 1131 1161 912
2867 2 2 1 13 911 1173 1108
2868 2 2 2 13 911 1173 1108
2869 2 2 1 13 906 1172 280
2870 2 2 2 13 906 1172 280
2871 2 2 1 13 910 1174 300
2872 2 2 2 13 910 1174 300
2873 2 2 1 13 299 1174 892
2874 2 2 2 13 299 1174 892
2875 2 2 1 13 317 1175 904
2876 2 2 2 13 317 1175 904
2877 2 2 1 13 911 1175 318
2878 2 2 2 13 911 1175 318
2879 2 2 1 13 281 1176 906
2880 2 2 2 13 281 1176 906
2881 2 2 1 13 908 1176 282
2882 2 2 2 13 908 1176 282
2883 2 2 1 13 1086 1160 1087
2884 2 2 2 13 1086 1160 1087
2885 2 2 1 13 271 1161 16
2886 2 2 2 13 271 1161 16
2887 2 2 1 13 287 1178 917
2888 2 2 2 13 287 1178 917
2889 2 2 1 13 907 1178 288
2890 2 2 2 13 907 1178 288
2891 2 2 1 13 276 1181 916
2892 2 2 2 13 276 1181 916
2893 2 2 1 13 899 1181 277
2894 2 2 2 13 899 1181 277
2895 2 2 1 13 297 1182 914
2896 2 2 2 13 297 1182 914
2897 2 2 1 13 892 1182 298
2898 2 2 2 13 892 1182 298
2899 2 2 1 13 1165 1170 1148
2900 2 2 2 13 1165 1170 1148
2901 2 2 1 13 311 1162 902
2902 2 2 2 13 311 1162 902
2903 2 2 1 13 1050 1163 1129
2904 2 2 2 13 1050 1163 1129
2905 2 2 1 13 290 1163 289
2906 2 2 2 13 290 1163 289
2907 2 2 1 13 1134 1167 893
2908 2 2 2 13 1134 1167 893
2909 2 2 1 13 917 1178 1128
2910 2 2 2 13 917 1178 1128
2911 2 2 1 13 1128 1178 907
2912 2 2 2 13 1128 1178 907
2913 2 2 1 13 1028 1164 1019
2914 2 2 2 13 1028 1164 1019
2915 2 2 1 13 1099 1173 1157
2916 2 2 2 13 1099 1173 1157
2917 2 2 1 13 892 1174 1132
2918 2 2 2 13 892 1174 1132
2919 2 2 1 13 1151 1153 315
2920 2 2 2 13 1151 1153 315
2921 2 2 1 13 1138 1159 293
2922 2 2 2 13 1138 1159 293
2923 2 2 1 13 1085 1180 1086
2924 2 2 2 13 1085 1180 1086
2925 2 2 1 13 915 1168 1144
2926 2 2 2 13 915 1168 1144
2927 2 2 1 13 916 1181 1133
2928 2 2 2 13 916 1181 1133
2929 2 2 1 13 1133 1181 899
2930 2 2 2 13 1133 1181 899
2931 2 2 1 13 913 1160 1147
2932 2 2 2 13 913 1160 1147
2933 2 2 1 13 922 1166 1025
2934 2 2 2 13 922 1166 1025
2935 2 2 1 13 902 1169 1150
2936 2 2 2 13 902 1169 1150
2937 2 2 1 13 1135 1182 892
2938 2 2 2 13 1135 1182 892
2939 2 2 1 13 914 1182 1135
2940 2 2 2 13 914 1182 1135
2941 2 2 1 13 327 1167 326
2942 2 2 2 13 327 1167 326
2943 2 2 1 13 1080 1168 1081
2944 2 2 2 13 1080 1168 1081
2945 2 2 1 13 1091 1169 1092
2946 2 2 2 13 1091 1169 1092
2947 2 2 1 13 906 1176 1139
2948 2 2 2 13 906 1176 1139
2949 2 2 1 13 904 1175 1140
2950 2 2 2 13 904 1175 1140
2951 2 2 1 13 1168 1171 1081
2952 2 2 2 13 1168 1171 1081
2953 2 2 1 13 1033 1170 1026
2954 2 2 2 13 1033 1170 1026
2955 2 2 1 13 1146 1173 911
2956 2 2 2 13 1146 1173 911
2957 2 2 1 13 1152 1171 915
2958 2 2 2 13 1152 1171 915
2959 2 2 1 13 1081 1171 1085
2960 2 2 2 13 1081 1171 1085
2961 2 2 1 13 1080 1179 1168
2962 2 2 2 13 1080 1179 1168
2963 2 2 1 13 1082 1183 1179
2964 2 2 2 13 1082 1183 1179
2965 2 2 1 13 279 1172 1145
2966 2 2 2 13 279 1172 1145
2967 2 2 1 13 280 1172 279
2968 2 2 2 13 280 1172 279
2969 2 2 1 13 1108 1173 1099
2970 2 2 2 13 1108 1173 1099
2971 2 2 1 13 300 1174 299
2972 2 2 2 13 300 1174 299
2973 2 2 1 13 318 1175 317
2974 2 2 2 13 318 1175 317
2975 2 2 1 13 910 1183 1137
2976 2 2 2 13 910 1183 1137
2977 2 2 1 13 282 1176 281
2978 2 2 2 13 282 1176 281
2979 2 2 1 13 1035 1177 1034
2980 2 2 2 13 1035 1177 1034
2981 2 2 1 13 916 1165 1148
2982 2 2 2 13 916 1165 1148
2983 2 2 1 13 288 1178 287
2984 2 2 2 13 288 1178 287
2985 2 2 1 13 1082 1179 1080
2986 2 2 2 13 1082 1179 1080
2987 2 2 1 13 277 1181 276
2988 2 2 2 13 277 1181 276
2989 2 2 1 13 1137 1183 1082
2990 2 2 2 13 1137 1183 1082
2991 2 2 1 13 298 1182 297
2992 2 2 2 13 298 1182 297
2993 2 2 1 13 1149 1183 910
2994 2 2 2 13 1149 1183 910
2995 2 2 1 13 1152 1180 1171
2996 2 2 2 13 1152 1180 1171
2997 2 2 1 13 1026 1170 1165
2998 2 2 2 13 1026 1170 1165
2999 2 2 1 13 896 1180 1152
3000 2 2 2 13 896 1180 1152
3001 2 2 1 13 1171 1180 1085
3002 2 2 2 13 1171 1180 1085
$EndElements
