$MeshFormat
2.2 0 8
$EndMeshFormat
$PhysicalNames
4
2 1 "woofers"
2 2 "bmr"
2 92 "roundovers"
2 93 "enclosure"
$EndPhysicalNames
$Nodes
1610
1 -0.1 0.24 0
2 -0.1 -0.24 0
3 -0.1 0.24 0.04
4 -0.1 -0.24 0.04
5 -0.09 -0.25 0
6 0.09 -0.25 0
7 0.1 -0.24 0
8 0.1 0.24 0
9 0.09 0.25 0
10 -0.09 0.25 0
11 -0.09 0.25 0.04
12 -0.09 -0.25 0.04
13 -0.09 -0.24 0.05
14 -0.09 0.24 0.05
15 0.09 0.25 0.04
16 0.09 -0.25 0.04
17 0.1 0.24 0.04
18 0.1 -0.24 0.04
19 0.09 -0.24 0.05
20 0.09 0.24 0.05
21 0.0525 -0.12 0.05
22 -0.034 0 0.05
23 0.0525 0.12 0.05
24 -0.1 0.1866666666666666 0
25 -0.1 0.1333333333333333 0
26 -0.1 0.07999999999999993 0
27 -0.1 0.02666666666666659 0
28 -0.1 -0.02666666666666667 0
29 -0.1 -0.08000000000000007 0
30 -0.1 -0.1333333333333334 0
31 -0.1 -0.1866666666666668 0
32 -0.1 0.24 0.02558678031088097
33 -0.1 0.2336842105263158 0.04
34 -0.1 0.2273684210526316 0.04
35 -0.1 0.2210526315789473 0.04
36 -0.1 0.2147368421052631 0.04
37 -0.1 0.2084210526315789 0.04
38 -0.1 0.2021052631578947 0.04
39 -0.1 0.1957894736842105 0.04
40 -0.1 0.1894736842105262 0.04
41 -0.1 0.183157894736842 0.04
42 -0.1 0.1768421052631578 0.04
43 -0.1 0.1705263157894736 0.04
44 -0.1 0.1642105263157894 0.04
45 -0.1 0.1578947368421052 0.04
46 -0.1 0.151578947368421 0.04
47 -0.1 0.1452631578947368 0.04
48 -0.1 0.1389473684210525 0.04
49 -0.1 0.1326315789473683 0.04
50 -0.1 0.1263157894736841 0.04
51 -0.1 0.1199999999999999 0.04
52 -0.1 0.1136842105263157 0.04
53 -0.1 0.1073684210526315 0.04
54 -0.1 0.1010526315789472 0.04
55 -0.1 0.09473684210526304 0.04
56 -0.1 0.08842105263157882 0.04
57 -0.1 0.08210526315789463 0.04
58 -0.1 0.07578947368421041 0.04
59 -0.1 0.06947368421052622 0.04
60 -0.1 0.063157894736842 0.04
61 -0.1 0.05684210526315778 0.04
62 -0.1 0.05052631578947356 0.04
63 -0.1 0.04421052631578937 0.04
64 -0.1 0.03789473684210515 0.04
65 -0.1 0.0315789473684209 0.04
66 -0.1 0.02526315789473665 0.04
67 -0.1 0.01894736842105244 0.04
68 -0.1 0.01263157894736816 0.04
69 -0.1 0.006315789473683914 0.04
70 -0.1 -3.33066907387547e-16 0.04
71 -0.1 -0.006315789473684497 0.04
72 -0.1 -0.01263157894736877 0.04
73 -0.1 -0.01894736842105299 0.04
74 -0.1 -0.02526315789473715 0.04
75 -0.1 -0.03157894736842137 0.04
76 -0.1 -0.03789473684210559 0.04
77 -0.1 -0.04421052631578981 0.04
78 -0.1 -0.05052631578947397 0.04
79 -0.1 -0.05684210526315819 0.04
80 -0.1 -0.06315789473684241 0.04
81 -0.1 -0.06947368421052663 0.04
82 -0.1 -0.07578947368421085 0.04
83 -0.1 -0.08210526315789507 0.04
84 -0.1 -0.08842105263157929 0.04
85 -0.1 -0.09473684210526345 0.04
86 -0.1 -0.1010526315789477 0.04
87 -0.1 -0.1073684210526319 0.04
88 -0.1 -0.1136842105263161 0.04
89 -0.1 -0.1200000000000003 0.04
90 -0.1 -0.1263157894736845 0.04
91 -0.1 -0.1326315789473688 0.04
92 -0.1 -0.138947368421053 0.04
93 -0.1 -0.1452631578947371 0.04
94 -0.1 -0.1515789473684214 0.04
95 -0.1 -0.1578947368421056 0.04
96 -0.1 -0.1642105263157898 0.04
97 -0.1 -0.170526315789474 0.04
98 -0.1 -0.1768421052631582 0.04
99 -0.1 -0.1831578947368424 0.04
100 -0.1 -0.1894736842105266 0.04
101 -0.1 -0.1957894736842108 0.04
102 -0.1 -0.202105263157895 0.04
103 -0.1 -0.2084210526315792 0.04
104 -0.1 -0.2147368421052633 0.04
105 -0.1 -0.2210526315789475 0.04
106 -0.1 -0.2273684210526317 0.04
107 -0.1 -0.2336842105263158 0.04
108 -0.1 -0.24 0.02558678031088097
109 -0.09707106781186546 -0.2470710678118655 0
110 -0.04499999999999988 -0.25 0
111 1.110223024625157e-16 -0.25 0
112 0.04500000000000007 -0.25 0
113 0.09707106781186547 -0.2470710678118655 0
114 0.1 -0.1866666666666666 0
115 0.1 -0.1333333333333333 0
116 0.1 -0.07999999999999993 0
117 0.1 -0.02666666666666659 0
118 0.1 0.02666666666666667 0
119 0.1 0.08000000000000007 0
120 0.1 0.1333333333333334 0
121 0.1 0.1866666666666668 0
122 0.09707106781186547 0.2470710678118655 0
123 0.04499999999999988 0.25 0
124 -1.110223024625157e-16 0.25 0
125 -0.04500000000000007 0.25 0
126 -0.09707106781186547 0.2470710678118655 0
127 -0.095 0.2486602540378444 0.04
128 -0.0986602540378444 0.245 0.04
129 -0.09 0.25 0.02558678031088097
130 -0.09 -0.25 0.02558678031088097
131 -0.095 -0.2486602540378444 0.04
132 -0.0986602540378444 -0.245 0.04
133 -0.09499999999999999 -0.24 0.04866025403784439
134 -0.09866025403784438 -0.24 0.04500000000000001
135 -0.09 0.2336842105263158 0.05
136 -0.09 0.2273684210526316 0.05
137 -0.09 0.2210526315789473 0.05
138 -0.09 0.2147368421052631 0.05
139 -0.09 0.2084210526315789 0.05
140 -0.09 0.2021052631578947 0.05
141 -0.09 0.1957894736842105 0.05
142 -0.09 0.1894736842105262 0.05
143 -0.09 0.183157894736842 0.05
144 -0.09 0.1768421052631578 0.05
145 -0.09 0.1705263157894736 0.05
146 -0.09 0.1642105263157894 0.05
147 -0.09 0.1578947368421052 0.05
148 -0.09 0.151578947368421 0.05
149 -0.09 0.1452631578947368 0.05
150 -0.09 0.1389473684210525 0.05
151 -0.09 0.1326315789473683 0.05
152 -0.09 0.1263157894736841 0.05
153 -0.09 0.1199999999999999 0.05
154 -0.09 0.1136842105263157 0.05
155 -0.09 0.1073684210526315 0.05
156 -0.09 0.1010526315789472 0.05
157 -0.09 0.09473684210526304 0.05
158 -0.09 0.08842105263157882 0.05
159 -0.09 0.08210526315789463 0.05
160 -0.09 0.07578947368421041 0.05
161 -0.09 0.06947368421052622 0.05
162 -0.09 0.063157894736842 0.05
163 -0.09 0.05684210526315778 0.05
164 -0.09 0.05052631578947356 0.05
165 -0.09 0.04421052631578937 0.05
166 -0.09 0.03789473684210515 0.05
167 -0.09 0.0315789473684209 0.05
168 -0.09 0.02526315789473665 0.05
169 -0.09 0.01894736842105244 0.05
170 -0.09 0.01263157894736816 0.05
171 -0.09 0.006315789473683914 0.05
172 -0.09 -3.33066907387547e-16 0.05
173 -0.09 -0.006315789473684497 0.05
174 -0.09 -0.01263157894736877 0.05
175 -0.09 -0.01894736842105299 0.05
176 -0.09 -0.02526315789473715 0.05
177 -0.09 -0.03157894736842137 0.05
178 -0.09 -0.03789473684210559 0.05
179 -0.09 -0.04421052631578981 0.05
180 -0.09 -0.05052631578947397 0.05
181 -0.09 -0.05684210526315819 0.05
182 -0.09 -0.06315789473684241 0.05
183 -0.09 -0.06947368421052663 0.05
184 -0.09 -0.07578947368421085 0.05
185 -0.09 -0.08210526315789507 0.05
186 -0.09 -0.08842105263157929 0.05
187 -0.09 -0.09473684210526345 0.05
188 -0.09 -0.1010526315789477 0.05
189 -0.09 -0.1073684210526319 0.05
190 -0.09 -0.1136842105263161 0.05
191 -0.09 -0.1200000000000003 0.05
192 -0.09 -0.1263157894736845 0.05
193 -0.09 -0.1326315789473688 0.05
194 -0.09 -0.138947368421053 0.05
195 -0.09 -0.1452631578947371 0.05
196 -0.09 -0.1515789473684214 0.05
197 -0.09 -0.1578947368421056 0.05
198 -0.09 -0.1642105263157898 0.05
199 -0.09 -0.170526315789474 0.05
200 -0.09 -0.1768421052631582 0.05
201 -0.09 -0.1831578947368424 0.05
202 -0.09 -0.1894736842105266 0.05
203 -0.09 -0.1957894736842108 0.05
204 -0.09 -0.202105263157895 0.05
205 -0.09 -0.2084210526315792 0.05
206 -0.09 -0.2147368421052633 0.05
207 -0.09 -0.2210526315789475 0.05
208 -0.09 -0.2273684210526317 0.05
209 -0.09 -0.2336842105263158 0.05
210 -0.09499999999999999 0.24 0.04866025403784439
211 -0.09866025403784438 0.24 0.04500000000000001
212 0.09 0.25 0.02558678031088097
213 0.08379310344827585 0.25 0.04
214 0.0775862068965517 0.25 0.04
215 0.07137931034482756 0.25 0.04
216 0.0651724137931034 0.25 0.04
217 0.05896551724137925 0.25 0.04
218 0.05275862068965511 0.25 0.04
219 0.04655172413793097 0.25 0.04
220 0.04034482758620683 0.25 0.04
221 0.03413793103448268 0.25 0.04
222 0.02793103448275851 0.25 0.04
223 0.02172413793103435 0.25 0.04
224 0.0155172413793102 0.25 0.04
225 0.009310344827586026 0.25 0.04
226 0.003103448275861884 0.25 0.04
227 -0.003103448275862286 0.25 0.04
228 -0.009310344827586428 0.25 0.04
229 -0.01551724137931057 0.25 0.04
230 -0.02172413793103468 0.25 0.04
231 -0.02793103448275883 0.25 0.04
232 -0.03413793103448295 0.25 0.04
233 -0.04034482758620705 0.25 0.04
234 -0.04655172413793118 0.25 0.04
235 -0.05275862068965528 0.25 0.04
236 -0.05896551724137938 0.25 0.04
237 -0.06517241379310351 0.25 0.04
238 -0.07137931034482764 0.25 0.04
239 -0.07758620689655177 0.25 0.04
240 -0.08379310344827587 0.25 0.04
241 -0.08379310344827585 -0.25 0.04
242 -0.0775862068965517 -0.25 0.04
243 -0.07137931034482756 -0.25 0.04
244 -0.0651724137931034 -0.25 0.04
245 -0.05896551724137925 -0.25 0.04
246 -0.05275862068965511 -0.25 0.04
247 -0.04655172413793097 -0.25 0.04
248 -0.04034482758620683 -0.25 0.04
249 -0.03413793103448268 -0.25 0.04
250 -0.02793103448275851 -0.25 0.04
251 -0.02172413793103435 -0.25 0.04
252 -0.0155172413793102 -0.25 0.04
253 -0.009310344827586026 -0.25 0.04
254 -0.003103448275861884 -0.25 0.04
255 0.003103448275862286 -0.25 0.04
256 0.009310344827586428 -0.25 0.04
257 0.01551724137931057 -0.25 0.04
258 0.02172413793103468 -0.25 0.04
259 0.02793103448275883 -0.25 0.04
260 0.03413793103448295 -0.25 0.04
261 0.04034482758620705 -0.25 0.04
262 0.04655172413793118 -0.25 0.04
263 0.05275862068965528 -0.25 0.04
264 0.05896551724137938 -0.25 0.04
265 0.06517241379310351 -0.25 0.04
266 0.07137931034482764 -0.25 0.04
267 0.07758620689655177 -0.25 0.04
268 0.08379310344827587 -0.25 0.04
269 0.09 -0.25 0.02558678031088097
270 0.095 0.2486602540378444 0.04
271 0.0986602540378444 0.245 0.04
272 0.1 0.24 0.02558678031088097
273 0.1 -0.24 0.02558678031088097
274 0.09866025403784438 -0.245 0.04
275 0.09499999999999999 -0.2486602540378444 0.04
276 0.1 -0.2336842105263158 0.04
277 0.1 -0.2273684210526316 0.04
278 0.1 -0.2210526315789473 0.04
279 0.1 -0.2147368421052631 0.04
280 0.1 -0.2084210526315789 0.04
281 0.1 -0.2021052631578947 0.04
282 0.1 -0.1957894736842105 0.04
283 0.1 -0.1894736842105262 0.04
284 0.1 -0.183157894736842 0.04
285 0.1 -0.1768421052631578 0.04
286 0.1 -0.1705263157894736 0.04
287 0.1 -0.1642105263157894 0.04
288 0.1 -0.1578947368421052 0.04
289 0.1 -0.151578947368421 0.04
290 0.1 -0.1452631578947368 0.04
291 0.1 -0.1389473684210525 0.04
292 0.1 -0.1326315789473683 0.04
293 0.1 -0.1263157894736841 0.04
294 0.1 -0.1199999999999999 0.04
295 0.1 -0.1136842105263157 0.04
296 0.1 -0.1073684210526315 0.04
297 0.1 -0.1010526315789472 0.04
298 0.1 -0.09473684210526304 0.04
299 0.1 -0.08842105263157882 0.04
300 0.1 -0.08210526315789463 0.04
301 0.1 -0.07578947368421041 0.04
302 0.1 -0.06947368421052622 0.04
303 0.1 -0.063157894736842 0.04
304 0.1 -0.05684210526315778 0.04
305 0.1 -0.05052631578947356 0.04
306 0.1 -0.04421052631578937 0.04
307 0.1 -0.03789473684210515 0.04
308 0.1 -0.0315789473684209 0.04
309 0.1 -0.02526315789473665 0.04
310 0.1 -0.01894736842105244 0.04
311 0.1 -0.01263157894736816 0.04
312 0.1 -0.006315789473683914 0.04
313 0.1 3.33066907387547e-16 0.04
314 0.1 0.006315789473684497 0.04
315 0.1 0.01263157894736877 0.04
316 0.1 0.01894736842105299 0.04
317 0.1 0.02526315789473715 0.04
318 0.1 0.03157894736842137 0.04
319 0.1 0.03789473684210559 0.04
320 0.1 0.04421052631578981 0.04
321 0.1 0.05052631578947397 0.04
322 0.1 0.05684210526315819 0.04
323 0.1 0.06315789473684241 0.04
324 0.1 0.06947368421052663 0.04
325 0.1 0.07578947368421085 0.04
326 0.1 0.08210526315789507 0.04
327 0.1 0.08842105263157929 0.04
328 0.1 0.09473684210526345 0.04
329 0.1 0.1010526315789477 0.04
330 0.1 0.1073684210526319 0.04
331 0.1 0.1136842105263161 0.04
332 0.1 0.1200000000000003 0.04
333 0.1 0.1263157894736845 0.04
334 0.1 0.1326315789473688 0.04
335 0.1 0.138947368421053 0.04
336 0.1 0.1452631578947371 0.04
337 0.1 0.1515789473684214 0.04
338 0.1 0.1578947368421056 0.04
339 0.1 0.1642105263157898 0.04
340 0.1 0.170526315789474 0.04
341 0.1 0.1768421052631582 0.04
342 0.1 0.1831578947368424 0.04
343 0.1 0.1894736842105266 0.04
344 0.1 0.1957894736842108 0.04
345 0.1 0.202105263157895 0.04
346 0.1 0.2084210526315792 0.04
347 0.1 0.2147368421052633 0.04
348 0.1 0.2210526315789475 0.04
349 0.1 0.2273684210526317 0.04
350 0.1 0.2336842105263158 0.04
351 -0.09 0.2486602540378444 0.045
352 -0.09 0.245 0.04866025403784439
353 -0.09 -0.2486602540378444 0.045
354 -0.09 -0.245 0.04866025403784439
355 -0.08379310344827585 -0.24 0.05
356 -0.0775862068965517 -0.24 0.05
357 -0.07137931034482756 -0.24 0.05
358 -0.0651724137931034 -0.24 0.05
359 -0.05896551724137925 -0.24 0.05
360 -0.05275862068965511 -0.24 0.05
361 -0.04655172413793097 -0.24 0.05
362 -0.04034482758620683 -0.24 0.05
363 -0.03413793103448268 -0.24 0.05
364 -0.02793103448275851 -0.24 0.05
365 -0.02172413793103435 -0.24 0.05
366 -0.0155172413793102 -0.24 0.05
367 -0.009310344827586026 -0.24 0.05
368 -0.003103448275861884 -0.24 0.05
369 0.003103448275862286 -0.24 0.05
370 0.009310344827586428 -0.24 0.05
371 0.01551724137931057 -0.24 0.05
372 0.02172413793103468 -0.24 0.05
373 0.02793103448275883 -0.24 0.05
374 0.03413793103448295 -0.24 0.05
375 0.04034482758620705 -0.24 0.05
376 0.04655172413793118 -0.24 0.05
377 0.05275862068965528 -0.24 0.05
378 0.05896551724137938 -0.24 0.05
379 0.06517241379310351 -0.24 0.05
380 0.07137931034482764 -0.24 0.05
381 0.07758620689655177 -0.24 0.05
382 0.08379310344827587 -0.24 0.05
383 0.09 -0.2336842105263158 0.05
384 0.09 -0.2273684210526316 0.05
385 0.09 -0.2210526315789473 0.05
386 0.09 -0.2147368421052631 0.05
387 0.09 -0.2084210526315789 0.05
388 0.09 -0.2021052631578947 0.05
389 0.09 -0.1957894736842105 0.05
390 0.09 -0.1894736842105262 0.05
391 0.09 -0.183157894736842 0.05
392 0.09 -0.1768421052631578 0.05
393 0.09 -0.1705263157894736 0.05
394 0.09 -0.1642105263157894 0.05
395 0.09 -0.1578947368421052 0.05
396 0.09 -0.151578947368421 0.05
397 0.09 -0.1452631578947368 0.05
398 0.09 -0.1389473684210525 0.05
399 0.09 -0.1326315789473683 0.05
400 0.09 -0.1263157894736841 0.05
401 0.09 -0.1199999999999999 0.05
402 0.09 -0.1136842105263157 0.05
403 0.09 -0.1073684210526315 0.05
404 0.09 -0.1010526315789472 0.05
405 0.09 -0.09473684210526304 0.05
406 0.09 -0.08842105263157882 0.05
407 0.09 -0.08210526315789463 0.05
408 0.09 -0.07578947368421041 0.05
409 0.09 -0.06947368421052622 0.05
410 0.09 -0.063157894736842 0.05
411 0.09 -0.05684210526315778 0.05
412 0.09 -0.05052631578947356 0.05
413 0.09 -0.04421052631578937 0.05
414 0.09 -0.03789473684210515 0.05
415 0.09 -0.0315789473684209 0.05
416 0.09 -0.02526315789473665 0.05
417 0.09 -0.01894736842105244 0.05
418 0.09 -0.01263157894736816 0.05
419 0.09 -0.006315789473683914 0.05
420 0.09 3.33066907387547e-16 0.05
421 0.09 0.006315789473684497 0.05
422 0.09 0.01263157894736877 0.05
423 0.09 0.01894736842105299 0.05
424 0.09 0.02526315789473715 0.05
425 0.09 0.03157894736842137 0.05
426 0.09 0.03789473684210559 0.05
427 0.09 0.04421052631578981 0.05
428 0.09 0.05052631578947397 0.05
429 0.09 0.05684210526315819 0.05
430 0.09 0.06315789473684241 0.05
431 0.09 0.06947368421052663 0.05
432 0.09 0.07578947368421085 0.05
433 0.09 0.08210526315789507 0.05
434 0.09 0.08842105263157929 0.05
435 0.09 0.09473684210526345 0.05
436 0.09 0.1010526315789477 0.05
437 0.09 0.1073684210526319 0.05
438 0.09 0.1136842105263161 0.05
439 0.09 0.1200000000000003 0.05
440 0.09 0.1263157894736845 0.05
441 0.09 0.1326315789473688 0.05
442 0.09 0.138947368421053 0.05
443 0.09 0.1452631578947371 0.05
444 0.09 0.1515789473684214 0.05
445 0.09 0.1578947368421056 0.05
446 0.09 0.1642105263157898 0.05
447 0.09 0.170526315789474 0.05
448 0.09 0.1768421052631582 0.05
449 0.09 0.1831578947368424 0.05
450 0.09 0.1894736842105266 0.05
451 0.09 0.1957894736842108 0.05
452 0.09 0.202105263157895 0.05
453 0.09 0.2084210526315792 0.05
454 0.09 0.2147368421052633 0.05
455 0.09 0.2210526315789475 0.05
456 0.09 0.2273684210526317 0.05
457 0.09 0.2336842105263158 0.05
458 0.08379310344827585 0.24 0.05
459 0.0775862068965517 0.24 0.05
460 0.07137931034482756 0.24 0.05
461 0.0651724137931034 0.24 0.05
462 0.05896551724137925 0.24 0.05
463 0.05275862068965511 0.24 0.05
464 0.04655172413793097 0.24 0.05
465 0.04034482758620683 0.24 0.05
466 0.03413793103448268 0.24 0.05
467 0.02793103448275851 0.24 0.05
468 0.02172413793103435 0.24 0.05
469 0.0155172413793102 0.24 0.05
470 0.009310344827586026 0.24 0.05
471 0.003103448275861884 0.24 0.05
472 -0.003103448275862286 0.24 0.05
473 -0.009310344827586428 0.24 0.05
474 -0.01551724137931057 0.24 0.05
475 -0.02172413793103468 0.24 0.05
476 -0.02793103448275883 0.24 0.05
477 -0.03413793103448295 0.24 0.05
478 -0.04034482758620705 0.24 0.05
479 -0.04655172413793118 0.24 0.05
480 -0.05275862068965528 0.24 0.05
481 -0.05896551724137938 0.24 0.05
482 -0.06517241379310351 0.24 0.05
483 -0.07137931034482764 0.24 0.05
484 -0.07758620689655177 0.24 0.05
485 -0.08379310344827587 0.24 0.05
486 0.03273321459758358 -0.0789538471704285 0.05
487 -0.01168234903270641 -0.06881628461045423 0.05
488 -0.04730086556487697 -0.09722110369632812 0.05
489 -0.04730086556487702 -0.1427788963036717 0.05
490 -0.01168234903270656 -0.1711837153895457 0.05
491 0.0327332145975835 -0.1610461528295716 0.05
492 -0.04002416317026027 0.01250930371948848 0.05
493 -0.05356033494330106 0.01559884659490917 0.05
494 -0.06441550188643873 0.00694213982588088 0.05
495 -0.06441550188643867 -0.006942139825880998 0.05
496 -0.05356033494330094 -0.0155988465949092 0.05
497 -0.04002416317026021 -0.01250930371948844 0.05
498 0.03273321459758358 0.1610461528295715 0.05
499 -0.01168234903270641 0.1711837153895457 0.05
500 -0.04730086556487697 0.1427788963036719 0.05
501 -0.04730086556487702 0.09722110369632825 0.05
502 -0.01168234903270656 0.06881628461045428 0.05
503 0.0327332145975835 0.07895384717042843 0.05
504 0.09 0.2486602540378444 0.045
505 0.09 0.245 0.04866025403784439
506 0.09 -0.245 0.04866025403784439
507 0.09 -0.2486602540378444 0.04500000000000001
508 0.09499999999999999 0.24 0.04866025403784439
509 0.09866025403784438 0.24 0.04500000000000001
510 0.09866025403784438 -0.24 0.045
511 0.09499999999999999 -0.24 0.04866025403784439
512 -0.1 0.2178947368421053 0.03282903760109707
513 -0.1 -0.2178947368421056 0.0328290376010973
514 -0.1 -0.2030075187969927 0.03397437189023798
515 -0.1 0.2030075187969924 0.03397437189023796
516 -0.1 0.1934436090225563 0.03476773038765826
517 -0.1 -0.1926315789473692 0.03453036587083517
518 -0.1 -0.1801918060457271 0.03495219038141115
519 -0.1 0.1803028302859513 0.03327197212373059
520 -0.1 -0.1673684210526319 0.03453036587083512
521 -0.1 0.1673684210526315 0.03453036587083514
522 -0.1 0.1545450360595365 0.03495204510674198
523 -0.1 0.1421052631578946 0.03453036587083513
524 -0.1 0.1288982660733465 0.03466509349657941
525 -0.1 0.115463863740985 0.03485291365178496
526 -0.1 0.1043941383506376 0.03500412038228441
527 -0.1 0.08897031992540855 0.02995861178212504
528 -0.1 0.07588101823318205 0.03492571279422178
529 -0.1 0.06696567733084682 0.0349042755554855
530 -0.1 0.05693494638560961 0.03422400842768856
531 -0.1 0.04140838086990406 0.03498069652390403
532 -0.1 0.02842105263157887 0.03453036587083511
533 -0.1 0.01559766763848366 0.03495234104283862
534 -0.1 0.00315789473684186 0.03453036587083513
535 -0.1 -0.008210526315789834 0.03482592551321191
536 -0.1 -0.02165314890725389 0.03463615373493326
537 -0.1 -0.03631505995564638 0.03435474251234005
538 -0.1 -0.04884526557087976 0.03510608909716938
539 -0.1 -0.06000000000000028 0.03453036587083512
540 -0.1 -0.07243977290164194 0.03495213050349327
541 -0.1 -0.08429247763903136 0.03497774788885882
542 -0.1 -0.09745213938261366 0.03464092629830398
543 -0.1 -0.1106441181494872 0.03483650329886015
544 -0.1 -0.1229363136598141 0.03408518772436035
545 -0.1 -0.1373958536687104 0.03269053332090607
546 -0.1 -0.1493335417320476 0.03239312509263604
547 -0.1 -0.05131363046368925 0.02201792727196684
548 -0.1 -0.2213339999944925 0.01376617825733741
549 -0.1 0.2213339999944924 0.01376617825733749
550 -0.1 0.1596335667719707 0.02438237043074554
551 -0.1 -0.1075409938795469 0.02139980187951258
552 -0.1 -0.004717367137126616 0.02201860069459793
553 -0.1 0.1124070564439888 0.02279305235523038
554 -0.1 -0.2315789473684212 0.03410078045564206
555 -0.1 0.2315789473684211 0.03410078045564183
556 -0.1 0.04688112695128888 0.02198131895000064
557 -0.1 -0.1809294293059774 0.02532791222061703
558 -0.1 -0.159946278406951 0.02161414048508513
559 -0.1 -0.1418965382703139 0.02157367966765329
560 -0.1 -0.1949628282170854 0.02345172145889332
561 -0.1 -0.2093955384523606 0.02332978490880723
562 -0.1 0.1949999144281175 0.02508800634288082
563 -0.1 0.2085274729160835 0.02352507093064618
564 -0.1 -0.1286206065623438 0.02194984051848646
565 -0.1 0.0709176006431273 0.02554167095210681
566 -0.1 0.01933450691462218 0.0246688320715179
567 -0.1 0.1352754971561068 0.0232741764306781
568 -0.1 -0.2106911377656604 0.0340266388800285
569 -0.1 -0.02813317462607656 0.02260548484276761
570 -0.1 -0.0789473684210526 0.02506539639542441
571 -0.1 -0.2241094062060791 0.02653726370591968
572 -0.1 0.2240644825693741 0.02596823333050471
573 -0.1 0.2242105263157894 0.03453036587083512
574 -0.1 0.2105175246584046 0.03406569608439624
575 -0.1 -0.2242105263157899 0.03453036587083648
576 -0.04761784964160762 0.001220657961840337 0
577 0.0544968400523681 0.1056349362959088 0
578 -0.05397578792414037 -0.1067196995310219 0
579 0.04955901929524361 -0.05309873316542708 0
580 -0.05381197846482993 0.1599999999999999 0
581 0.05381197846482993 -0.1599999999999999 0
582 -0.02249999999999988 -0.2110288568297003 0
583 0.02357938427238867 0.2079774296615683 0
584 -0.06749999999999995 -0.2207716426222752 0
585 0.06749999999999995 0.2207716426222752 0
586 -0.07967189473211791 0.2245909112652704 0
587 0.07582199527586223 -0.2269281604984155 0
588 -0.04891904398040343 -0.1668530672097462 0
589 -0.003480912745337224 -0.1330220503868508 0
590 -0.006575992522817533 -0.08010884009140656 0
591 0.04576892131230216 -0.1068352614289213 0
592 0.001400891548219417 -0.02551218165766852 0
593 0.0524154216841191 0.0008063024332820579 0
594 0.004426048671157002 0.02848600846709857 0
595 -0.04694876024767546 0.05472246808409273 0
596 0.006530264521551154 0.07913650725050388 0
597 -0.05376943096189371 -0.05339586175671181 0
598 0.05279697977873195 0.1615378374616753 0
599 -0.005147071884125169 0.1609442236853315 0
600 -0.02395652328952601 0.2042015905010976 0
601 0.05297809582153255 0.05345507018557667 0
602 0.04930980512792345 -0.2028800296156097 0
603 -0.04056808652851093 0.1130939224950848 0
604 0.008780343523331367 -0.1782221526506311 0
605 0.0154009403755029 0.1235209251123324 0
606 -0.0633594736605895 0.1962878896596855 0
607 0.01611802973025102 -0.2184262078191882 0
608 -0.09707106781186549 0.2470710678118655 0.02360343166408958
609 -0.09707106781186549 -0.2470710678118654 0.02360343166408958
610 -0.09707106781186546 -0.2355300912200666 0.04707106781186549
611 -0.09707106781186546 0.2355300912200665 0.04707106781186549
612 -0.09526111638493424 -0.2242105263157896 0.04850415512465386
613 -0.09850415512465324 -0.1926315789473687 0.04526111638493522
614 -0.09850415512465324 -0.2052631578947371 0.04526111638493522
615 -0.09850415512465324 -0.003157894736842415 0.04526111638493522
616 -0.09850415512465324 -0.02210526315789507 0.04526111638493522
617 -0.09850415512465324 -0.04736842105263189 0.04526111638493522
618 -0.09850415512465324 -0.09157894736842137 0.04526111638493522
619 -0.09850415512465324 -0.1231578947368424 0.04526111638493522
620 -0.09850415512465324 -0.1421052631578951 0.04526111638493522
621 -0.09850415512465324 -0.1800000000000003 0.04526111638493522
622 -0.09850415512465324 0.1042105263157894 0.04526111638493524
623 -0.09850415512465324 0.1610526315789473 0.04526111638493524
624 -0.09850415512465323 0.1294736842105262 0.04526111638493525
625 -0.09526111638493429 0.1484210526315788 0.04850415512465382
626 -0.09850415512465324 0.1168421052631578 0.04526111638493524
627 -0.09850415512465324 0.09157894736842093 0.04526111638493524
628 -0.09850415512465324 0.07894736842105252 0.04526111638493524
629 -0.09850415512465324 0.04736842105263145 0.04526111638493524
630 -0.09850415512465323 0.1799999999999999 0.04526111638493525
631 -0.0952611163849343 0.06631578947368411 0.04850415512465382
632 -0.09526111638493433 0.0157894736842103 0.04850415512465381
633 -0.09850415512465323 0.2242105263157894 0.04526111638493526
634 -0.09850415512465323 0.211578947368421 0.04526111638493526
635 -0.09850415512465323 0.1989473684210526 0.04526111638493526
636 -0.09850415512465323 -0.03473684210526345 0.04526111638493526
637 -0.09850415512465323 -0.06000000000000028 0.04526111638493526
638 -0.09850415512465323 -0.07263157894736877 0.04526111638493526
639 -0.09850415512465323 -0.1042105263157898 0.04526111638493526
640 -0.09850415512465323 -0.1547368421052635 0.04526111638493526
641 -0.09850415512465323 -0.1673684210526319 0.04526111638493526
642 -0.09526111638493433 0.03473684210526304 0.04850415512465381
643 -0.0985041551246511 -0.2178947368421054 0.04526111638493869
644 -0.09850415512465109 0.1421052631578946 0.04526111638493871
645 -0.09850415512465108 0.05999999999999989 0.04526111638493872
646 -0.09850415512465108 0.02842105263157879 0.04526111638493873
647 -0.09850415512465108 0.009473684210526023 0.04526111638493874
648 -0.0952611163849271 -0.1989473684210529 0.04850415512465828
649 -0.09526111638492714 -0.009473684210526634 0.04850415512465825
650 -0.09526111638492714 -0.1294736842105266 0.04850415512465825
651 -0.09526111638492714 0.09789473684210515 0.04850415512465825
652 -0.09526111638492714 -0.02842105263157924 0.04850415512465825
653 -0.09526111638492714 -0.05368421052631606 0.04850415512465825
654 -0.09526111638492714 -0.08526315789473715 0.04850415512465825
655 -0.09526111638492714 -0.09789473684210553 0.04850415512465825
656 -0.09526111638492714 -0.1168421052631582 0.04850415512465825
657 -0.09526111638492714 -0.1484210526315792 0.04850415512465825
658 -0.09526111638492714 -0.04105263157894767 0.04850415512465825
659 -0.09526111638492714 -0.1736842105263161 0.04850415512465825
660 -0.0952611163849271 -0.1863157894736845 0.04850415512465828
661 -0.09526111638492714 0.1105263157894736 0.04850415512465825
662 -0.09526111638492714 0.08526315789473674 0.04850415512465825
663 -0.09526111638492715 0.1863157894736841 0.04850415512465824
664 -0.09526111638492714 0.1673684210526315 0.04850415512465825
665 -0.09526111638492715 -0.06631578947368455 0.04850415512465824
666 -0.09526111638492714 0.123157894736842 0.04850415512465825
667 -0.09526111638492715 0.2178947368421052 0.04850415512465824
668 -0.09526111638492715 0.2052631578947368 0.04850415512465824
669 -0.09526111638492715 -0.1610526315789477 0.04850415512465824
670 -0.09526111638492711 -0.2115789473684213 0.04850415512465826
671 -0.09526111638492715 0.05368421052631567 0.04850415512465824
672 -0.09526111638492715 0.003157894736841804 0.04850415512465824
673 -0.09526111638492715 0.1357894736842104 0.04850415512465824
674 -0.09525345074134917 -0.0157744584434697 0.04850889271928011
675 -0.09525345074134982 -0.135774458443471 0.04850889271927969
676 -0.09526111638490475 0.1547368421052631 0.0485041551246721
677 -0.09526111638502267 0.1926315789473683 0.04850415512459915
678 -0.09526111638492149 0.02210526315789454 0.04850415512466175
679 -0.0985041551246422 -0.110526315789474 0.04526111638495309
680 -0.09526111638490477 0.1736842105263157 0.04850415512467209
681 -0.09850415512464221 0.07263157894736832 0.04526111638495307
682 -0.09526111638490474 0.04105263157894726 0.04850415512467211
683 -0.09526111638502267 -0.07894736842105293 0.04850415512459915
684 -0.09506791151074556 -0.2301492324743232 0.0486206886569028
685 -0.09862068865693208 0.2301492324743102 0.04506791151069577
686 -0.09459013719912084 0.2305263157894737 0.04888429178343705
687 -0.09888429178343466 -0.2305263157894737 0.04459013719912545
688 -0.09894271977047678 -0.01578947368421091 0.04447523888822974
689 -0.09894271977047714 -0.1357894736842109 0.04447523888822901
690 -0.09893554077166851 0.1533494610479456 0.0444895557817951
691 -0.09893554077166841 0.03966525052162978 0.04448955578179529
692 -0.098935540771668 0.1722968294689982 0.04448955578179612
693 -0.09893554077167224 0.02071788210057393 0.04448955578178766
694 -0.09894499525689616 -0.1863157894736845 0.04447068896861603
695 -0.09894499525689648 -0.1989473684210529 0.0444706889686154
696 -0.09894499525689651 -0.2115789473684213 0.04447068896861534
697 -0.09894499525689643 0.1673684210526315 0.0444706889686155
698 -0.09893498779259437 -0.01086026225746939 0.04449065620440816
699 -0.09893498779259423 -0.1308602622574697 0.04449065620440846
700 -0.09894499525689646 -0.04105263157894767 0.04447068896861545
701 -0.09894499525689629 -0.1736842105263161 0.04447068896861579
702 -0.09894499525689647 -0.02842105263157924 0.04447068896861543
703 -0.09894499525689643 -0.05368421052631606 0.04447068896861551
704 -0.09893554077167982 -0.08387577683741654 0.04448955578177257
705 -0.09894499525689669 -0.09789473684210553 0.04447068896861499
706 -0.09894499525689635 -0.1168421052631582 0.04447068896861566
707 -0.09894499525689662 -0.1484210526315792 0.04447068896861511
708 -0.09894499525689643 0.1105263157894736 0.0444706889686155
709 -0.0989449952568964 0.09789473684210515 0.04447068896861556
710 -0.09894499525689639 0.08526315789473674 0.04447068896861557
711 -0.09894499525689641 0.123157894736842 0.04447068896861553
712 -0.09894499525689651 0.003157894736841804 0.04447068896861533
713 -0.09894499525689643 0.05368421052631567 0.0444706889686155
714 -0.09893554077167976 0.1877031705310047 0.0444895557817727
715 -0.09894499525689644 0.1357894736842104 0.04447068896861548
716 -0.09894499525689644 0.2178947368421052 0.04447068896861547
717 -0.09894499525689644 0.2052631578947368 0.04447068896861547
718 -0.09894499525689628 -0.06631578947368455 0.04447068896861581
719 -0.09894499525689608 -0.1610526315789477 0.0444706889686162
720 -0.09891347629041067 -0.225324999267093 0.04453320421118296
721 -0.09894499525689857 0.1484210526315788 0.04447068896861122
722 -0.09894499525689847 0.06631578947368411 0.04447068896861143
723 -0.09894499525689847 0.0157894736842103 0.04447068896861141
724 -0.09894499525689851 0.03473684210526304 0.04447068896861133
725 -0.09447068896858506 -0.1926315789473687 0.04894499525691165
726 -0.09447068896858439 -0.205263157894737 0.04894499525691198
727 -0.09447068896858458 -0.003157894736842415 0.04894499525691189
728 -0.09447068896858427 -0.02210526315789507 0.04894499525691204
729 -0.09447068896858458 -0.04736842105263189 0.04894499525691189
730 -0.09447068896858427 -0.09157894736842137 0.04894499525691204
731 -0.09447068896858492 -0.1231578947368424 0.04894499525691171
732 -0.09447068896858427 -0.1421052631578951 0.04894499525691204
733 -0.09447068896858489 -0.1800000000000003 0.04894499525691173
734 -0.09447068896858446 0.1168421052631578 0.04894499525691194
735 -0.0944706889685844 0.09157894736842093 0.04894499525691198
736 -0.09448955578175271 0.07755998736372691 0.04893554077168981
737 -0.09447068896858432 0.1042105263157893 0.04894499525691201
738 -0.09447068896858429 0.04736842105263145 0.04894499525691202
739 -0.09447068896858438 0.1294736842105262 0.04894499525691199
740 -0.09447068896858436 0.1610526315789473 0.04894499525691199
741 -0.09447068896858438 0.1799999999999999 0.04894499525691198
742 -0.09453320421116521 0.2253249992670364 0.04891347629041969
743 -0.0944706889685844 0.211578947368421 0.04894499525691198
744 -0.09447068896858436 0.1989473684210526 0.04894499525691199
745 -0.09447068896858436 -0.03473684210526345 0.048944995256912
746 -0.09447068896858472 -0.06000000000000033 0.04894499525691182
747 -0.09447068896858438 -0.07263157894736871 0.04894499525691198
748 -0.09448955578175249 -0.1055979073731155 0.04893554077168991
749 -0.09447068896858526 -0.1547368421052635 0.04894499525691155
750 -0.09447068896858529 -0.1673684210526319 0.04894499525691153
751 -0.09447068896858157 -0.2178947368421054 0.04894499525691338
752 -0.09447068896858235 0.1421052631578947 0.048944995256913
753 -0.09447068896858234 0.05999999999999989 0.04894499525691301
754 -0.09447068896858246 0.02842105263157879 0.04894499525691294
755 -0.09447068896858218 0.009473684210526023 0.04894499525691309
756 -0.09447068896857368 0.07263157894736832 0.04894499525691734
757 -0.09447068896857341 -0.110526315789474 0.04894499525691746
758 -0.09894499525692471 -0.07894736842105299 0.04447068896855893
759 -0.09894499525692473 0.1926315789473683 0.04447068896855889
760 -0.09328409287799456 -0.2356238751053592 0.04944535515312714
761 -0.09959580178291809 -0.2363816403341295 0.04281435394770203
762 -0.09282058856192574 0.2363696805679147 0.04959397103207706
763 -0.09944687808513905 0.2356237357835533 0.04327970950611781
764 0.06663181607979043 0.25 0.03399983102154034
765 -0.06894401531147967 0.25 0.03299980285846375
766 0.05558806130065468 0.25 0.03328870239731052
767 -0.05364532019704443 0.25 0.03409132243131141
768 0.04287029659966407 0.25 0.03469894941115662
769 -0.04373910295997371 0.25 0.03457212354989105
770 -0.03328090776157383 0.25 0.03419822893537372
771 0.02966584154759039 0.25 0.03521021013455811
772 -0.01815752602085705 0.25 0.03473581717606241
773 0.0169375424873833 0.25 0.03448447719218233
774 -0.004872884514516423 0.25 0.03493289982866018
775 0.00431804220530832 0.25 0.03545483295936236
776 -0.0672249714079188 0.25 0.01400323983120444
777 0.068890160898254 0.25 0.01218736933392317
778 -0.08239229117354863 0.25 0.03387623858698097
779 0.08239229117354867 0.25 0.03387623858698097
780 0.02630412186406149 0.25 0.02215740946001943
781 -0.02434893436603741 0.25 0.01965407989049786
782 0.06070948146137781 0.25 0.0213210169131299
783 0.0460943922451516 0.25 0.02229321563632329
784 -0.06206896551724139 0.25 0.0257034960322327
785 -0.04704402888711279 0.25 0.02317464152435874
786 -2.359223927328458e-16 0.25 0.02530401205969366
787 -0.06191094556561302 0.25 0.03459112621206364
788 -0.07644471457583973 0.25 0.02382774678961537
789 0.0768248170250847 0.25 0.02307394425751921
790 0.07496288830396061 0.25 0.03419000277320811
791 -0.0753493076604495 0.25 0.03414075764701201
792 -0.06663181607979043 -0.25 0.03399983102154034
793 0.06894401531147967 -0.25 0.03299980285846375
794 -0.05558806130065468 -0.25 0.03328870239731052
795 0.05364532019704443 -0.25 0.03409132243131141
796 -0.04287029659966407 -0.25 0.03469894941115662
797 0.04373910295997371 -0.25 0.03457212354989105
798 0.03328090776157383 -0.25 0.03419822893537372
799 -0.02966584154759039 -0.25 0.03521021013455811
800 0.01815752602085705 -0.25 0.03473581717606241
801 -0.0169375424873833 -0.25 0.03448447719218233
802 0.004872884514516423 -0.25 0.03493289982866018
803 -0.00431804220530832 -0.25 0.03545483295936236
804 0.0672249714079188 -0.25 0.01400323983120444
805 -0.068890160898254 -0.25 0.01218736933392317
806 0.08239229117354863 -0.25 0.03387623858698097
807 -0.08239229117354867 -0.25 0.03387623858698097
808 -0.02630412186406149 -0.25 0.02215740946001943
809 0.02434893436603741 -0.25 0.01965407989049786
810 -0.06070948146137781 -0.25 0.0213210169131299
811 -0.0460943922451516 -0.25 0.02229321563632329
812 0.06206896551724139 -0.25 0.0257034960322327
813 0.04704402888711279 -0.25 0.02317464152435874
814 2.359223927328458e-16 -0.25 0.02530401205969366
815 0.06191094556561302 -0.25 0.03459112621206364
816 0.07644471457583973 -0.25 0.02382774678961537
817 -0.0768248170250847 -0.25 0.02307394425751921
818 -0.07496288830396061 -0.25 0.03419000277320811
819 0.0753493076604495 -0.25 0.03414075764701201
820 0.09707106781186549 0.2470710678118654 0.02360343166408958
821 0.09707106781186546 -0.2470710678118655 0.02360343166408958
822 0.1 -0.2178947368421053 0.03282903760109707
823 0.1 0.2178947368421056 0.0328290376010973
824 0.1 0.2030075187969927 0.03397437189023798
825 0.1 -0.2030075187969924 0.03397437189023796
826 0.1 -0.1934436090225563 0.03476773038765826
827 0.1 0.1926315789473692 0.03453036587083517
828 0.1 0.1801918060457271 0.03495219038141115
829 0.1 -0.1803028302859513 0.03327197212373059
830 0.1 0.1673684210526319 0.03453036587083512
831 0.1 -0.1673684210526315 0.03453036587083514
832 0.1 -0.1545450360595365 0.03495204510674198
833 0.1 -0.1421052631578946 0.03453036587083513
834 0.1 -0.1288982660733465 0.03466509349657941
835 0.1 -0.115463863740985 0.03485291365178496
836 0.1 -0.1043941383506376 0.03500412038228441
837 0.1 -0.08897031992540855 0.02995861178212504
838 0.1 -0.07588101823318205 0.03492571279422178
839 0.1 -0.06696567733084682 0.0349042755554855
840 0.1 -0.05693494638560961 0.03422400842768856
841 0.1 -0.04140838086990406 0.03498069652390403
842 0.1 -0.02842105263157887 0.03453036587083511
843 0.1 -0.01559766763848366 0.03495234104283862
844 0.1 -0.00315789473684186 0.03453036587083513
845 0.1 0.008210526315789834 0.03482592551321191
846 0.1 0.02165314890725389 0.03463615373493326
847 0.1 0.03631505995564638 0.03435474251234005
848 0.1 0.04884526557087976 0.03510608909716938
849 0.1 0.06000000000000028 0.03453036587083512
850 0.1 0.07243977290164194 0.03495213050349327
851 0.1 0.08429247763903136 0.03497774788885882
852 0.1 0.09745213938261366 0.03464092629830398
853 0.1 0.1106441181494872 0.03483650329886015
854 0.1 0.1229363136598141 0.03408518772436035
855 0.1 0.1373958536687104 0.03269053332090607
856 0.1 0.1493335417320476 0.03239312509263604
857 0.1 0.05131363046368925 0.02201792727196684
858 0.1 0.2213339999944925 0.01376617825733741
859 0.1 -0.2213339999944924 0.01376617825733749
860 0.1 -0.1596335667719707 0.02438237043074554
861 0.1 0.1075409938795469 0.02139980187951258
862 0.1 0.004717367137126616 0.02201860069459793
863 0.1 -0.1124070564439888 0.02279305235523038
864 0.1 0.2315789473684212 0.03410078045564206
865 0.1 -0.2315789473684211 0.03410078045564183
866 0.1 -0.04688112695128888 0.02198131895000064
867 0.1 0.1809294293059774 0.02532791222061703
868 0.1 0.159946278406951 0.02161414048508513
869 0.1 0.1418965382703139 0.02157367966765329
870 0.1 0.1949628282170854 0.02345172145889332
871 0.1 0.2093955384523606 0.02332978490880723
872 0.1 -0.1949999144281175 0.02508800634288082
873 0.1 -0.2085274729160835 0.02352507093064618
874 0.1 0.1286206065623438 0.02194984051848646
875 0.1 -0.0709176006431273 0.02554167095210681
876 0.1 -0.01933450691462218 0.0246688320715179
877 0.1 -0.1352754971561068 0.0232741764306781
878 0.1 0.2106911377656604 0.0340266388800285
879 0.1 0.02813317462607656 0.02260548484276761
880 0.1 0.0789473684210526 0.02506539639542441
881 0.1 0.2241094062060791 0.02653726370591968
882 0.1 -0.2240644825693741 0.02596823333050471
883 0.1 -0.2242105263157894 0.03453036587083512
884 0.1 -0.2105175246584046 0.03406569608439624
885 0.1 0.2242105263157899 0.03453036587083648
886 -0.09546840310809052 0.2441287072909433 0.04728356667801824
887 -0.09848232811533285 0.2437256978988158 0.04376421106084571
888 -0.09564336508511762 0.2472902624199381 0.04387356481351654
889 -0.09546446184076118 -0.2445127901522393 0.04705509616041605
890 -0.0982400940097419 -0.2440181273989106 0.04399443399203687
891 -0.09573949078208259 -0.2476486842558876 0.04292504268620584
892 0.08442117740561339 0.01578947368421087 0.05
893 0.08453036587083509 -0.009473684210526037 0.05
894 -0.08453036587083511 0.1989473684210525 0.05
895 0.08369317886842734 -0.198101905724318 0.05
896 -0.08453036587083516 -0.1989473684210529 0.05
897 0.08369045310777626 0.1981023063796599 0.05
898 -0.0433061181809682 -0.2337762935987311 0.05
899 -0.04327768664474829 0.2359745370208425 0.05
900 0.08194876619692426 -0.02840010697728022 0.05
901 0.08409202935084648 0.03419341995421277 0.05
902 0.04890093890629298 0.2348105311295228 0.05
903 0.04889937078890337 -0.2348092566541018 0.05
904 -0.08302036535088354 -0.1799824042722969 0.05
905 -0.08302036535088338 0.1799824042722965 0.05
906 0.03103448275862059 0.2346246699075449 0.05
907 0.03041379310344847 -0.2352603882502489 0.05
908 -0.02464432855141106 -0.233016980440893 0.05
909 -0.02567190295092792 0.2326146562593735 0.05
910 0.01099304257528304 0.233448325444332 0.05
911 0.01187708450790802 -0.2341213669234736 0.05
912 0.082838391854791 -0.04715031799971968 0.05
913 -0.006687134852123727 -0.2332885144955811 0.05
914 -0.004943552307008719 0.2336587550223913 0.05
915 -0.08509452829366095 -0.05341839497701959 0.05
916 -0.08509446916970725 0.05341829053456464 0.05
917 -0.06236243740494703 -0.2344604310056361 0.05
918 -0.06236243740494721 0.2344604310056361 0.05
919 0.0844980793081337 -0.2178546817189584 0.05
920 0.08449833856325054 0.2178575957805482 0.05
921 -0.08456139571383914 0.2178947368421053 0.05
922 -0.08456108074872894 -0.2178978720790564 0.05
923 0.06827586206896546 0.2347667874106514 0.05
924 0.06827586206896555 -0.2348088432053179 0.05
925 -0.08419562277420696 -0.03473684210526347 0.05
926 -0.08433925429662595 0.03473684210526303 0.05
927 0.08466126727964124 0.003157894736842413 0.05
928 0.08447380199862178 0.1865165562740094 0.05
929 0.08397092156514259 -0.1859904985932921 0.05
930 -0.08453036587083511 0.02210526315789454 0.05
931 -0.0852933054095739 -0.02147368421052666 0.05
932 -0.08400005506353264 -0.06857142857142885 0.05
933 -0.08300006424078812 0.06736842105263147 0.05
934 0.08527243602109905 0.04844253490870062 0.05
935 0.08310631333255948 -0.1733589196459236 0.05
936 0.08310518731550429 0.1731365105284533 0.05
937 0.0818556649782709 0.05773167306442099 0.05
938 0.08263460301338862 -0.06030821273656179 0.05
939 0.08302085632493791 0.1610312473705584 0.05
940 0.08268110900489067 -0.1599999999999999 0.05
941 -0.08400675526220923 -0.1651127819548875 0.05
942 -0.08427017493083484 0.1651127819548871 0.05
943 0.08233584995401104 0.07264496095937757 0.05
944 -0.08378144054495454 0.07774436090225552 0.05
945 -0.08321037352470867 -0.079323308270677 0.05
946 0.08346029895852042 -0.07263157894736832 0.05
947 0.08453036587083514 -0.1484210526315788 0.05
948 0.08332616996810988 0.1473684210526319 0.05
949 0.08400968018776504 0.0875302672884891 0.05
950 0.08353705003404646 -0.08526315789473672 0.05
951 0.08419715942012997 0.09957199307128818 0.05
952 0.08427148557869586 -0.1001503759398495 0.05
953 0.08404728034770265 0.1369924812030079 0.05
954 0.08325585819987412 -0.1357894736842104 0.05
955 0.08416680192154478 0.112119307280861 0.05
956 0.08320696984278836 -0.1109022556390976 0.05
957 -0.07448275862068972 0.2346246699075449 0.05
958 -0.07448275862068962 -0.2346246699075449 0.05
959 -0.08089736769036548 0.1515557880171535 0.05
960 -0.08301690856287436 -0.1539457537983668 0.05
961 -0.08453036587083514 0.09157894736842093 0.05
962 -0.08453036587083516 -0.09157894736842134 0.05
963 0.08453036587083514 -0.123157894736842 0.05
964 0.08408340039737094 0.1249107066255153 0.05
965 -0.08497813829949095 -0.1422180811215096 0.05
966 -0.08453036587083512 0.1421052631578947 0.05
967 -0.08453036587083511 -0.1042105263157898 0.05
968 -0.08472021126142859 0.1037700218160143 0.05
969 -0.08094262169945436 -0.1323871405492524 0.05
970 -0.08434312321264062 0.1284954020644306 0.05
971 -0.08453036587083514 -0.1168421052631582 0.05
972 -0.08258172515077672 0.1139708607989295 0.05
973 -0.02475468665862731 -0.01111076754083205 0.05
974 -0.01669074868505094 0.003432095915755522 0.05
975 -0.004529749121841213 -0.01400538073905619 0.05
976 0.00588138587172545 0.006840190977554851 0.05
977 0.02084157468669275 -0.01235766771002448 0.05
978 0.03345962555164294 0.006478937986573211 0.05
979 0.04275786965633854 -0.01352018294837521 0.05
980 0.04938622045389504 0.009795112564962915 0.05
981 0.08496580149785833 0.2305173752483283 0.05
982 0.08496414964375945 -0.2305164195912698 0.05
983 0.06230668916792335 -0.006422419857338534 0.05
984 -0.08383341628802518 0.003157894736841812 0.05
985 -0.07666534478207766 -0.1739550596861883 0.05
986 -0.07701657100691175 0.1739550596861879 0.05
987 -0.08465307972836622 -0.009646842959875898 0.05
988 -0.07343281091843283 -0.186210215107464 0.05
989 -0.07343281091843273 0.1862102151074637 0.05
990 -0.04274381574858677 0.02498615036278422 0.05
991 -0.05924469703050255 0.02994366024994877 0.05
992 -0.04502350564974043 -0.0266845870381857 0.05
993 -0.05958554204288902 -0.03021066387993555 0.05
994 -0.08479469778588031 -0.2304821038137284 0.05
995 -0.08479371686127335 0.2304809738726261 0.05
996 -0.06201396778469793 -0.174781338140447 0.05
997 -0.05962446534552499 -0.1941276833019122 0.05
998 -0.06345038701773861 0.1768428017999571 0.05
999 -0.05966911904709694 0.1928501425556771 0.05
1000 -0.008656873603292765 0.02387772245792089 0.05
1001 0.04338742121033853 0.02622210594429376 0.05
1002 0.06258274705595461 0.02739096880569174 0.05
1003 0.06974309824316563 0.009726953890041943 0.05
1004 -0.02333368140339928 -0.03080161157295786 0.05
1005 -0.04261360160306586 -0.04464803800087217 0.05
1006 -0.0756457631550068 0.07231493345462958 0.05
1007 -0.07510539617324162 -0.07432221698693992 0.05
1008 0.07306705246530332 0.09072944946320396 0.05
1009 0.07547440409162044 -0.09062291817584041 0.05
1010 0.03631551156697503 -0.02735443241991929 0.05
1011 -0.06532562571273694 -0.0489048776281628 0.05
1012 0.07155089262666876 0.1422391040029705 0.05
1013 0.07528506121214122 -0.1421052631578947 0.05
1014 -0.04928892240405622 0.0406982154717942 0.05
1015 -0.06524071879056158 0.04881830145704774 0.05
1016 0.0114939849638946 0.1931419155413875 0.05
1017 0.05140391677590038 0.1832396704724291 0.05
1018 0.03957346009094819 0.209421273985239 0.05
1019 -0.009921931151767233 0.2025781610095392 0.05
1020 0.01519117272983132 -0.1959896412350039 0.05
1021 0.05140818960970501 -0.1832375910391414 0.05
1022 0.0365212417638761 -0.2096746798966775 0.05
1023 -0.008879487536017288 -0.205175568548585 0.05
1024 0.05381747831561529 -0.0290827537754049 0.05
1025 -0.07023152757904566 0.1291001143460882 0.05
1026 -0.07501897214356895 -0.1231578947368424 0.05
1027 -0.07271408679642177 -0.06093253738917428 0.05
1028 -0.04990231081530028 -0.06649600525380797 0.05
1029 -0.07116795178459162 -0.1998948417881099 0.05
1030 -0.0612213130879226 -0.208130207437365 0.05
1031 -0.07099938406358275 -0.2121737236144425 0.05
1032 -0.06301748895931619 -0.2204464756822299 0.05
1033 -0.05212079330224038 -0.2167703603376048 0.05
1034 -0.07302114110200995 -0.2217301419502865 0.05
1035 -0.0474947496627604 -0.2042518408018201 0.05
1036 -0.03893307458173405 -0.2171990150941069 0.05
1037 -0.05455615296541533 -0.2266863927612324 0.05
1038 -0.04569877805132698 -0.224703548579437 0.05
1039 -0.0331008983516094 -0.2275145588856306 0.05
1040 -0.07024286607014854 0.200590703641297 0.05
1041 -0.06076624050792779 0.2076205004630607 0.05
1042 -0.07077145602561359 0.2122051096723888 0.05
1043 -0.06291991744246439 0.2203781441227502 0.05
1044 -0.05152574901067677 0.2162081366055304 0.05
1045 -0.07297485950304433 0.2217235759448369 0.05
1046 -0.04731756712736415 0.2025270489320791 0.05
1047 -0.03909272098345804 0.2137188734879081 0.05
1048 -0.04537329236601993 0.1781646077856233 0.05
1049 -0.05444071699734624 0.22658130021264 0.05
1050 -0.04516877186317768 0.2246896895517817 0.05
1051 -0.07287913982046144 0.06053301070787127 0.05
1052 -0.04850233666424104 0.06067861500915624 0.05
1053 -0.0337057569635541 0.2262494018466624 0.05
1054 0.05463891397934727 0.04283395570033142 0.05
1055 0.05946478219617433 -0.1649332274294701 0.05
1056 0.05914306841557767 0.1632145396237548 0.05
1057 0.01807191543639548 0.02788858986775652 0.05
1058 -0.06660654433360413 0.2276185979907001 0.05
1059 -0.06660654433360362 -0.2276185979907 0.05
1060 -0.07138725501076396 0.03698540314997036 0.05
1061 -0.07106151956538326 0.02345319567014344 0.05
1062 -0.07138247081166146 -0.03701490876239206 0.05
1063 -0.0705480537168281 -0.02416954026062119 0.05
1064 0.01392877707027669 -0.03904950877577212 0.05
1065 0.07543575968725078 0.1033561231847463 0.05
1066 -0.07072495964843169 -0.1565883377408235 0.05
1067 -0.07149498227698145 0.1620944127238982 0.05
1068 0.007098182127448286 -0.2164031271810227 0.05
1069 0.004841626218027047 0.214194069468567 0.05
1070 -0.08461231410905257 0.2242029693296481 0.05
1071 0.08458788661021283 -0.2242022010955643 0.05
1072 0.07876317510485849 -0.2212119705512006 0.05
1073 0.07875136465898476 -0.2145433860206379 0.05
1074 0.0724424003837956 -0.2180258191472458 0.05
1075 0.07257191606806114 -0.2100478406558617 0.05
1076 0.06517722526677629 -0.2140644382513047 0.05
1077 0.06516169769901536 -0.2222593927671049 0.05
1078 0.057425300480186 -0.2186473150182168 0.05
1079 0.06495928818688464 -0.20506666390721 0.05
1080 0.0582953141857236 -0.2275800675825027 0.05
1081 0.04961813215534638 -0.2236287794599871 0.05
1082 0.04391180996223042 -0.2296395485762185 0.05
1083 0.07555205882972361 -0.2019107249166232 0.05
1084 -0.07887027753964895 0.2275765685620206 0.05
1085 -0.08461354167066072 -0.2242052333745601 0.05
1086 -0.078874921497235 -0.2275775562705072 0.05
1087 -0.08453036587083507 -0.2115789473684212 0.05
1088 -0.08453036587083528 0.211578947368421 0.05
1089 0.07199657406829157 -0.2247448871558333 0.05
1090 0.08458958522133983 0.2242038061656971 0.05
1091 0.07880080260942149 0.2211465762521282 0.05
1092 0.07875543186560718 0.2145366563605668 0.05
1093 0.0723720960044418 0.2180214940843771 0.05
1094 0.07255630619608402 0.2100521806409912 0.05
1095 0.06516087251676436 0.2140760714861191 0.05
1096 0.06518645638992175 0.2221999019077862 0.05
1097 0.05742710168280758 0.2186516144759115 0.05
1098 0.06494874695568006 0.2050818990800722 0.05
1099 0.05830072708609671 0.227576836080189 0.05
1100 0.05009950582360759 0.2231974270646483 0.05
1101 0.04393580349198391 0.229250394924776 0.05
1102 0.07554334719432894 0.2019158555862765 0.05
1103 0.071996354460804 0.2246812962975951 0.05
1104 -0.04308371909099917 -0.1813590740986972 0.05
1105 0.08452081780913492 0.2115506941772004 0.05
1106 0.0845237506844309 -0.2115590909732022 0.05
1107 0.06195726500796547 -0.2343560750668012 0.05
1108 0.07472846531862254 -0.2346085111986898 0.05
1109 0.06195816715802754 0.2343498218895154 0.05
1110 0.07472956540844902 0.2345581513726729 0.05
1111 0.06692847391533864 -0.1812061494544898 0.05
1112 0.06703650639197314 0.1800998534392442 0.05
1113 -0.0688589104865085 0.2342348306658432 0.05
1114 -0.05652751347456998 0.2341025055464756 0.05
1115 -0.06885942415058556 -0.2342347802400424 0.05
1116 -0.05654675280258134 -0.234120020971241 0.05
1117 0.07583742209320642 0.1559717116595792 0.05
1118 0.0749448491223455 0.1679527258350827 0.05
1119 0.0723740372155337 -0.1541386953945497 0.05
1120 0.07501031679237181 -0.1684362382421017 0.05
1121 -0.07350154671896934 -0.08597740690311455 0.05
1122 0.08453036587083514 -0.01578947368421029 0.05
1123 0.07790383183336518 -0.01253245792199389 0.05
1124 0.07801811983018953 -0.005347258412531412 0.05
1125 0.07818917237195711 -0.02032833587657282 0.05
1126 0.06996795512987866 -0.01573025115632061 0.05
1127 0.08448458860820668 0.009473684210526641 0.05
1128 0.07814528390488452 0.005970895765518189 0.05
1129 0.08453036587083516 0.02210526315789508 0.05
1130 0.07904393833490495 0.01941342593486797 0.05
1131 0.07817070721967249 0.0269208640955448 0.05
1132 0.0725978255245356 0.03844116032999758 0.05
1133 0.06822495563307557 0.05179717298393217 0.05
1134 0.08453036587083514 -0.003157894736841791 0.05
1135 -0.07089922011774374 0.08802300382211854 0.05
1136 0.07815845946614089 -0.2286796846466782 0.05
1137 0.07199045948145961 0.1145629303578116 0.05
1138 0.0781644392450163 0.2286172721813353 0.05
1139 0.0440670840212091 -0.04698688642245766 0.05
1140 0.06286245136450702 -0.04346391230197309 0.05
1141 0.05880666521755313 -0.0617273128836521 0.05
1142 0.08453036587083573 -0.205263157894737 0.05
1143 0.08453036587083518 0.205263157894737 0.05
1144 0.07861066740295944 0.1929421175262686 0.05
1145 0.07756026248121907 -0.1914151747474742 0.05
1146 0.07157408429448593 -0.1299831574896381 0.05
1147 -0.0746457078291977 0.000820579964227501 0.05
1148 -0.07509178288868917 0.01225546228007532 0.05
1149 -0.08538453764316949 0.2057562281851172 0.05
1150 -0.08441597365759103 -0.2051473737691144 0.05
1151 0.07283440657064039 0.1277410444378611 0.05
1152 0.07341421197959772 -0.1176507668362734 0.05
1153 0.07109624378899071 -0.1057377354824021 0.05
1154 -0.08539077263858252 -0.1932631578947372 0.05
1155 -0.08539077263858251 0.1932631578947368 0.05
1156 0.05586206896551734 -0.234624669907545 0.05
1157 0.05586206896551717 0.234624669907545 0.05
1158 0.06972018672339304 -0.02694071599145152 0.05
1159 -0.08081883107184065 0.2346734528376921 0.05
1160 -0.08081976855220613 -0.2346738057792903 0.05
1161 0.0611113510274541 0.09735347315692013 0.05
1162 0.06094161993312748 0.07651848876533063 0.05
1163 0.08078913575141816 -0.2348797668023457 0.05
1164 0.08079059103855159 0.2348611306966289 0.05
1165 -0.037241379310345 0.234624669907545 0.05
1166 -0.04876005194041337 0.2331387682315517 0.05
1167 -0.03704484758301572 -0.234103399264961 0.05
1168 -0.04990302447131299 -0.2332143759851069 0.05
1169 -0.08419951285832429 -0.04105263157894769 0.05
1170 -0.08423670978892064 0.04105263157894726 0.05
1171 0.08535862048827084 0.02801233049416223 0.05
1172 -0.07454923264238877 -0.01073133068272345 0.05
1173 -0.0836838255576309 0.01572678757299481 0.05
1174 -0.08537396057681659 0.02905263157894719 0.05
1175 -0.08365023551442133 -0.0153963622737668 0.05
1176 -0.08453036587083518 -0.02842105263157926 0.05
1177 -0.08383644341123103 0.009421445784513139 0.05
1178 -0.08294690608132964 -0.003785914735869143 0.05
1179 -0.08388647005168218 0.04762881685035409 0.05
1180 -0.07668956317837633 0.04412241674099754 0.05
1181 -0.08387932444744661 -0.04762892129280908 0.05
1182 -0.07668332270927455 -0.04414186814737515 0.05
1183 -0.08328951339319013 0.1879794716510126 0.05
1184 -0.08303676331337495 -0.05921291561957615 0.05
1185 0.066606969201756 0.1931833297899874 0.05
1186 0.0519398924790788 0.2012611216052917 0.05
1187 0.06520415411112658 -0.1938428746552892 0.05
1188 0.05130841882675376 -0.2013852207191766 0.05
1189 -0.08002334069610086 -0.2212295291559347 0.05
1190 -0.07904601846186969 -0.2147368421052633 0.05
1191 -0.08001523501682631 0.2212269385567748 0.05
1192 -0.07845254476738925 0.215392969621861 0.05
1193 0.03783987529464095 0.2343598496385438 0.05
1194 0.03357374069558985 0.2267658737691328 0.05
1195 0.02402605249642624 0.2281978481390575 0.05
1196 0.02451090781140063 -0.2343566740088006 0.05
1197 0.0282434632812372 -0.2283442040645351 0.05
1198 0.01757209812738114 -0.2276119759213114 0.05
1199 0.02262117946326106 -0.2172994811997275 0.05
1200 0.02466727946480239 0.2354894375908295 0.05
1201 0.03665041873906724 -0.2327193036210748 0.05
1202 0.06589045434264731 -0.22906250033119 0.05
1203 0.06589412745382035 0.2290129668272317 0.05
1204 0.07748034225968588 0.01333239721241432 0.05
1205 0.07140432515281774 -4.574579056111428e-05 0.05
1206 0.08453036587083515 -0.02210526315789455 0.05
1207 0.08454766757779057 -0.03505693895042053 0.05
1208 -0.03153671003704437 0.2346768668326673 0.05
1209 -0.02282077782968543 0.2245405355659781 0.05
1210 -0.01623025328493741 0.230484312662037 0.05
1211 -0.007873559346765282 0.2244565706552774 0.05
1212 0.00312794272008579 0.2281318697823241 0.05
1213 -0.03137180800065547 -0.234926987718297 0.05
1214 -0.02308116204370803 -0.2219715403076783 0.05
1215 -0.01569142369124228 -0.2306357752690756 0.05
1216 -0.007375730169526915 -0.2225491099076012 0.05
1217 0.003781020635975478 -0.2286856947394226 0.05
1218 -0.07721191220472777 -0.03157894736842127 0.05
1219 -0.07908820076533063 0.02902506298933945 0.05
1220 0.0008782573929601249 0.2352830589424521 0.05
1221 0.01384258585524837 0.2250139407953111 0.05
1222 0.02532554810148412 0.2138135352855903 0.05
1223 0.0006601564671153019 -0.2353197758285098 0.05
1224 0.08362404829158704 0.1801871277510653 0.05
1225 0.00568954698503211 0.2351589419977426 0.05
1226 0.01856275730404684 0.2342846269364723 0.05
1227 0.01824029395140701 -0.2352180033707171 0.05
1228 0.005746410942889503 -0.2356253674982812 0.05
1229 0.0607317271428932 0.004142475079638686 0.05
1230 -0.07882932395703335 0.2057515429420497 0.05
1231 -0.07786067616423131 -0.2077263478778436 0.05
1232 -0.07929718422646249 -0.02196181957127311 0.05
1233 -0.07286161346372289 0.2288694117395055 0.05
1234 -0.07286732149033728 -0.2288697663320887 0.05
1235 0.08313508322448751 0.04123215077776601 0.05
1236 0.07918125378719805 0.2086637089319544 0.05
1237 0.07918589122240723 -0.2086648400922124 0.05
1238 0.08468414931269022 -0.04061607430114778 0.05
1239 0.08461287418179454 -0.1794795345913726 0.05
1240 -0.08460621397877965 -0.1735382640492335 0.05
1241 -0.08328951339319013 -0.1879794716510131 0.05
1242 0.06065519658598643 -0.1453677493835207 0.05
1243 -0.08289754788963713 0.05894572214377126 0.05
1244 0.0719201842228349 -0.008015626627749114 0.05
1245 0.08443688967725083 0.1547690128586593 0.05
1246 0.0841595478259644 -0.1673063999986577 0.05
1247 0.08421417855255754 0.1673714651678717 0.05
1248 0.08459476488616041 -0.09171156062404989 0.05
1249 -0.07832834698795041 0.01974623878484682 0.05
1250 -0.02981412558656399 0.1966774207713621 0.05
1251 0.03809947856446128 -0.2221793465049397 0.05
1252 -0.07888799622990519 0.1955520472023473 0.05
1253 -0.07956430810754617 -0.194733386336712 0.05
1254 -0.06085086677779213 -0.0793399518220886 0.05
1255 0.07648479879876691 -0.03833720112681331 0.05
1256 0.04335815054615011 -0.2351848445037194 0.05
1257 0.04349567444874192 0.2354687058870936 0.05
1258 -0.08476683471861429 0.1733981554312335 0.05
1259 -0.06602586686896056 -0.1069277315069915 0.05
1260 -0.06541523986230995 0.1102250063387091 0.05
1261 0.07149196116286791 0.2302484820567863 0.05
1262 0.08472428927252178 0.1926315789473684 0.05
1263 0.0850448725829578 -0.1921541473919642 0.05
1264 0.07475382815514389 -0.05299813672124568 0.05
1265 0.07521871998066453 -0.0668863308625659 0.05
1266 0.06380449858714389 -0.07882163878420573 0.05
1267 0.05843043255339796 -0.09496087774173109 0.05
1268 0.04027139129605562 0.2194017026256174 0.05
1269 0.0493853511225321 0.2137254546536103 0.05
1270 0.04843659394096567 -0.2142255424714695 0.05
1271 -0.0419063294675955 0.2308462510195183 0.05
1272 -0.04015530128558305 -0.2283806566960669 0.05
1273 0.03653430869662226 -0.1913582961284362 0.05
1274 0.0345812117334396 0.193974563353254 0.05
1275 0.07782605461176523 0.04658082067091383 0.05
1276 0.07188522781345623 0.06646938267988865 0.05
1277 -0.06662736077892917 0.1460853628838318 0.05
1278 -0.05884937760090923 0.1611932162993964 0.05
1279 0.07780455817803282 -0.1794288484044058 0.05
1280 0.07674707144797341 0.1770250935977325 0.05
1281 -0.08538692306460433 0.2353585046839613 0.05
1282 -0.08538692306460438 -0.2353585046839614 0.05
1283 0.07137931034482753 -0.2304808497113759 0.05
1284 -0.02652452620226493 0.03968524072340741 0.05
1285 0.0278641444723733 0.05349279495454373 0.05
1286 -0.0667769615986135 -0.1383164725912676 0.05
1287 0.08550442973515836 0.2354739853774368 0.05
1288 0.08550442973515845 -0.2354739853774369 0.05
1289 0.07109156780760706 0.01870622796092866 0.05
1290 0.05951347044753466 0.01565120882819503 0.05
1291 -0.06402538300014607 -0.01723435939616342 0.05
1292 -0.07950785511695907 -0.2012898636385665 0.05
1293 -0.06087557992534227 0.2288652199348442 0.05
1294 -0.06098261610029828 -0.2289486321530325 0.05
1295 -0.063794765350643 0.01709949553401353 0.05
1296 0.05188144560416658 0.06124993301936878 0.05
1297 -0.07897461132146365 0.03789473684210528 0.05
1298 -0.01077499022912168 0.2337199276679411 0.05
1299 -0.0635182640186597 0.07445258879102182 0.05
1300 -0.0131653668810869 -0.235887210647647 0.05
1301 -0.01814849968681696 -0.2359079932715231 0.05
1302 -0.07917823309734445 0.006385829629205703 0.05
1303 -0.07632215860324518 0.1384151828720677 0.05
1304 -0.03038591715542811 -0.2010309706547863 0.05
1305 -0.07675820692528273 -0.1452980166187092 0.05
1306 -0.07656268958945261 0.1007201055908736 0.05
1307 -0.02795966267691606 0.01552251140308202 0.05
1308 0.05821785179679147 -0.01563691908015549 0.05
1309 -0.07873456827163901 -0.03770503959247993 0.05
1310 0.05141980885469967 0.2298919718213362 0.05
1311 0.07935187240767363 0.0001155783124852567 0.05
1312 0.05131733921154422 -0.230056464436071 0.05
1313 0.05777239295137258 0.210559232260201 0.05
1314 0.05746136534031326 -0.2106778360734755 0.05
1315 0.07612829937074969 0.07880665292955714 0.05
1316 0.07735964714603799 -0.07888650920193996 0.05
1317 0.0761831774558118 0.1849923463963845 0.05
1318 -0.07676815930761699 0.05232592872619419 0.05
1319 0.0840453646046647 -0.0535650177020317 0.05
1320 -0.0001855377858990967 0.04275212652281657 0.05
1321 -0.07677036249427939 -0.05235984949401157 0.05
1322 0.08321534854914764 0.06589551913021126 0.05
1323 0.08446069659753225 -0.06636153885547522 0.05
1324 0.08450493732202799 0.07925305069451938 0.05
1325 0.08487139922772097 -0.07893519657723001 0.05
1326 -0.02549689285806819 0.2118921180234775 0.05
1327 0.05088503632136361 -0.00227168320481439 0.05
1328 1.486905836551549e-17 0.12 0.05
1329 1.387778780781446e-17 -0.12 0.05
1330 -0.04999999999999998 -1.462124072609023e-17 0.05
1331 -0.08553009122006658 0.2470710678118654 0.04707106781186549
1332 0.08553009122006658 0.2470710678118654 0.04707106781186549
1333 -0.04344827586206912 0.2485552913198568 0.04517754675810682
1334 -0.05586206896551735 0.2451775467581058 0.04855529131985743
1335 -0.03103448275862089 0.2451775467581059 0.04855529131985741
1336 -0.0744827586206897 0.2451775467581059 0.04855529131985741
1337 -0.01862068965517262 0.2485552913198568 0.04517754675810684
1338 -2.110436014532424e-05 0.2485549509056834 0.04517810921102939
1339 0.06827586206896548 0.2485552913198568 0.04517754675810687
1340 0.05586206896551718 0.2485552913198568 0.04517754675810685
1341 0.0434482758620689 0.2485552913198568 0.04517754675810685
1342 0.03103448275862059 0.2485552913198568 0.04517754675810687
1343 0.0124137931034481 0.2451775467581059 0.0485552913198574
1344 -0.06206896551724145 0.2485552913198536 0.04517754675811215
1345 0.01862068965517227 0.2485552913198536 0.04517754675811218
1346 -0.01241379310344851 0.2451775467580967 0.04855529131986296
1347 0.07448275862068962 0.2451775467580967 0.04855529131986294
1348 0.04965517241379304 0.2451775467580967 0.04855529131986294
1349 0.03724137931034475 0.2451775467580967 0.04855529131986293
1350 0.06206896551724132 0.2451775467580967 0.04855529131986294
1351 0.02482758620689643 0.2451775467580967 0.04855529131986294
1352 -0.04965517241379322 0.2451775467581115 0.048555291319854
1353 0.006192653199641615 0.2485597080268925 0.0451702416282368
1354 -0.02482758620689676 0.2451775467581445 0.04855529131983399
1355 -0.03725562266242721 0.2485597080268924 0.04517024162823683
1356 -0.06827586206896558 0.245177546758128 0.048555291319844
1357 -0.00620689655172435 0.2485552913198776 0.04517754675807241
1358 -0.08031565278386255 0.244985058231062 0.0486688635029582
1359 0.08031565278386302 0.2449850582310619 0.04866886350295827
1360 0.08068965517241378 0.2488517559213919 0.04465257102128529
1361 -0.0806896551724138 0.2488517559213918 0.04465257102128536
1362 0.006206896551723948 0.2445394613514671 0.04891029127686277
1363 -0.03724137931034499 0.244539461351467 0.04891029127686283
1364 -0.004881146995443661 0.2445532371833682 0.04890325958017588
1365 -0.01241379310344851 0.2489124693592893 0.04453518355965108
1366 0.06206896551724132 0.2489124693592893 0.04453518355965107
1367 0.04965517241379304 0.2489124693592893 0.0445351835596511
1368 0.07550713788012142 0.2488819293039415 0.0445947069373122
1369 0.03724137931034475 0.2489124693592893 0.0445351835596511
1370 0.02482758620689643 0.2489124693592893 0.04453518355965107
1371 -0.05453623993205106 0.2489032429230074 0.04455326975413484
1372 -0.02971195926374467 0.2489032393993486 0.0445532766441197
1373 -0.0744827586206897 0.248912469359292 0.04453518355964579
1374 0.01241379310344812 0.248912469359292 0.04453518355964572
1375 -0.04212326727459001 0.2445542888322763 0.04890272167554413
1376 -0.01862068965517263 0.2445351835596159 0.04891246935930718
1377 0.0006429453355562414 0.2445512057968762 0.0489042981640599
1378 0.05586206896551718 0.244535183559616 0.04891246935930715
1379 0.0434482758620689 0.244535183559616 0.04891246935930715
1380 0.06827586206896546 0.244535183559616 0.04891246935930716
1381 0.03103448275862059 0.244535183559616 0.04891246935930714
1382 -0.04965517241379325 0.2489124693592937 0.04453518355964239
1383 -0.06206896551724145 0.2445351835596129 0.04891246935930873
1384 0.01862068965517227 0.2445351835596129 0.04891246935930873
1385 -0.06827586206896558 0.2489124693592986 0.04453518355963285
1386 -0.02482758620689675 0.2489124693593035 0.04453518355962314
1387 -0.08566197160431005 0.2432773126192514 0.04944770988100795
1388 0.08566196861476115 0.2432729775513809 0.0494492125570418
1389 -0.08645587857630899 0.2495946315281121 0.04281834097294073
1390 0.08645587857630882 0.2495946315281121 0.04281834097294073
1391 0.08553009122006658 -0.2470710678118654 0.0470710678118655
1392 -0.08553009122006658 -0.2470710678118654 0.04707106781186549
1393 0.04344827586206912 -0.2485552913198568 0.04517754675810682
1394 0.05586206896551735 -0.2485552913198568 0.04517754675810683
1395 0.03103448275862089 -0.2451775467581059 0.04855529131985741
1396 0.0744827586206897 -0.2451775467581059 0.04855529131985741
1397 0.01862068965517262 -0.2485552913198568 0.04517754675810684
1398 2.110436014532424e-05 -0.2485549509056834 0.04517810921102939
1399 -0.06827586206896548 -0.2485552913198568 0.04517754675810687
1400 -0.05586206896551718 -0.2485552913198568 0.04517754675810685
1401 -0.0434482758620689 -0.2485552913198568 0.04517754675810685
1402 -0.03103448275862059 -0.2485552913198568 0.04517754675810687
1403 -0.0124137931034481 -0.2451775467581059 0.0485552913198574
1404 0.06827586206896558 -0.2485552913198536 0.04517754675811216
1405 -0.01862068965517227 -0.2485552913198536 0.04517754675811218
1406 0.04965517241379325 -0.2451775467580967 0.04855529131986298
1407 0.01241379310344851 -0.2451775467580967 0.04855529131986296
1408 -0.07448275862068962 -0.2451775467580967 0.04855529131986294
1409 -0.04965517241379304 -0.2451775467580967 0.04855529131986294
1410 -0.03724137931034475 -0.2451775467580967 0.04855529131986293
1411 -0.06206896551724132 -0.2451775467580967 0.04855529131986294
1412 0.06206896551724145 -0.2451775467580967 0.04855529131986296
1413 -0.02482758620689643 -0.2451775467580967 0.04855529131986294
1414 -0.006192653199641615 -0.2485597080268925 0.0451702416282368
1415 0.02482758620689676 -0.2451775467581445 0.04855529131983399
1416 0.03725562266242721 -0.2485597080268924 0.04517024162823683
1417 0.00620689655172435 -0.2485552913198776 0.04517754675807241
1418 0.08031565278386257 -0.244985058231062 0.0486688635029582
1419 -0.08031565278386302 -0.2449850582310619 0.04866886350295827
1420 -0.08068965517241378 -0.2488517559213919 0.04465257102128529
1421 0.0806896551724138 -0.2488517559213919 0.04465257102128524
1422 -0.006206896551723948 -0.2445394613514671 0.04891029127686277
1423 0.03724137931034499 -0.244539461351467 0.04891029127686283
1424 0.004881146995443661 -0.2445532371833682 0.04890325958017588
1425 0.04965517241379325 -0.2489124693592892 0.04453518355965116
1426 0.06206896551724145 -0.2489124693592893 0.04453518355965106
1427 0.01241379310344851 -0.2489124693592893 0.04453518355965108
1428 -0.06206896551724132 -0.2489124693592893 0.04453518355965107
1429 -0.04965517241379304 -0.2489124693592893 0.0445351835596511
1430 -0.07550713788012142 -0.2488819293039415 0.0445947069373122
1431 -0.03724137931034475 -0.2489124693592893 0.0445351835596511
1432 -0.02482758620689643 -0.2489124693592893 0.04453518355965107
1433 0.02971195926374467 -0.2489032393993486 0.0445532766441197
1434 0.0755071378801116 -0.2488819293039432 0.04459470693730897
1435 -0.01241379310344812 -0.248912469359292 0.04453518355964572
1436 0.04212326727459506 -0.2445542888322763 0.04890272167554416
1437 0.05586206896551732 -0.244535183559616 0.04891246935930713
1438 0.01862068965517263 -0.2445351835596159 0.04891246935930718
1439 -0.0006429453355562414 -0.2445512057968762 0.0489042981640599
1440 -0.05586206896551718 -0.244535183559616 0.04891246935930715
1441 -0.0434482758620689 -0.244535183559616 0.04891246935930715
1442 -0.06827586206896546 -0.244535183559616 0.04891246935930716
1443 -0.03103448275862059 -0.244535183559616 0.04891246935930714
1444 0.06827586206896558 -0.244535183559613 0.04891246935930869
1445 -0.01862068965517227 -0.2445351835596129 0.04891246935930873
1446 0.02482758620689675 -0.2489124693593035 0.04453518355962314
1447 -0.08566197160431019 -0.2432773126192514 0.04944770988100797
1448 0.08645587857630896 -0.2495946315281121 0.04281834097294073
1449 0.08566197160431008 -0.2432773126192514 0.04944770988100796
1450 -0.08645587857630882 -0.2495946315281121 0.04281834097294073
1451 0.0946466055552613 0.2469565762145531 0.04547860421867914
1452 0.09797826401346743 0.243784830590369 0.04469279881665703
1453 0.09351714974690571 0.2434953932826417 0.0486840015809248
1454 0.09633974596215542 -0.2463397459621557 0.04442890982868967
1455 0.09396619491693914 -0.2447090391678836 0.04787999035508192
1456 0.09374589159441758 -0.2486304488209859 0.04338875335650373
1457 0.09707106781186546 0.2355300912200666 0.04707106781186549
1458 0.09707106781186546 -0.2355300912200665 0.04707106781186549
1459 0.09850415512465327 0.2242105263157896 0.0452611163849352
1460 0.09526111638493426 0.1926315789473687 0.04850415512465384
1461 0.09526111638493426 0.2052631578947371 0.04850415512465384
1462 0.09850415512465324 0.009473684210526634 0.04526111638493524
1463 0.09526111638493427 0.02210526315789507 0.04850415512465384
1464 0.09850415512465324 0.04736842105263189 0.04526111638493522
1465 0.09850415512465324 0.09157894736842137 0.04526111638493522
1466 0.09850415512465324 0.1231578947368424 0.04526111638493522
1467 0.09850415512465324 0.1421052631578951 0.04526111638493522
1468 0.09526111638493427 0.1800000000000003 0.04850415512465384
1469 0.09526111638493429 -0.1673684210526315 0.04850415512465382
1470 0.09850415512465324 -0.1042105263157894 0.04526111638493524
1471 0.09850415512465324 -0.1547368421052631 0.04526111638493524
1472 0.09850415512465324 -0.1168421052631578 0.04526111638493524
1473 0.09850415512465324 -0.09157894736842093 0.04526111638493524
1474 0.09850415512465324 -0.07894736842105252 0.04526111638493524
1475 0.09850415512465323 -0.003157894736841776 0.04526111638493525
1476 0.09850415512465324 -0.04736842105263145 0.04526111638493524
1477 0.09850415512465323 -0.1421052631578947 0.04526111638493525
1478 0.09850415512465323 -0.1294736842105262 0.04526111638493525
1479 0.09850415512465323 -0.06631578947368411 0.04526111638493525
1480 0.0952611163849343 -0.1799999999999999 0.04850415512465382
1481 0.09850415512465323 -0.2242105263157894 0.04526111638493526
1482 0.09850415512465323 -0.211578947368421 0.04526111638493526
1483 0.09850415512465323 -0.1989473684210526 0.04526111638493526
1484 0.09850415512465323 -0.02210526315789454 0.04526111638493526
1485 0.09850415512465323 0.03473684210526345 0.04526111638493526
1486 0.09850415512465323 0.06000000000000028 0.04526111638493526
1487 0.09850415512465323 0.07263157894736877 0.04526111638493526
1488 0.09850415512465323 0.1042105263157898 0.04526111638493526
1489 0.09526111638493431 0.1673684210526319 0.04850415512465381
1490 0.09850415512465321 -0.03473684210526304 0.04526111638493528
1491 0.09850415512465323 0.1547368421052635 0.04526111638493526
1492 0.0985041551246511 0.1989473684210529 0.04526111638493869
1493 0.0985041551246511 0.1863157894736845 0.04526111638493869
1494 0.0985041551246511 0.2115789473684213 0.04526111638493869
1495 0.09850415512465109 0.1736842105263161 0.0452611163849387
1496 0.09850415512465108 -0.1863157894736841 0.04526111638493872
1497 0.09850415512465109 -0.1736842105263157 0.0452611163849387
1498 0.09526111638492714 0.1294736842105266 0.04850415512465825
1499 0.09526111638492714 -0.09789473684210515 0.04850415512465825
1500 0.09526111638492714 0.05368421052631606 0.04850415512465825
1501 0.09526111638492714 0.08526315789473715 0.04850415512465825
1502 0.09526111638492714 0.09789473684210553 0.04850415512465825
1503 0.09526111638492714 0.1168421052631582 0.04850415512465825
1504 0.09526111638492714 0.1484210526315792 0.04850415512465825
1505 0.09526111638492714 0.04105263157894767 0.04850415512465825
1506 0.09526111638492714 -0.1484210526315788 0.04850415512465825
1507 0.09526111638492714 -0.1105263157894736 0.04850415512465825
1508 0.09526111638492714 -0.08526315789473674 0.04850415512465825
1509 0.09526111638492714 -0.07263157894736832 0.04850415512465825
1510 0.09526111638492715 -0.05368421052631567 0.04850415512465824
1511 0.09526111638492711 0.003157894736842415 0.04850415512465827
1512 0.09526111638492715 -0.1357894736842104 0.04850415512465824
1513 0.09526111638492715 0.06631578947368455 0.04850415512465824
1514 0.09526111638492714 -0.123157894736842 0.04850415512465825
1515 0.09526111638492715 -0.04105263157894726 0.04850415512465824
1516 0.09526111638492718 -0.009473684210526023 0.04850415512465823
1517 0.09526111638492717 -0.02842105263157879 0.04850415512465824
1518 0.09526111638492715 -0.2178947368421052 0.04850415512465824
1519 0.09526111638492715 -0.2052631578947368 0.04850415512465824
1520 0.09526111638492711 0.2178947368421054 0.04850415512465826
1521 0.09526111638492715 -0.1926315789473684 0.04850415512465824
1522 0.09850415512464221 0.01578947368421085 0.04526111638495307
1523 0.09525345074134982 0.135774458443471 0.04850889271927969
1524 0.0952611163849215 -0.0157894736842103 0.04850415512466173
1525 0.09525345074134911 -0.1610676468196885 0.04850889271928013
1526 0.0985041551246422 0.110526315789474 0.04526111638495309
1527 0.0985041551246422 0.1610526315789477 0.04526111638495309
1528 0.09525345074134894 0.02840603739083775 0.04850889271928024
1529 0.0985041551246422 -0.05999999999999989 0.04526111638495309
1530 0.09526111638502267 0.07894736842105293 0.04850415512459915
1531 0.09862068865693227 0.2301492324743097 0.04506791151069542
1532 0.09862068865693208 -0.2301492324743102 0.04506791151069577
1533 0.09459013719912038 0.2305263157894737 0.04888429178343728
1534 0.09459013719912085 -0.2305263157894737 0.04888429178343705
1535 0.09894271977047693 0.02842105263157924 0.04447523888822944
1536 0.09894271977047679 -0.1610526315789473 0.0444752388882297
1537 0.09894271977047714 0.1357894736842109 0.04447523888822901
1538 0.09893554077167173 -0.01440209262689054 0.04448955578178867
1539 0.09894499525689633 0.003157894736842415 0.04447068896861571
1540 0.09894499525689682 0.2178947368421054 0.04447068896861473
1541 0.09893498779259423 0.1308602622574697 0.04449065620440846
1542 0.09894499525689646 -0.1484210526315788 0.04447068896861545
1543 0.09894499525689646 0.04105263157894767 0.04447068896861545
1544 0.09894499525689643 0.05368421052631606 0.04447068896861551
1545 0.09893554077167982 0.08387577683741654 0.04448955578177257
1546 0.09894499525689669 0.09789473684210553 0.04447068896861499
1547 0.09894499525689635 0.1168421052631582 0.04447068896861566
1548 0.09894499525689662 0.1484210526315792 0.04447068896861511
1549 0.09894499525689643 -0.1105263157894736 0.0444706889686155
1550 0.0989449952568964 -0.09789473684210515 0.04447068896861556
1551 0.09894499525689639 -0.08526315789473674 0.04447068896861557
1552 0.09894499525689651 -0.07263157894736832 0.04447068896861534
1553 0.09894499525689641 -0.123157894736842 0.04447068896861553
1554 0.09894499525689643 -0.05368421052631567 0.0444706889686155
1555 0.09894499525689635 -0.04105263157894726 0.04447068896861568
1556 0.09894499525689644 -0.1357894736842104 0.04447068896861548
1557 0.09894499525689644 -0.2178947368421052 0.04447068896861547
1558 0.09894499525689644 -0.2052631578947368 0.04447068896861547
1559 0.09894499525689644 -0.1926315789473683 0.04447068896861548
1560 0.09894499525689628 0.06631578947368455 0.04447068896861581
1561 0.09894499525689639 -0.02842105263157879 0.04447068896861559
1562 0.09894499525689651 -0.009473684210526023 0.04447068896861534
1563 0.09894499525689822 0.1926315789473687 0.04447068896861192
1564 0.09894499525689854 0.205263157894737 0.04447068896861128
1565 0.09893498779259596 0.02349184120484177 0.044490656204405
1566 0.0989449952568983 0.1800000000000003 0.04447068896861176
1567 0.09893498779259588 -0.1659818430056883 0.04449065620440515
1568 0.09894499525689855 -0.1799999999999999 0.04447068896861126
1569 0.09894499525689811 0.1673684210526319 0.04447068896861214
1570 0.09453320421116497 0.2253249992670375 0.04891347629041982
1571 0.09447068896858458 0.04736842105263189 0.04894499525691189
1572 0.09447068896858427 0.09157894736842137 0.04894499525691204
1573 0.09447068896858492 0.1231578947368424 0.04894499525691171
1574 0.09447068896858427 0.1421052631578951 0.04894499525691204
1575 0.0944895557817526 0.0108610652678523 0.04893554077168986
1576 0.0944706889685844 -0.1547368421052631 0.04894499525691198
1577 0.09447068896858446 -0.1168421052631578 0.04894499525691194
1578 0.0944706889685844 -0.09157894736842093 0.04894499525691198
1579 0.09447068896858439 -0.07894736842105252 0.04894499525691198
1580 0.09447068896858432 -0.1042105263157893 0.04894499525691201
1581 0.09447068896858429 -0.04736842105263145 0.04894499525691202
1582 0.09447068896858438 -0.1294736842105262 0.04894499525691199
1583 0.09447068896858422 -0.003157894736841804 0.04894499525691207
1584 0.09447068896858436 -0.1421052631578947 0.04894499525691199
1585 0.09448955578175287 -0.06492840841635852 0.04893554077168973
1586 0.09453320421116521 -0.2253249992670364 0.04891347629041969
1587 0.0944706889685844 -0.211578947368421 0.04894499525691198
1588 0.09447068896858438 -0.1989473684210526 0.04894499525691198
1589 0.0944706889685844 -0.02210526315789454 0.04894499525691198
1590 0.09447068896858436 0.03473684210526345 0.048944995256912
1591 0.09447068896858472 0.06000000000000033 0.04894499525691182
1592 0.09447068896858438 0.07263157894736871 0.04894499525691198
1593 0.09448955578175249 0.1055979073731155 0.04893554077168991
1594 0.09448955578175344 0.1561242231625889 0.04893554077168943
1595 0.09447068896858452 -0.03473684210526301 0.04894499525691192
1596 0.09447068896858281 0.1863157894736845 0.04894499525691277
1597 0.09447068896858218 0.1989473684210529 0.04894499525691309
1598 0.09447068896858218 0.2115789473684213 0.04894499525691309
1599 0.0944706889685826 0.1736842105263161 0.04894499525691287
1600 0.09447068896858232 -0.1736842105263157 0.04894499525691301
1601 0.09447068896858229 -0.1863157894736841 0.04894499525691303
1602 0.09447068896857372 0.01578947368421091 0.04894499525691732
1603 0.09447068896857383 -0.05999999999999989 0.04894499525691726
1604 0.09447068896857341 0.110526315789474 0.04894499525691746
1605 0.09447068896857407 0.1610526315789477 0.04894499525691714
1606 0.09894499525692471 0.07894736842105299 0.04447068896855893
1607 0.09944687808513908 0.2356237357835532 0.04327970950611774
1608 0.09282058856192572 0.2363696805679146 0.04959397103207706
1609 0.09282058856192574 -0.2363696805679147 0.04959397103207706
1610 0.09944687808513905 -0.2356237357835533 0.04327970950611781
$EndNodes
$Elements
3216
1 2 2 93 1 26 527 553
2 2 2 93 1 26 556 565
3 2 2 93 1 519 24 550
4 2 2 93 1 527 26 565
5 2 2 93 1 24 519 562
6 2 2 93 1 95 546 558
7 2 2 93 1 547 29 570
8 2 2 93 1 31 557 558
9 2 2 93 1 39 515 516
10 2 2 93 1 514 101 517
11 2 2 93 1 520 95 558
12 2 2 93 1 517 100 518
13 2 2 93 1 40 516 519
14 2 2 93 1 93 545 546
15 2 2 93 1 51 524 525
16 2 2 93 1 91 544 545
17 2 2 93 1 48 523 524
18 2 2 93 1 89 543 544
19 2 2 93 1 52 525 526
20 2 2 93 1 47 522 523
21 2 2 93 1 75 536 537
22 2 2 93 1 72 535 536
23 2 2 93 1 71 534 535
24 2 2 93 1 69 533 534
25 2 2 93 1 77 537 538
26 2 2 93 1 67 532 533
27 2 2 93 1 65 531 532
28 2 2 93 1 62 530 531
29 2 2 93 1 79 538 539
30 2 2 93 1 87 542 543
31 2 2 93 1 60 529 530
32 2 2 93 1 55 526 527
33 2 2 93 1 518 98 520
34 2 2 93 1 43 519 521
35 2 2 93 1 80 539 540
36 2 2 93 1 57 527 528
37 2 2 93 1 82 540 541
38 2 2 93 1 59 528 529
39 2 2 93 1 84 541 542
40 2 2 93 1 45 521 522
41 2 2 93 1 29 551 570
42 2 2 93 1 552 28 569
43 2 2 93 1 25 553 567
44 2 2 93 1 548 108 571
45 2 2 93 1 32 549 572
46 2 2 93 1 556 27 566
47 2 2 93 1 2 108 548
48 2 2 93 1 32 1 549
49 2 2 93 1 555 32 572
50 2 2 93 1 108 554 571
51 2 2 93 1 557 31 560
52 2 2 93 1 546 545 559
53 2 2 93 1 545 544 564
54 2 2 93 1 561 513 568
55 2 2 93 1 512 563 574
56 2 2 93 1 513 571 575
57 2 2 93 1 572 512 573
58 2 2 93 1 571 554 575
59 2 2 93 1 555 572 573
60 2 2 93 1 513 561 571
61 2 2 93 1 563 512 572
62 2 2 93 1 516 515 562
63 2 2 93 1 514 517 560
64 2 2 93 1 514 561 568
65 2 2 93 1 563 515 574
66 2 2 93 1 524 523 567
67 2 2 93 1 526 525 553
68 2 2 93 1 537 536 569
69 2 2 93 1 535 534 552
70 2 2 93 1 533 532 566
71 2 2 93 1 531 530 556
72 2 2 93 1 543 542 551
73 2 2 93 1 539 538 547
74 2 2 93 1 541 540 570
75 2 2 93 1 529 528 565
76 2 2 93 1 522 521 550
77 2 2 93 1 518 520 557
78 2 2 93 1 558 546 559
79 2 2 93 1 105 104 513
80 2 2 93 1 36 35 512
81 2 2 93 1 35 34 573
82 2 2 93 1 106 105 575
83 2 2 93 1 34 33 555
84 2 2 93 1 107 106 554
85 2 2 93 1 37 36 574
86 2 2 93 1 104 103 568
87 2 2 93 1 559 545 564
88 2 2 93 1 103 102 514
89 2 2 93 1 38 37 515
90 2 2 93 1 101 100 517
91 2 2 93 1 40 39 516
92 2 2 93 1 42 41 519
93 2 2 93 1 99 98 518
94 2 2 93 1 94 93 546
95 2 2 93 1 52 51 525
96 2 2 93 1 92 91 545
97 2 2 93 1 50 49 524
98 2 2 93 1 90 89 544
99 2 2 93 1 48 47 523
100 2 2 93 1 88 87 543
101 2 2 93 1 76 75 537
102 2 2 93 1 74 73 536
103 2 2 93 1 72 71 535
104 2 2 93 1 70 69 534
105 2 2 93 1 68 67 533
106 2 2 93 1 78 77 538
107 2 2 93 1 66 65 532
108 2 2 93 1 64 63 531
109 2 2 93 1 46 45 522
110 2 2 93 1 62 61 530
111 2 2 93 1 54 53 526
112 2 2 93 1 80 79 539
113 2 2 93 1 56 55 527
114 2 2 93 1 82 81 540
115 2 2 93 1 58 57 528
116 2 2 93 1 84 83 541
117 2 2 93 1 60 59 529
118 2 2 93 1 86 85 542
119 2 2 93 1 44 43 521
120 2 2 93 1 97 96 520
121 2 2 93 1 514 560 561
122 2 2 93 1 562 515 563
123 2 2 93 1 557 520 558
124 2 2 93 1 512 35 573
125 2 2 93 1 105 513 575
126 2 2 93 1 34 555 573
127 2 2 93 1 554 106 575
128 2 2 93 1 36 512 574
129 2 2 93 1 513 104 568
130 2 2 93 1 549 563 572
131 2 2 93 1 561 548 571
132 2 2 93 1 103 514 568
133 2 2 93 1 515 37 574
134 2 2 93 1 30 559 564
135 2 2 93 1 1 24 549
136 2 2 93 1 25 26 553
137 2 2 93 1 29 30 551
138 2 2 93 1 30 558 559
139 2 2 93 1 31 2 548
140 2 2 93 1 3 32 555
141 2 2 93 1 33 3 555
142 2 2 93 1 4 107 554
143 2 2 93 1 108 4 554
144 2 2 93 1 24 25 550
145 2 2 93 1 549 24 563
146 2 2 93 1 24 562 563
147 2 2 93 1 550 25 567
148 2 2 93 1 26 27 556
149 2 2 93 1 27 28 552
150 2 2 93 1 27 552 566
151 2 2 93 1 28 29 547
152 2 2 93 1 28 547 569
153 2 2 93 1 30 31 558
154 2 2 93 1 551 30 564
155 2 2 93 1 31 548 561
156 2 2 93 1 560 31 561
157 2 2 93 1 39 38 515
158 2 2 93 1 41 40 519
159 2 2 93 1 43 42 519
160 2 2 93 1 45 44 521
161 2 2 93 1 47 46 522
162 2 2 93 1 49 48 524
163 2 2 93 1 51 50 524
164 2 2 93 1 53 52 526
165 2 2 93 1 55 54 526
166 2 2 93 1 57 56 527
167 2 2 93 1 59 58 528
168 2 2 93 1 61 60 530
169 2 2 93 1 63 62 531
170 2 2 93 1 65 64 531
171 2 2 93 1 67 66 532
172 2 2 93 1 69 68 533
173 2 2 93 1 71 70 534
174 2 2 93 1 73 72 536
175 2 2 93 1 75 74 536
176 2 2 93 1 77 76 537
177 2 2 93 1 79 78 538
178 2 2 93 1 81 80 540
179 2 2 93 1 83 82 541
180 2 2 93 1 85 84 542
181 2 2 93 1 87 86 542
182 2 2 93 1 89 88 543
183 2 2 93 1 91 90 544
184 2 2 93 1 93 92 545
185 2 2 93 1 95 94 546
186 2 2 93 1 96 95 520
187 2 2 93 1 98 97 520
188 2 2 93 1 100 99 518
189 2 2 93 1 102 101 514
190 2 2 93 1 519 516 562
191 2 2 93 1 517 518 557
192 2 2 93 1 517 557 560
193 2 2 93 1 521 519 550
194 2 2 93 1 523 522 550
195 2 2 93 1 523 550 567
196 2 2 93 1 525 524 553
197 2 2 93 1 553 524 567
198 2 2 93 1 527 526 553
199 2 2 93 1 528 527 565
200 2 2 93 1 530 529 565
201 2 2 93 1 556 530 565
202 2 2 93 1 532 531 556
203 2 2 93 1 532 556 566
204 2 2 93 1 534 533 566
205 2 2 93 1 552 534 566
206 2 2 93 1 536 535 552
207 2 2 93 1 536 552 569
208 2 2 93 1 538 537 547
209 2 2 93 1 547 537 569
210 2 2 93 1 540 539 570
211 2 2 93 1 539 547 570
212 2 2 93 1 542 541 570
213 2 2 93 1 551 542 570
214 2 2 93 1 544 543 551
215 2 2 93 1 544 551 564
216 2 2 93 2 116 115 591
217 2 2 93 2 582 588 604
218 2 2 93 2 582 584 588
219 2 2 93 2 583 585 598
220 2 2 93 2 592 576 594
221 2 2 93 2 580 599 603
222 2 2 93 2 603 599 605
223 2 2 93 2 24 1 586
224 2 2 93 2 114 7 587
225 2 2 93 2 594 576 595
226 2 2 93 2 579 590 592
227 2 2 93 2 576 592 597
228 2 2 93 2 26 25 603
229 2 2 93 2 579 116 591
230 2 2 93 2 581 589 591
231 2 2 93 2 590 579 591
232 2 2 93 2 595 26 603
233 2 2 93 2 27 26 595
234 2 2 93 2 589 581 604
235 2 2 93 2 115 581 591
236 2 2 93 2 586 125 606
237 2 2 93 2 588 589 604
238 2 2 93 2 592 590 597
239 2 2 93 2 2 31 584
240 2 2 93 2 8 121 585
241 2 2 93 2 576 27 595
242 2 2 93 2 114 587 602
243 2 2 93 2 583 598 599
244 2 2 93 2 6 112 587
245 2 2 93 2 10 125 586
246 2 2 93 2 584 31 588
247 2 2 93 2 585 121 598
248 2 2 93 2 125 124 600
249 2 2 93 2 25 580 603
250 2 2 93 2 125 600 606
251 2 2 93 2 124 583 600
252 2 2 93 2 581 114 602
253 2 2 93 2 596 577 601
254 2 2 93 2 110 5 584
255 2 2 93 2 123 9 585
256 2 2 93 2 594 596 601
257 2 2 93 2 594 595 596
258 2 2 93 2 579 592 593
259 2 2 93 2 583 599 600
260 2 2 93 2 599 580 600
261 2 2 93 2 118 117 593
262 2 2 93 2 117 579 593
263 2 2 93 2 31 30 588
264 2 2 93 2 121 120 598
265 2 2 93 2 30 578 588
266 2 2 93 2 120 577 598
267 2 2 93 2 5 2 584
268 2 2 93 2 9 8 585
269 2 2 93 2 593 592 594
270 2 2 93 2 588 578 589
271 2 2 93 2 118 593 601
272 2 2 93 2 28 576 597
273 2 2 93 2 29 28 597
274 2 2 93 2 117 116 579
275 2 2 93 2 25 24 580
276 2 2 93 2 28 27 576
277 2 2 93 2 115 114 581
278 2 2 93 2 30 29 578
279 2 2 93 2 120 119 577
280 2 2 93 2 578 29 597
281 2 2 93 2 593 594 601
282 2 2 93 2 589 590 591
283 2 2 93 2 590 578 597
284 2 2 93 2 119 118 601
285 2 2 93 2 596 595 603
286 2 2 93 2 577 119 601
287 2 2 93 2 596 603 605
288 2 2 93 2 589 578 590
289 2 2 93 2 111 110 582
290 2 2 93 2 124 123 583
291 2 2 93 2 598 577 605
292 2 2 93 2 599 598 605
293 2 2 93 2 112 111 607
294 2 2 93 2 581 602 604
295 2 2 93 2 587 112 602
296 2 2 93 2 582 110 584
297 2 2 93 2 583 123 585
298 2 2 93 2 5 109 2
299 2 2 93 2 126 10 1
300 2 2 93 2 6 7 113
301 2 2 93 2 9 122 8
302 2 2 93 2 577 596 605
303 2 2 93 2 580 24 606
304 2 2 93 2 600 580 606
305 2 2 93 2 24 586 606
306 2 2 93 2 602 112 607
307 2 2 93 2 582 604 607
308 2 2 93 2 604 602 607
309 2 2 93 2 111 582 607
310 2 2 93 2 1 10 586
311 2 2 93 2 7 6 587
312 2 2 93 3 127 608 128
313 2 2 93 3 32 608 1
314 2 2 93 3 1 608 126
315 2 2 93 3 3 608 32
316 2 2 93 3 128 608 3
317 2 2 93 3 126 608 10
318 2 2 93 3 10 608 129
319 2 2 93 3 11 608 127
320 2 2 93 3 129 608 11
321 2 2 93 4 132 609 131
322 2 2 93 4 2 609 108
323 2 2 93 4 109 609 2
324 2 2 93 4 108 609 4
325 2 2 93 4 4 609 132
326 2 2 93 4 5 609 109
327 2 2 93 4 130 609 5
328 2 2 93 4 12 609 130
329 2 2 93 4 131 609 12
330 2 2 92 5 679 748 639
331 2 2 92 5 679 757 748
332 2 2 92 5 681 756 736
333 2 2 92 5 681 736 628
334 2 2 92 5 678 693 632
335 2 2 92 5 693 723 632
336 2 2 92 5 680 692 664
337 2 2 92 5 692 697 664
338 2 2 92 5 690 721 625
339 2 2 92 5 676 690 625
340 2 2 92 5 691 724 642
341 2 2 92 5 682 691 642
342 2 2 92 5 683 704 654
343 2 2 92 5 683 758 704
344 2 2 92 5 677 714 663
345 2 2 92 5 677 759 714
346 2 2 92 5 675 699 689
347 2 2 92 5 674 698 688
348 2 2 92 5 650 699 675
349 2 2 92 5 649 698 674
350 2 2 92 5 685 742 686
351 2 2 92 5 684 720 687
352 2 2 92 5 633 742 685
353 2 2 92 5 612 720 684
354 2 2 92 5 616 728 674
355 2 2 92 5 620 732 675
356 2 2 92 5 674 688 616
357 2 2 92 5 675 689 620
358 2 2 92 5 682 738 629
359 2 2 92 5 676 740 623
360 2 2 92 5 680 741 630
361 2 2 92 5 623 690 676
362 2 2 92 5 630 692 680
363 2 2 92 5 629 691 682
364 2 2 92 5 678 754 646
365 2 2 92 5 618 730 654
366 2 2 92 5 614 726 648
367 2 2 92 5 670 726 614
368 2 2 92 5 651 737 622
369 2 2 92 5 617 729 658
370 2 2 92 5 629 738 671
371 2 2 92 5 649 727 615
372 2 2 92 5 652 728 616
373 2 2 92 5 623 740 664
374 2 2 92 5 627 735 651
375 2 2 92 5 639 748 655
376 2 2 92 5 622 737 661
377 2 2 92 5 655 730 618
378 2 2 92 5 657 732 620
379 2 2 92 5 626 734 666
380 2 2 92 5 628 736 662
381 2 2 92 5 615 727 672
382 2 2 92 5 630 741 663
383 2 2 92 5 636 745 652
384 2 2 92 5 661 734 626
385 2 2 92 5 658 745 636
386 2 2 92 5 666 739 624
387 2 2 92 5 662 735 627
388 2 2 92 5 634 743 667
389 2 2 92 5 635 744 668
390 2 2 92 5 613 725 660
391 2 2 92 5 621 733 659
392 2 2 92 5 638 747 665
393 2 2 92 5 650 731 619
394 2 2 92 5 653 729 617
395 2 2 92 5 624 739 673
396 2 2 92 5 660 733 621
397 2 2 92 5 668 743 634
398 2 2 92 5 665 746 637
399 2 2 92 5 667 742 633
400 2 2 92 5 619 731 656
401 2 2 92 5 637 746 653
402 2 2 92 5 648 725 613
403 2 2 92 5 669 749 640
404 2 2 92 5 640 749 657
405 2 2 92 5 659 750 641
406 2 2 92 5 641 750 669
407 2 2 92 5 643 751 670
408 2 2 92 5 673 752 644
409 2 2 92 5 671 753 645
410 2 2 92 5 672 755 647
411 2 2 92 5 646 693 678
412 2 2 92 5 648 695 614
413 2 2 92 5 655 705 639
414 2 2 92 5 654 704 618
415 2 2 92 5 615 698 649
416 2 2 92 5 618 705 655
417 2 2 92 5 657 707 640
418 2 2 92 5 658 700 617
419 2 2 92 5 672 712 615
420 2 2 92 5 613 695 648
421 2 2 92 5 614 696 670
422 2 2 92 5 620 707 657
423 2 2 92 5 626 708 661
424 2 2 92 5 651 709 627
425 2 2 92 5 666 711 626
426 2 2 92 5 664 697 623
427 2 2 92 5 652 702 636
428 2 2 92 5 636 700 658
429 2 2 92 5 656 706 619
430 2 2 92 5 624 711 666
431 2 2 92 5 662 710 628
432 2 2 92 5 673 715 624
433 2 2 92 5 622 709 651
434 2 2 92 5 653 703 637
435 2 2 92 5 616 702 652
436 2 2 92 5 671 713 629
437 2 2 92 5 633 716 667
438 2 2 92 5 634 717 668
439 2 2 92 5 661 708 622
440 2 2 92 5 663 714 630
441 2 2 92 5 659 701 621
442 2 2 92 5 627 710 662
443 2 2 92 5 621 694 660
444 2 2 92 5 617 703 653
445 2 2 92 5 637 718 665
446 2 2 92 5 660 694 613
447 2 2 92 5 619 699 650
448 2 2 92 5 667 716 634
449 2 2 92 5 668 717 635
450 2 2 92 5 641 701 659
451 2 2 92 5 665 718 638
452 2 2 92 5 640 719 669
453 2 2 92 5 669 719 641
454 2 2 92 5 612 751 643
455 2 2 92 5 647 755 632
456 2 2 92 5 644 752 625
457 2 2 92 5 645 753 631
458 2 2 92 5 646 754 642
459 2 2 92 5 670 696 643
460 2 2 92 5 647 712 672
461 2 2 92 5 645 713 671
462 2 2 92 5 644 715 673
463 2 2 92 5 643 720 612
464 2 2 92 5 625 721 644
465 2 2 92 5 631 722 645
466 2 2 92 5 632 723 647
467 2 2 92 5 642 724 646
468 2 2 92 5 656 757 679
469 2 2 92 5 679 706 656
470 2 2 92 5 631 756 681
471 2 2 92 5 681 722 631
472 2 2 92 5 677 744 635
473 2 2 92 5 683 747 638
474 2 2 92 5 635 759 677
475 2 2 92 5 638 758 683
476 2 2 92 5 611 763 685
477 2 2 92 5 610 760 684
478 2 2 92 5 685 763 33
479 2 2 92 5 684 760 209
480 2 2 92 5 687 761 610
481 2 2 92 5 686 762 611
482 2 2 92 5 184 683 185
483 2 2 92 5 141 677 142
484 2 2 92 5 142 677 663
485 2 2 92 5 185 683 654
486 2 2 92 5 88 679 87
487 2 2 92 5 59 681 58
488 2 2 92 5 87 679 639
489 2 2 92 5 58 681 628
490 2 2 92 5 105 643 104
491 2 2 92 5 61 645 60
492 2 2 92 5 66 646 65
493 2 2 92 5 48 644 47
494 2 2 92 5 69 647 68
495 2 2 92 5 50 624 49
496 2 2 92 5 101 613 100
497 2 2 92 5 103 614 102
498 2 2 92 5 54 622 53
499 2 2 92 5 45 623 44
500 2 2 92 5 52 626 51
501 2 2 92 5 56 627 55
502 2 2 92 5 58 628 57
503 2 2 92 5 42 630 41
504 2 2 92 5 71 615 70
505 2 2 92 5 74 616 73
506 2 2 92 5 78 617 77
507 2 2 92 5 85 618 84
508 2 2 92 5 90 619 89
509 2 2 92 5 93 620 92
510 2 2 92 5 99 621 98
511 2 2 92 5 63 629 62
512 2 2 92 5 35 633 34
513 2 2 92 5 37 634 36
514 2 2 92 5 39 635 38
515 2 2 92 5 76 636 75
516 2 2 92 5 80 637 79
517 2 2 92 5 82 638 81
518 2 2 92 5 87 639 86
519 2 2 92 5 95 640 94
520 2 2 92 5 97 641 96
521 2 2 92 5 169 632 170
522 2 2 92 5 148 625 149
523 2 2 92 5 166 642 167
524 2 2 92 5 161 631 162
525 2 2 92 5 207 612 208
526 2 2 92 5 169 678 632
527 2 2 92 5 173 649 174
528 2 2 92 5 192 650 193
529 2 2 92 5 171 672 172
530 2 2 92 5 178 658 179
531 2 2 92 5 199 659 200
532 2 2 92 5 163 671 164
533 2 2 92 5 176 652 177
534 2 2 92 5 180 653 181
535 2 2 92 5 185 654 186
536 2 2 92 5 187 655 188
537 2 2 92 5 190 656 191
538 2 2 92 5 195 657 196
539 2 2 92 5 154 661 155
540 2 2 92 5 156 651 157
541 2 2 92 5 158 662 159
542 2 2 92 5 152 666 153
543 2 2 92 5 142 663 143
544 2 2 92 5 145 664 146
545 2 2 92 5 150 673 151
546 2 2 92 5 205 670 206
547 2 2 92 5 137 667 138
548 2 2 92 5 139 668 140
549 2 2 92 5 182 665 183
550 2 2 92 5 197 669 198
551 2 2 92 5 201 660 202
552 2 2 92 5 203 648 204
553 2 2 92 5 168 678 169
554 2 2 92 5 148 676 625
555 2 2 92 5 166 682 642
556 2 2 92 5 145 680 664
557 2 2 92 5 147 676 148
558 2 2 92 5 144 680 145
559 2 2 92 5 165 682 166
560 2 2 92 5 193 675 194
561 2 2 92 5 174 674 175
562 2 2 92 5 650 675 193
563 2 2 92 5 649 674 174
564 2 2 92 5 208 684 209
565 2 2 92 5 34 685 33
566 2 2 92 5 612 684 208
567 2 2 92 5 633 685 34
568 2 2 92 5 674 728 175
569 2 2 92 5 675 732 194
570 2 2 92 5 33 763 3
571 2 2 92 5 4 761 107
572 2 2 92 5 616 688 73
573 2 2 92 5 620 689 92
574 2 2 92 5 184 747 683
575 2 2 92 5 141 744 677
576 2 2 92 5 88 706 679
577 2 2 92 5 59 722 681
578 2 2 92 5 63 691 629
579 2 2 92 5 45 690 623
580 2 2 92 5 42 692 630
581 2 2 92 5 66 693 646
582 2 2 92 5 61 713 645
583 2 2 92 5 643 696 104
584 2 2 92 5 48 715 644
585 2 2 92 5 69 712 647
586 2 2 92 5 647 723 68
587 2 2 92 5 645 722 60
588 2 2 92 5 646 724 65
589 2 2 92 5 105 720 643
590 2 2 92 5 644 721 47
591 2 2 92 5 95 719 640
592 2 2 92 5 90 699 619
593 2 2 92 5 613 694 100
594 2 2 92 5 621 701 98
595 2 2 92 5 99 694 621
596 2 2 92 5 641 719 96
597 2 2 92 5 80 718 637
598 2 2 92 5 638 718 81
599 2 2 92 5 97 701 641
600 2 2 92 5 619 706 89
601 2 2 92 5 628 710 57
602 2 2 92 5 624 715 49
603 2 2 92 5 54 709 622
604 2 2 92 5 614 695 102
605 2 2 92 5 627 709 55
606 2 2 92 5 617 700 77
607 2 2 92 5 626 711 51
608 2 2 92 5 56 710 627
609 2 2 92 5 630 714 41
610 2 2 92 5 623 697 44
611 2 2 92 5 52 708 626
612 2 2 92 5 629 713 62
613 2 2 92 5 637 703 79
614 2 2 92 5 78 703 617
615 2 2 92 5 35 716 633
616 2 2 92 5 634 716 36
617 2 2 92 5 37 717 634
618 2 2 92 5 635 717 38
619 2 2 92 5 76 700 636
620 2 2 92 5 71 698 615
621 2 2 92 5 50 711 624
622 2 2 92 5 615 712 70
623 2 2 92 5 622 708 53
624 2 2 92 5 636 702 75
625 2 2 92 5 74 702 616
626 2 2 92 5 101 695 613
627 2 2 92 5 103 696 614
628 2 2 92 5 618 704 84
629 2 2 92 5 93 707 620
630 2 2 92 5 640 707 94
631 2 2 92 5 639 705 86
632 2 2 92 5 85 705 618
633 2 2 92 5 642 754 167
634 2 2 92 5 631 753 162
635 2 2 92 5 632 755 170
636 2 2 92 5 625 752 149
637 2 2 92 5 207 751 612
638 2 2 92 5 161 756 631
639 2 2 92 5 657 749 196
640 2 2 92 5 660 725 202
641 2 2 92 5 197 749 669
642 2 2 92 5 199 750 659
643 2 2 92 5 659 733 200
644 2 2 92 5 656 731 191
645 2 2 92 5 203 725 648
646 2 2 92 5 192 731 650
647 2 2 92 5 669 750 198
648 2 2 92 5 201 733 660
649 2 2 92 5 653 746 181
650 2 2 92 5 672 727 172
651 2 2 92 5 658 729 179
652 2 2 92 5 182 746 665
653 2 2 92 5 173 727 649
654 2 2 92 5 666 734 153
655 2 2 92 5 154 734 661
656 2 2 92 5 662 736 159
657 2 2 92 5 180 729 653
658 2 2 92 5 651 735 157
659 2 2 92 5 156 737 651
660 2 2 92 5 139 743 668
661 2 2 92 5 205 726 670
662 2 2 92 5 664 740 146
663 2 2 92 5 661 737 155
664 2 2 92 5 654 730 186
665 2 2 92 5 671 738 164
666 2 2 92 5 648 726 204
667 2 2 92 5 663 741 143
668 2 2 92 5 178 745 658
669 2 2 92 5 673 739 151
670 2 2 92 5 652 745 177
671 2 2 92 5 137 742 667
672 2 2 92 5 158 735 662
673 2 2 92 5 667 743 138
674 2 2 92 5 176 728 652
675 2 2 92 5 187 730 655
676 2 2 92 5 195 732 657
677 2 2 92 5 152 739 666
678 2 2 92 5 665 747 183
679 2 2 92 5 655 748 188
680 2 2 92 5 668 744 140
681 2 2 92 5 163 753 671
682 2 2 92 5 150 752 673
683 2 2 92 5 171 755 672
684 2 2 92 5 670 751 206
685 2 2 92 5 82 758 638
686 2 2 92 5 39 759 635
687 2 2 92 5 190 757 656
688 2 2 92 5 168 754 678
689 2 2 92 5 147 740 676
690 2 2 92 5 144 741 680
691 2 2 92 5 165 738 682
692 2 2 92 5 209 760 13
693 2 2 92 5 14 762 135
694 2 2 92 5 107 761 687
695 2 2 92 5 135 762 686
696 2 2 92 5 133 610 134
697 2 2 92 5 211 611 210
698 2 2 92 5 685 686 611
699 2 2 92 5 684 687 610
700 2 2 92 5 107 687 106
701 2 2 92 5 135 686 136
702 2 2 92 5 687 720 106
703 2 2 92 5 686 742 136
704 2 2 92 5 73 688 72
705 2 2 92 5 92 689 91
706 2 2 92 5 688 698 72
707 2 2 92 5 689 699 91
708 2 2 92 5 64 691 63
709 2 2 92 5 43 692 42
710 2 2 92 5 46 690 45
711 2 2 92 5 43 697 692
712 2 2 92 5 64 724 691
713 2 2 92 5 46 721 690
714 2 2 92 5 67 693 66
715 2 2 92 5 96 719 95
716 2 2 92 5 91 699 90
717 2 2 92 5 100 694 99
718 2 2 92 5 98 701 97
719 2 2 92 5 81 718 80
720 2 2 92 5 89 706 88
721 2 2 92 5 57 710 56
722 2 2 92 5 55 709 54
723 2 2 92 5 79 703 78
724 2 2 92 5 51 711 50
725 2 2 92 5 44 697 43
726 2 2 92 5 62 713 61
727 2 2 92 5 53 708 52
728 2 2 92 5 77 700 76
729 2 2 92 5 49 715 48
730 2 2 92 5 72 698 71
731 2 2 92 5 75 702 74
732 2 2 92 5 36 716 35
733 2 2 92 5 38 717 37
734 2 2 92 5 102 695 101
735 2 2 92 5 41 714 40
736 2 2 92 5 70 712 69
737 2 2 92 5 104 696 103
738 2 2 92 5 84 704 83
739 2 2 92 5 67 723 693
740 2 2 92 5 94 707 93
741 2 2 92 5 86 705 85
742 2 2 92 5 68 723 67
743 2 2 92 5 60 722 59
744 2 2 92 5 65 724 64
745 2 2 92 5 106 720 105
746 2 2 92 5 47 721 46
747 2 2 92 5 714 759 40
748 2 2 92 5 704 758 83
749 2 2 92 5 198 750 199
750 2 2 92 5 196 749 197
751 2 2 92 5 202 725 203
752 2 2 92 5 191 731 192
753 2 2 92 5 200 733 201
754 2 2 92 5 181 746 182
755 2 2 92 5 172 727 173
756 2 2 92 5 179 729 180
757 2 2 92 5 153 734 154
758 2 2 92 5 204 726 205
759 2 2 92 5 151 739 152
760 2 2 92 5 157 735 158
761 2 2 92 5 159 736 160
762 2 2 92 5 155 737 156
763 2 2 92 5 138 743 139
764 2 2 92 5 143 741 144
765 2 2 92 5 136 742 137
766 2 2 92 5 140 744 141
767 2 2 92 5 183 747 184
768 2 2 92 5 177 745 178
769 2 2 92 5 146 740 147
770 2 2 92 5 175 728 176
771 2 2 92 5 186 730 187
772 2 2 92 5 194 732 195
773 2 2 92 5 164 738 165
774 2 2 92 5 188 748 189
775 2 2 92 5 167 754 168
776 2 2 92 5 149 752 150
777 2 2 92 5 162 753 163
778 2 2 92 5 170 755 171
779 2 2 92 5 206 751 207
780 2 2 92 5 736 756 160
781 2 2 92 5 748 757 189
782 2 2 92 5 160 756 161
783 2 2 92 5 189 757 190
784 2 2 92 5 83 758 82
785 2 2 92 5 40 759 39
786 2 2 92 5 610 761 134
787 2 2 92 5 211 763 611
788 2 2 92 5 133 760 610
789 2 2 92 5 611 762 210
790 2 2 92 5 13 760 133
791 2 2 92 5 210 762 14
792 2 2 92 5 134 761 4
793 2 2 92 5 3 763 211
794 2 2 93 6 10 129 788
795 2 2 93 6 212 9 789
796 2 2 93 6 217 764 766
797 2 2 93 6 124 125 781
798 2 2 93 6 123 124 780
799 2 2 93 6 124 781 786
800 2 2 93 6 780 124 786
801 2 2 93 6 789 764 790
802 2 2 93 6 765 788 791
803 2 2 93 6 218 766 768
804 2 2 93 6 767 234 769
805 2 2 93 6 221 768 771
806 2 2 93 6 769 233 770
807 2 2 93 6 770 231 772
808 2 2 93 6 223 771 773
809 2 2 93 6 225 773 775
810 2 2 93 6 772 228 774
811 2 2 93 6 774 227 775
812 2 2 93 6 123 780 783
813 2 2 93 6 782 123 783
814 2 2 93 6 781 125 785
815 2 2 93 6 782 764 789
816 2 2 93 6 765 784 788
817 2 2 93 6 777 123 782
818 2 2 93 6 776 10 788
819 2 2 93 6 9 777 789
820 2 2 93 6 125 776 785
821 2 2 93 6 766 764 782
822 2 2 93 6 767 769 785
823 2 2 93 6 779 789 790
824 2 2 93 6 788 778 791
825 2 2 93 6 129 778 788
826 2 2 93 6 779 212 789
827 2 2 93 6 768 766 783
828 2 2 93 6 770 772 781
829 2 2 93 6 773 771 780
830 2 2 93 6 774 775 786
831 2 2 93 6 214 213 779
832 2 2 93 6 240 239 778
833 2 2 93 6 239 238 791
834 2 2 93 6 215 214 790
835 2 2 93 6 777 782 789
836 2 2 93 6 784 776 788
837 2 2 93 6 216 215 764
838 2 2 93 6 238 237 765
839 2 2 93 6 237 236 787
840 2 2 93 6 236 235 767
841 2 2 93 6 218 217 766
842 2 2 93 6 234 233 769
843 2 2 93 6 220 219 768
844 2 2 93 6 222 221 771
845 2 2 93 6 232 231 770
846 2 2 93 6 224 223 773
847 2 2 93 6 230 229 772
848 2 2 93 6 226 225 775
849 2 2 93 6 228 227 774
850 2 2 93 6 784 767 785
851 2 2 93 6 766 782 783
852 2 2 93 6 784 765 787
853 2 2 93 6 767 784 787
854 2 2 93 6 778 239 791
855 2 2 93 6 214 779 790
856 2 2 93 6 764 215 790
857 2 2 93 6 238 765 791
858 2 2 93 6 765 237 787
859 2 2 93 6 236 767 787
860 2 2 93 6 9 123 777
861 2 2 93 6 125 10 776
862 2 2 93 6 129 11 778
863 2 2 93 6 11 240 778
864 2 2 93 6 15 212 779
865 2 2 93 6 213 15 779
866 2 2 93 6 217 216 764
867 2 2 93 6 219 218 768
868 2 2 93 6 221 220 768
869 2 2 93 6 223 222 771
870 2 2 93 6 225 224 773
871 2 2 93 6 227 226 775
872 2 2 93 6 229 228 772
873 2 2 93 6 231 230 772
874 2 2 93 6 233 232 770
875 2 2 93 6 235 234 767
876 2 2 93 6 771 768 780
877 2 2 93 6 780 768 783
878 2 2 93 6 769 770 785
879 2 2 93 6 770 781 785
880 2 2 93 6 772 774 786
881 2 2 93 6 781 772 786
882 2 2 93 6 775 773 786
883 2 2 93 6 773 780 786
884 2 2 93 6 776 784 785
885 2 2 93 7 6 269 816
886 2 2 93 7 130 5 817
887 2 2 93 7 245 792 794
888 2 2 93 7 111 112 809
889 2 2 93 7 110 111 808
890 2 2 93 7 111 809 814
891 2 2 93 7 808 111 814
892 2 2 93 7 817 792 818
893 2 2 93 7 793 816 819
894 2 2 93 7 246 794 796
895 2 2 93 7 795 262 797
896 2 2 93 7 249 796 799
897 2 2 93 7 797 261 798
898 2 2 93 7 798 259 800
899 2 2 93 7 251 799 801
900 2 2 93 7 253 801 803
901 2 2 93 7 800 256 802
902 2 2 93 7 802 255 803
903 2 2 93 7 110 808 811
904 2 2 93 7 810 110 811
905 2 2 93 7 809 112 813
906 2 2 93 7 810 792 817
907 2 2 93 7 793 812 816
908 2 2 93 7 805 110 810
909 2 2 93 7 804 6 816
910 2 2 93 7 5 805 817
911 2 2 93 7 112 804 813
912 2 2 93 7 794 792 810
913 2 2 93 7 795 797 813
914 2 2 93 7 807 817 818
915 2 2 93 7 816 806 819
916 2 2 93 7 269 806 816
917 2 2 93 7 807 130 817
918 2 2 93 7 796 794 811
919 2 2 93 7 798 800 809
920 2 2 93 7 801 799 808
921 2 2 93 7 802 803 814
922 2 2 93 7 242 241 807
923 2 2 93 7 268 267 806
924 2 2 93 7 267 266 819
925 2 2 93 7 243 242 818
926 2 2 93 7 805 810 817
927 2 2 93 7 812 804 816
928 2 2 93 7 244 243 792
929 2 2 93 7 266 265 793
930 2 2 93 7 265 264 815
931 2 2 93 7 264 263 795
932 2 2 93 7 246 245 794
933 2 2 93 7 262 261 797
934 2 2 93 7 248 247 796
935 2 2 93 7 250 249 799
936 2 2 93 7 260 259 798
937 2 2 93 7 252 251 801
938 2 2 93 7 258 257 800
939 2 2 93 7 254 253 803
940 2 2 93 7 256 255 802
941 2 2 93 7 812 795 813
942 2 2 93 7 794 810 811
943 2 2 93 7 812 793 815
944 2 2 93 7 795 812 815
945 2 2 93 7 806 267 819
946 2 2 93 7 242 807 818
947 2 2 93 7 792 243 818
948 2 2 93 7 266 793 819
949 2 2 93 7 793 265 815
950 2 2 93 7 264 795 815
951 2 2 93 7 5 110 805
952 2 2 93 7 112 6 804
953 2 2 93 7 12 130 807
954 2 2 93 7 241 12 807
955 2 2 93 7 16 268 806
956 2 2 93 7 269 16 806
957 2 2 93 7 245 244 792
958 2 2 93 7 247 246 796
959 2 2 93 7 249 248 796
960 2 2 93 7 251 250 799
961 2 2 93 7 253 252 801
962 2 2 93 7 255 254 803
963 2 2 93 7 257 256 800
964 2 2 93 7 259 258 800
965 2 2 93 7 261 260 798
966 2 2 93 7 263 262 795
967 2 2 93 7 799 796 808
968 2 2 93 7 808 796 811
969 2 2 93 7 797 798 813
970 2 2 93 7 798 809 813
971 2 2 93 7 800 802 814
972 2 2 93 7 809 800 814
973 2 2 93 7 803 801 814
974 2 2 93 7 801 808 814
975 2 2 93 7 804 812 813
976 2 2 93 8 271 820 270
977 2 2 93 8 122 820 8
978 2 2 93 8 8 820 272
979 2 2 93 8 9 820 122
980 2 2 93 8 212 820 9
981 2 2 93 8 15 820 212
982 2 2 93 8 270 820 15
983 2 2 93 8 17 820 271
984 2 2 93 8 272 820 17
985 2 2 93 9 275 821 274
986 2 2 93 9 113 821 6
987 2 2 93 9 6 821 269
988 2 2 93 9 7 821 113
989 2 2 93 9 273 821 7
990 2 2 93 9 269 821 16
991 2 2 93 9 16 821 275
992 2 2 93 9 18 821 273
993 2 2 93 9 274 821 18
994 2 2 93 10 116 837 863
995 2 2 93 10 116 866 875
996 2 2 93 10 829 114 860
997 2 2 93 10 837 116 875
998 2 2 93 10 114 829 872
999 2 2 93 10 338 856 868
1000 2 2 93 10 857 119 880
1001 2 2 93 10 121 867 868
1002 2 2 93 10 282 825 826
1003 2 2 93 10 824 344 827
1004 2 2 93 10 830 338 868
1005 2 2 93 10 827 343 828
1006 2 2 93 10 283 826 829
1007 2 2 93 10 336 855 856
1008 2 2 93 10 294 834 835
1009 2 2 93 10 334 854 855
1010 2 2 93 10 291 833 834
1011 2 2 93 10 332 853 854
1012 2 2 93 10 295 835 836
1013 2 2 93 10 290 832 833
1014 2 2 93 10 318 846 847
1015 2 2 93 10 315 845 846
1016 2 2 93 10 314 844 845
1017 2 2 93 10 312 843 844
1018 2 2 93 10 320 847 848
1019 2 2 93 10 310 842 843
1020 2 2 93 10 308 841 842
1021 2 2 93 10 305 840 841
1022 2 2 93 10 322 848 849
1023 2 2 93 10 330 852 853
1024 2 2 93 10 303 839 840
1025 2 2 93 10 298 836 837
1026 2 2 93 10 828 341 830
1027 2 2 93 10 286 829 831
1028 2 2 93 10 323 849 850
1029 2 2 93 10 300 837 838
1030 2 2 93 10 325 850 851
1031 2 2 93 10 302 838 839
1032 2 2 93 10 327 851 852
1033 2 2 93 10 288 831 832
1034 2 2 93 10 119 861 880
1035 2 2 93 10 862 118 879
1036 2 2 93 10 115 863 877
1037 2 2 93 10 858 272 881
1038 2 2 93 10 273 859 882
1039 2 2 93 10 866 117 876
1040 2 2 93 10 8 272 858
1041 2 2 93 10 273 7 859
1042 2 2 93 10 865 273 882
1043 2 2 93 10 272 864 881
1044 2 2 93 10 867 121 870
1045 2 2 93 10 856 855 869
1046 2 2 93 10 855 854 874
1047 2 2 93 10 871 823 878
1048 2 2 93 10 822 873 884
1049 2 2 93 10 823 881 885
1050 2 2 93 10 882 822 883
1051 2 2 93 10 881 864 885
1052 2 2 93 10 865 882 883
1053 2 2 93 10 823 871 881
1054 2 2 93 10 873 822 882
1055 2 2 93 10 826 825 872
1056 2 2 93 10 824 827 870
1057 2 2 93 10 824 871 878
1058 2 2 93 10 873 825 884
1059 2 2 93 10 834 833 877
1060 2 2 93 10 836 835 863
1061 2 2 93 10 847 846 879
1062 2 2 93 10 845 844 862
1063 2 2 93 10 843 842 876
1064 2 2 93 10 841 840 866
1065 2 2 93 10 853 852 861
1066 2 2 93 10 849 848 857
1067 2 2 93 10 851 850 880
1068 2 2 93 10 839 838 875
1069 2 2 93 10 832 831 860
1070 2 2 93 10 828 830 867
1071 2 2 93 10 868 856 869
1072 2 2 93 10 348 347 823
1073 2 2 93 10 279 278 822
1074 2 2 93 10 278 277 883
1075 2 2 93 10 349 348 885
1076 2 2 93 10 277 276 865
1077 2 2 93 10 350 349 864
1078 2 2 93 10 280 279 884
1079 2 2 93 10 347 346 878
1080 2 2 93 10 869 855 874
1081 2 2 93 10 346 345 824
1082 2 2 93 10 281 280 825
1083 2 2 93 10 344 343 827
1084 2 2 93 10 283 282 826
1085 2 2 93 10 285 284 829
1086 2 2 93 10 342 341 828
1087 2 2 93 10 337 336 856
1088 2 2 93 10 295 294 835
1089 2 2 93 10 335 334 855
1090 2 2 93 10 293 292 834
1091 2 2 93 10 333 332 854
1092 2 2 93 10 291 290 833
1093 2 2 93 10 331 330 853
1094 2 2 93 10 319 318 847
1095 2 2 93 10 317 316 846
1096 2 2 93 10 315 314 845
1097 2 2 93 10 313 312 844
1098 2 2 93 10 311 310 843
1099 2 2 93 10 321 320 848
1100 2 2 93 10 309 308 842
1101 2 2 93 10 307 306 841
1102 2 2 93 10 289 288 832
1103 2 2 93 10 305 304 840
1104 2 2 93 10 297 296 836
1105 2 2 93 10 323 322 849
1106 2 2 93 10 299 298 837
1107 2 2 93 10 325 324 850
1108 2 2 93 10 301 300 838
1109 2 2 93 10 327 326 851
1110 2 2 93 10 303 302 839
1111 2 2 93 10 329 328 852
1112 2 2 93 10 287 286 831
1113 2 2 93 10 340 339 830
1114 2 2 93 10 824 870 871
1115 2 2 93 10 872 825 873
1116 2 2 93 10 867 830 868
1117 2 2 93 10 822 278 883
1118 2 2 93 10 348 823 885
1119 2 2 93 10 277 865 883
1120 2 2 93 10 864 349 885
1121 2 2 93 10 279 822 884
1122 2 2 93 10 823 347 878
1123 2 2 93 10 859 873 882
1124 2 2 93 10 871 858 881
1125 2 2 93 10 346 824 878
1126 2 2 93 10 825 280 884
1127 2 2 93 10 120 869 874
1128 2 2 93 10 7 114 859
1129 2 2 93 10 115 116 863
1130 2 2 93 10 119 120 861
1131 2 2 93 10 120 868 869
1132 2 2 93 10 121 8 858
1133 2 2 93 10 272 17 864
1134 2 2 93 10 17 350 864
1135 2 2 93 10 18 273 865
1136 2 2 93 10 276 18 865
1137 2 2 93 10 114 115 860
1138 2 2 93 10 859 114 873
1139 2 2 93 10 114 872 873
1140 2 2 93 10 860 115 877
1141 2 2 93 10 116 117 866
1142 2 2 93 10 117 118 862
1143 2 2 93 10 117 862 876
1144 2 2 93 10 118 119 857
1145 2 2 93 10 118 857 879
1146 2 2 93 10 120 121 868
1147 2 2 93 10 861 120 874
1148 2 2 93 10 121 858 871
1149 2 2 93 10 870 121 871
1150 2 2 93 10 282 281 825
1151 2 2 93 10 284 283 829
1152 2 2 93 10 286 285 829
1153 2 2 93 10 288 287 831
1154 2 2 93 10 290 289 832
1155 2 2 93 10 292 291 834
1156 2 2 93 10 294 293 834
1157 2 2 93 10 296 295 836
1158 2 2 93 10 298 297 836
1159 2 2 93 10 300 299 837
1160 2 2 93 10 302 301 838
1161 2 2 93 10 304 303 840
1162 2 2 93 10 306 305 841
1163 2 2 93 10 308 307 841
1164 2 2 93 10 310 309 842
1165 2 2 93 10 312 311 843
1166 2 2 93 10 314 313 844
1167 2 2 93 10 316 315 846
1168 2 2 93 10 318 317 846
1169 2 2 93 10 320 319 847
1170 2 2 93 10 322 321 848
1171 2 2 93 10 324 323 850
1172 2 2 93 10 326 325 851
1173 2 2 93 10 328 327 852
1174 2 2 93 10 330 329 852
1175 2 2 93 10 332 331 853
1176 2 2 93 10 334 333 854
1177 2 2 93 10 336 335 855
1178 2 2 93 10 338 337 856
1179 2 2 93 10 339 338 830
1180 2 2 93 10 341 340 830
1181 2 2 93 10 343 342 828
1182 2 2 93 10 345 344 824
1183 2 2 93 10 829 826 872
1184 2 2 93 10 827 828 867
1185 2 2 93 10 827 867 870
1186 2 2 93 10 831 829 860
1187 2 2 93 10 833 832 860
1188 2 2 93 10 833 860 877
1189 2 2 93 10 835 834 863
1190 2 2 93 10 863 834 877
1191 2 2 93 10 837 836 863
1192 2 2 93 10 838 837 875
1193 2 2 93 10 840 839 875
1194 2 2 93 10 866 840 875
1195 2 2 93 10 842 841 866
1196 2 2 93 10 842 866 876
1197 2 2 93 10 844 843 876
1198 2 2 93 10 862 844 876
1199 2 2 93 10 846 845 862
1200 2 2 93 10 846 862 879
1201 2 2 93 10 848 847 857
1202 2 2 93 10 857 847 879
1203 2 2 93 10 850 849 880
1204 2 2 93 10 849 857 880
1205 2 2 93 10 852 851 880
1206 2 2 93 10 861 852 880
1207 2 2 93 10 854 853 861
1208 2 2 93 10 854 861 874
1209 2 2 92 11 352 886 210
1210 2 2 92 11 14 352 210
1211 2 2 92 11 351 886 352
1212 2 2 92 11 210 886 211
1213 2 2 92 11 886 887 211
1214 2 2 92 11 351 888 886
1215 2 2 92 11 211 887 3
1216 2 2 92 11 3 887 128
1217 2 2 92 11 128 888 127
1218 2 2 92 11 887 888 128
1219 2 2 92 11 886 888 887
1220 2 2 92 11 11 888 351
1221 2 2 92 11 127 888 11
1222 2 2 92 12 133 889 354
1223 2 2 92 12 12 891 131
1224 2 2 92 12 353 891 12
1225 2 2 92 12 133 354 13
1226 2 2 92 12 354 889 353
1227 2 2 92 12 134 889 133
1228 2 2 92 12 889 891 353
1229 2 2 92 12 134 890 889
1230 2 2 92 12 4 890 134
1231 2 2 92 12 132 890 4
1232 2 2 92 12 131 891 132
1233 2 2 92 12 132 891 890
1234 2 2 92 12 890 891 889
1235 2 2 93 13 1133 1275 937
1236 2 2 93 13 1154 1253 1241
1237 2 2 93 13 1183 1252 1155
1238 2 2 93 13 1172 1178 987
1239 2 2 93 13 395 947 940
1240 2 2 93 13 1082 1251 1201
1241 2 2 93 13 435 951 949
1242 2 2 93 13 1255 1264 912
1243 2 2 93 13 1218 1232 1176
1244 2 2 93 13 933 944 161
1245 2 2 93 13 184 945 932
1246 2 2 93 13 23 1151 1012
1247 2 2 93 13 475 1210 474
1248 2 2 93 13 894 1252 1230
1249 2 2 93 13 930 1249 1219
1250 2 2 93 13 897 1143 1102
1251 2 2 93 13 1083 1142 895
1252 2 2 93 13 1222 1268 1194
1253 2 2 93 13 1198 1217 911
1254 2 2 93 13 1214 1304 1036
1255 2 2 93 13 907 1201 1197
1256 2 2 93 13 977 979 978
1257 2 2 93 13 1039 1214 1036
1258 2 2 93 13 1014 1284 1052
1259 2 2 93 13 1048 1278 500
1260 2 2 93 13 1132 1275 1133
1261 2 2 93 13 1108 1163 1136
1262 2 2 93 13 1138 1164 1110
1263 2 2 93 13 492 1307 990
1264 2 2 93 13 948 953 443
1265 2 2 93 13 398 954 947
1266 2 2 93 13 437 955 951
1267 2 2 93 13 952 956 403
1268 2 2 93 13 1043 1045 1042
1269 2 2 93 13 1031 1034 1032
1270 2 2 93 13 1004 1005 487
1271 2 2 93 13 1025 1260 500
1272 2 2 93 13 147 959 942
1273 2 2 93 13 941 960 197
1274 2 2 93 13 1209 1326 1211
1275 2 2 93 13 953 964 441
1276 2 2 93 13 399 963 954
1277 2 2 93 13 439 964 955
1278 2 2 93 13 956 963 402
1279 2 2 93 13 944 961 159
1280 2 2 93 13 185 962 945
1281 2 2 93 13 1004 1064 975
1282 2 2 93 13 971 1259 967
1283 2 2 93 13 1050 1166 1049
1284 2 2 93 13 1037 1168 1038
1285 2 2 93 13 909 1208 1053
1286 2 2 93 13 1039 1213 908
1287 2 2 93 13 1143 1236 1102
1288 2 2 93 13 929 1279 1145
1289 2 2 93 13 1083 1237 1142
1290 2 2 93 13 960 965 196
1291 2 2 93 13 148 966 959
1292 2 2 93 13 1005 1028 487
1293 2 2 93 13 1086 1160 958
1294 2 2 93 13 489 1104 490
1295 2 2 93 13 187 967 962
1296 2 2 93 13 961 968 156
1297 2 2 93 13 957 1159 1084
1298 2 2 93 13 1136 1283 1108
1299 2 2 93 13 1110 1261 1138
1300 2 2 93 13 489 1066 996
1301 2 2 93 13 151 970 966
1302 2 2 93 13 965 969 193
1303 2 2 93 13 968 972 155
1304 2 2 93 13 189 971 967
1305 2 2 93 13 969 971 192
1306 2 2 93 13 153 972 970
1307 2 2 93 13 1125 1158 900
1308 2 2 93 13 486 1139 1064
1309 2 2 93 13 1002 1132 1054
1310 2 2 93 13 1041 1042 1040
1311 2 2 93 13 1029 1031 1030
1312 2 2 93 13 1147 1178 1172
1313 2 2 93 13 1038 1168 898
1314 2 2 93 13 1201 1251 1197
1315 2 2 93 13 984 1178 1147
1316 2 2 93 13 903 1312 1082
1317 2 2 93 13 1101 1310 902
1318 2 2 93 13 987 1175 1172
1319 2 2 93 13 487 1064 1004
1320 2 2 93 13 1064 1139 1010
1321 2 2 93 13 1131 1132 1002
1322 2 2 93 13 1041 1043 1042
1323 2 2 93 13 1031 1032 1030
1324 2 2 93 13 23 1056 498
1325 2 2 93 13 979 1327 978
1326 2 2 93 13 1068 1217 1198
1327 2 2 93 13 962 1259 1121
1328 2 2 93 13 1158 1255 900
1329 2 2 93 13 993 1062 1011
1330 2 2 93 13 1116 1168 1037
1331 2 2 93 13 1049 1166 1114
1332 2 2 93 13 491 1242 21
1333 2 2 93 13 1015 1060 991
1334 2 2 93 13 21 1267 486
1335 2 2 93 13 1191 1192 1045
1336 2 2 93 13 1185 1317 1144
1337 2 2 93 13 1034 1190 1189
1338 2 2 93 13 1195 1222 1194
1339 2 2 93 13 1172 1232 1063
1340 2 2 93 13 900 1255 1207
1341 2 2 93 13 1023 1068 1020
1342 2 2 93 13 1016 1069 1019
1343 2 2 93 13 1214 1216 1023
1344 2 2 93 13 1264 1319 912
1345 2 2 93 13 1081 1251 1082
1346 2 2 93 13 1132 1133 1054
1347 2 2 93 13 978 1327 980
1348 2 2 93 13 918 1113 1058
1349 2 2 93 13 1059 1115 917
1350 2 2 93 13 1042 1230 1040
1351 2 2 93 13 1029 1231 1031
1352 2 2 93 13 503 1161 23
1353 2 2 93 13 1259 1286 489
1354 2 2 93 13 1081 1270 1251
1355 2 2 93 13 1024 1308 979
1356 2 2 93 13 1103 1261 1203
1357 2 2 93 13 1187 1188 1079
1358 2 2 93 13 486 1064 487
1359 2 2 93 13 1222 1274 1018
1360 2 2 93 13 1098 1186 1185
1361 2 2 93 13 909 1210 475
1362 2 2 93 13 958 1234 1086
1363 2 2 93 13 1148 1302 1147
1364 2 2 93 13 1084 1233 957
1365 2 2 93 13 1043 1058 1045
1366 2 2 93 13 1034 1059 1032
1367 2 2 93 13 1002 1289 1131
1368 2 2 93 13 983 1327 1308
1369 2 2 93 13 1215 1300 913
1370 2 2 93 13 1217 1228 911
1371 2 2 93 13 977 978 976
1372 2 2 93 13 1238 1255 912
1373 2 2 93 13 1045 1192 1042
1374 2 2 93 13 1031 1190 1034
1375 2 2 93 13 937 1276 1133
1376 2 2 93 13 1021 1111 1055
1377 2 2 93 13 1056 1112 1017
1378 2 2 93 13 1136 1163 982
1379 2 2 93 13 1137 1161 1065
1380 2 2 93 13 981 1164 1138
1381 2 2 93 13 1047 1050 1044
1382 2 2 93 13 910 1225 1212
1383 2 2 93 13 988 1029 997
1384 2 2 93 13 999 1040 989
1385 2 2 93 13 1052 1284 502
1386 2 2 93 13 1277 1303 1025
1387 2 2 93 13 1020 1199 1022
1388 2 2 93 13 1050 1271 1166
1389 2 2 93 13 1018 1268 1222
1390 2 2 93 13 1130 1289 1204
1391 2 2 93 13 499 1048 500
1392 2 2 93 13 1053 1271 1050
1393 2 2 93 13 1089 1283 1136
1394 2 2 93 13 1212 1220 914
1395 2 2 93 13 1044 1049 1043
1396 2 2 93 13 1032 1037 1033
1397 2 2 93 13 1128 1204 1003
1398 2 2 93 13 1175 1232 1172
1399 2 2 93 13 497 1004 973
1400 2 2 93 13 1147 1302 984
1401 2 2 93 13 501 1052 502
1402 2 2 93 13 913 1223 1217
1403 2 2 93 13 1198 1199 1068
1404 2 2 93 13 1219 1249 1061
1405 2 2 93 13 1145 1279 1111
1406 2 2 93 13 487 1028 488
1407 2 2 93 13 500 1260 501
1408 2 2 93 13 488 1259 489
1409 2 2 93 13 1138 1261 1103
1410 2 2 93 13 1141 1264 1140
1411 2 2 93 13 975 1064 977
1412 2 2 93 13 500 1277 1025
1413 2 2 93 13 1077 1089 1074
1414 2 2 93 13 1202 1283 1089
1415 2 2 93 13 498 1016 499
1416 2 2 93 13 490 1020 491
1417 2 2 93 13 1074 1089 1072
1418 2 2 93 13 1115 1234 958
1419 2 2 93 13 957 1233 1113
1420 2 2 93 13 1010 1024 979
1421 2 2 93 13 1080 1202 1077
1422 2 2 93 13 1096 1203 1099
1423 2 2 93 13 1038 1272 1036
1424 2 2 93 13 1047 1053 1050
1425 2 2 93 13 1060 1219 1061
1426 2 2 93 13 1096 1099 1097
1427 2 2 93 13 1078 1080 1077
1428 2 2 93 13 490 1023 1020
1429 2 2 93 13 1016 1019 499
1430 2 2 93 13 1209 1211 1210
1431 2 2 93 13 992 1004 497
1432 2 2 93 13 1084 1159 995
1433 2 2 93 13 994 1160 1086
1434 2 2 93 13 990 1307 1284
1435 2 2 93 13 1063 1291 1172
1436 2 2 93 13 1063 1218 1062
1437 2 2 93 13 1028 1254 488
1438 2 2 93 13 1093 1103 1096
1439 2 2 93 13 1063 1232 1218
1440 2 2 93 13 1082 1256 903
1441 2 2 93 13 1059 1234 1115
1442 2 2 93 13 1103 1203 1096
1443 2 2 93 13 1113 1233 1058
1444 2 2 93 13 902 1257 1101
1445 2 2 93 13 1060 1061 991
1446 2 2 93 13 498 1274 1016
1447 2 2 93 13 1020 1273 491
1448 2 2 93 13 1111 1187 1145
1449 2 2 93 13 993 1063 1062
1450 2 2 93 13 1104 1304 490
1451 2 2 93 13 1230 1252 1040
1452 2 2 93 13 1082 1312 1081
1453 2 2 93 13 1100 1310 1101
1454 2 2 93 13 1204 1289 1003
1455 2 2 93 13 1241 1253 988
1456 2 2 93 13 989 1252 1183
1457 2 2 93 13 1049 1293 1043
1458 2 2 93 13 1032 1294 1037
1459 2 2 93 13 1003 1205 1128
1460 2 2 93 13 1046 1047 1044
1461 2 2 93 13 904 1241 988
1462 2 2 93 13 989 1183 905
1463 2 2 93 13 1061 1249 1148
1464 2 2 93 13 1036 1272 1039
1465 2 2 93 13 1126 1244 983
1466 2 2 93 13 1215 1216 1214
1467 2 2 93 13 986 1067 998
1468 2 2 93 13 1089 1136 1072
1469 2 2 93 13 496 1291 993
1470 2 2 93 13 991 1295 493
1471 2 2 93 13 1102 1236 1094
1472 2 2 93 13 972 1306 1260
1473 2 2 93 13 1075 1237 1083
1474 2 2 93 13 1140 1158 1024
1475 2 2 93 13 494 1148 1147
1476 2 2 93 13 1148 1295 1061
1477 2 2 93 13 1041 1044 1043
1478 2 2 93 13 1032 1033 1030
1479 2 2 93 13 1023 1304 1214
1480 2 2 93 13 1017 1274 498
1481 2 2 93 13 491 1273 1021
1482 2 2 93 13 1026 1259 971
1483 2 2 93 13 972 1260 1025
1484 2 2 93 13 1102 1144 897
1485 2 2 93 13 977 1010 979
1486 2 2 93 13 1007 1254 1027
1487 2 2 93 13 895 1145 1083
1488 2 2 93 13 502 1320 1285
1489 2 2 93 13 999 1041 1040
1490 2 2 93 13 1029 1030 997
1491 2 2 93 13 1014 1015 991
1492 2 2 93 13 1140 1264 1255
1493 2 2 93 13 136 995 135
1494 2 2 93 13 209 994 208
1495 2 2 93 13 136 1070 995
1496 2 2 93 13 384 982 383
1497 2 2 93 13 457 981 456
1498 2 2 93 13 1173 1177 1148
1499 2 2 93 13 1033 1038 1036
1500 2 2 93 13 994 1085 208
1501 2 2 93 13 937 1322 1276
1502 2 2 93 13 137 1070 136
1503 2 2 93 13 208 1085 207
1504 2 2 93 13 993 1011 1005
1505 2 2 93 13 384 1071 982
1506 2 2 93 13 900 1206 1125
1507 2 2 93 13 981 1090 456
1508 2 2 93 13 484 957 483
1509 2 2 93 13 357 958 356
1510 2 2 93 13 385 1071 384
1511 2 2 93 13 207 1085 922
1512 2 2 93 13 1276 1322 943
1513 2 2 93 13 138 921 137
1514 2 2 93 13 207 922 206
1515 2 2 93 13 456 1090 455
1516 2 2 93 13 921 1070 137
1517 2 2 93 13 1077 1202 1089
1518 2 2 93 13 1058 1293 918
1519 2 2 93 13 917 1294 1059
1520 2 2 93 13 386 919 385
1521 2 2 93 13 455 920 454
1522 2 2 93 13 483 1113 482
1523 2 2 93 13 358 1115 357
1524 2 2 93 13 1121 1259 1254
1525 2 2 93 13 975 977 976
1526 2 2 93 13 947 1119 940
1527 2 2 93 13 1210 1298 474
1528 2 2 93 13 1091 1103 1093
1529 2 2 93 13 461 923 460
1530 2 2 93 13 380 924 379
1531 2 2 93 13 455 1090 920
1532 2 2 93 13 1308 1327 979
1533 2 2 93 13 919 1071 385
1534 2 2 93 13 957 1113 483
1535 2 2 93 13 357 1115 958
1536 2 2 93 13 1023 1216 1068
1537 2 2 93 13 482 918 481
1538 2 2 93 13 359 917 358
1539 2 2 93 13 1069 1211 1019
1540 2 2 93 13 898 1272 1038
1541 2 2 93 13 959 1303 1277
1542 2 2 93 13 969 1305 1286
1543 2 2 93 13 916 1318 1243
1544 2 2 93 13 1195 1226 1221
1545 2 2 93 13 1041 1046 1044
1546 2 2 93 13 1184 1321 915
1547 2 2 93 13 1102 1185 1144
1548 2 2 93 13 482 1113 918
1549 2 2 93 13 917 1115 358
1550 2 2 93 13 959 1277 1067
1551 2 2 93 13 1044 1050 1049
1552 2 2 93 13 1015 1052 1051
1553 2 2 93 13 1152 1153 21
1554 2 2 93 13 1037 1038 1033
1555 2 2 93 13 1145 1187 1083
1556 2 2 93 13 1188 1314 1079
1557 2 2 93 13 460 1110 459
1558 2 2 93 13 381 1108 380
1559 2 2 93 13 1098 1313 1186
1560 2 2 93 13 1221 1226 910
1561 2 2 93 13 1040 1252 989
1562 2 2 93 13 988 1253 1029
1563 2 2 93 13 356 1160 355
1564 2 2 93 13 485 1159 484
1565 2 2 93 13 1027 1028 1011
1566 2 2 93 13 422 1127 421
1567 2 2 93 13 423 892 422
1568 2 2 93 13 420 1134 419
1569 2 2 93 13 419 893 418
1570 2 2 93 13 421 927 420
1571 2 2 93 13 499 1250 1048
1572 2 2 93 13 938 1319 1264
1573 2 2 93 13 1205 1311 1128
1574 2 2 93 13 1162 1315 1008
1575 2 2 93 13 1043 1293 1058
1576 2 2 93 13 1059 1294 1032
1577 2 2 93 13 1093 1096 1095
1578 2 2 93 13 1076 1077 1074
1579 2 2 93 13 1239 1279 929
1580 2 2 93 13 1107 1202 1080
1581 2 2 93 13 1211 1326 1019
1582 2 2 93 13 1071 1136 982
1583 2 2 93 13 1099 1203 1109
1584 2 2 93 13 923 1110 460
1585 2 2 93 13 380 1108 924
1586 2 2 93 13 981 1138 1090
1587 2 2 93 13 1001 1290 1002
1588 2 2 93 13 1091 1138 1103
1589 2 2 93 13 1286 1305 1066
1590 2 2 93 13 486 1266 1141
1591 2 2 93 13 1021 1055 491
1592 2 2 93 13 498 1056 1017
1593 2 2 93 13 908 1214 1039
1594 2 2 93 13 1053 1209 909
1595 2 2 93 13 1090 1091 920
1596 2 2 93 13 1080 1156 1107
1597 2 2 93 13 919 1072 1071
1598 2 2 93 13 462 1109 461
1599 2 2 93 13 379 1107 378
1600 2 2 93 13 969 1286 1026
1601 2 2 93 13 1109 1157 1099
1602 2 2 93 13 501 1299 1052
1603 2 2 93 13 933 1243 1051
1604 2 2 93 13 387 1106 386
1605 2 2 93 13 454 1105 453
1606 2 2 93 13 980 1290 1001
1607 2 2 93 13 1027 1184 932
1608 2 2 93 13 1140 1255 1158
1609 2 2 93 13 1099 1100 1097
1610 2 2 93 13 1078 1081 1080
1611 2 2 93 13 1061 1295 991
1612 2 2 93 13 1131 1171 901
1613 2 2 93 13 993 1291 1063
1614 2 2 93 13 1110 1164 459
1615 2 2 93 13 381 1163 1108
1616 2 2 93 13 484 1159 957
1617 2 2 93 13 958 1160 356
1618 2 2 93 13 421 1127 927
1619 2 2 93 13 892 1127 422
1620 2 2 93 13 419 1134 893
1621 2 2 93 13 927 1134 420
1622 2 2 93 13 461 1109 923
1623 2 2 93 13 924 1107 379
1624 2 2 93 13 386 1106 919
1625 2 2 93 13 920 1105 454
1626 2 2 93 13 459 1164 458
1627 2 2 93 13 382 1163 381
1628 2 2 93 13 135 1281 14
1629 2 2 93 13 13 1282 209
1630 2 2 93 13 14 1281 485
1631 2 2 93 13 355 1282 13
1632 2 2 93 13 1053 1326 1209
1633 2 2 93 13 463 1157 462
1634 2 2 93 13 378 1156 377
1635 2 2 93 13 1165 1271 1053
1636 2 2 93 13 1047 1326 1053
1637 2 2 93 13 486 1141 1139
1638 2 2 93 13 1070 1084 995
1639 2 2 93 13 494 1147 495
1640 2 2 93 13 994 1086 1085
1641 2 2 93 13 388 1142 387
1642 2 2 93 13 453 1143 452
1643 2 2 93 13 1135 1299 501
1644 2 2 93 13 206 1087 205
1645 2 2 93 13 139 1088 138
1646 2 2 93 13 1260 1306 1135
1647 2 2 93 13 1072 1136 1071
1648 2 2 93 13 1021 1188 1187
1649 2 2 93 13 205 1150 204
1650 2 2 93 13 140 1149 139
1651 2 2 93 13 1090 1138 1091
1652 2 2 93 13 1185 1186 1017
1653 2 2 93 13 922 1087 206
1654 2 2 93 13 138 1088 921
1655 2 2 93 13 481 1114 480
1656 2 2 93 13 360 1116 359
1657 2 2 93 13 490 1304 1023
1658 2 2 93 13 204 896 203
1659 2 2 93 13 141 894 140
1660 2 2 93 13 1019 1250 499
1661 2 2 93 13 1034 1234 1059
1662 2 2 93 13 1058 1233 1045
1663 2 2 93 13 494 1295 1148
1664 2 2 93 13 1124 1311 1205
1665 2 2 93 13 377 903 376
1666 2 2 93 13 464 902 463
1667 2 2 93 13 918 1293 1114
1668 2 2 93 13 1116 1294 917
1669 2 2 93 13 452 897 451
1670 2 2 93 13 389 895 388
1671 2 2 93 13 480 1166 479
1672 2 2 93 13 361 1168 360
1673 2 2 93 13 1131 1289 1130
1674 2 2 93 13 980 1001 978
1675 2 2 93 13 20 1287 457
1676 2 2 93 13 383 1288 19
1677 2 2 93 13 918 1114 481
1678 2 2 93 13 359 1116 917
1679 2 2 93 13 990 991 493
1680 2 2 93 13 496 993 992
1681 2 2 93 13 458 1287 20
1682 2 2 93 13 19 1288 382
1683 2 2 93 13 1112 1317 1185
1684 2 2 93 13 1068 1199 1020
1685 2 2 93 13 976 1057 1000
1686 2 2 93 13 502 1285 503
1687 2 2 93 13 479 899 478
1688 2 2 93 13 362 898 361
1689 2 2 93 13 1199 1251 1022
1690 2 2 93 13 167 926 166
1691 2 2 93 13 178 925 177
1692 2 2 93 13 418 1122 417
1693 2 2 93 13 424 1129 423
1694 2 2 93 13 489 1286 1066
1695 2 2 93 13 1015 1180 1060
1696 2 2 93 13 978 1057 976
1697 2 2 93 13 1098 1102 1094
1698 2 2 93 13 1085 1189 922
1699 2 2 93 13 1075 1083 1079
1700 2 2 93 13 921 1191 1070
1701 2 2 93 13 951 1008 949
1702 2 2 93 13 1029 1292 1231
1703 2 2 93 13 1022 1273 1020
1704 2 2 93 13 1188 1273 1022
1705 2 2 93 13 1018 1274 1186
1706 2 2 93 13 1091 1092 920
1707 2 2 93 13 919 1073 1072
1708 2 2 93 13 462 1157 1109
1709 2 2 93 13 1107 1156 378
1710 2 2 93 13 168 1174 167
1711 2 2 93 13 177 1176 176
1712 2 2 93 13 893 1134 1124
1713 2 2 93 13 1054 1285 1001
1714 2 2 93 13 988 997 996
1715 2 2 93 13 998 999 989
1716 2 2 93 13 1091 1093 1092
1717 2 2 93 13 983 1244 1205
1718 2 2 93 13 1073 1074 1072
1719 2 2 93 13 1062 1182 1011
1720 2 2 93 13 941 1066 960
1721 2 2 93 13 1166 1271 899
1722 2 2 93 13 387 1142 1106
1723 2 2 93 13 1105 1143 453
1724 2 2 93 13 901 1132 1131
1725 2 2 93 13 1033 1036 1035
1726 2 2 93 13 1139 1140 1024
1727 2 2 93 13 169 930 168
1728 2 2 93 13 176 931 175
1729 2 2 93 13 893 1122 418
1730 2 2 93 13 1212 1221 910
1731 2 2 93 13 423 1129 892
1732 2 2 93 13 175 1175 174
1733 2 2 93 13 170 1173 169
1734 2 2 93 13 914 1298 1211
1735 2 2 93 13 1099 1310 1100
1736 2 2 93 13 997 1104 996
1737 2 2 93 13 171 1177 170
1738 2 2 93 13 1081 1312 1080
1739 2 2 93 13 1251 1270 1022
1740 2 2 93 13 1001 1285 1057
1741 2 2 93 13 1096 1097 1095
1742 2 2 93 13 1076 1078 1077
1743 2 2 93 13 174 987 173
1744 2 2 93 13 172 984 171
1745 2 2 93 13 173 1178 172
1746 2 2 93 13 973 1004 975
1747 2 2 93 13 901 1235 1132
1748 2 2 93 13 1087 1231 1150
1749 2 2 93 13 1149 1230 1088
1750 2 2 93 13 478 1165 477
1751 2 2 93 13 363 1167 362
1752 2 2 93 13 999 1046 1041
1753 2 2 93 13 924 1202 1107
1754 2 2 93 13 166 1170 165
1755 2 2 93 13 1092 1105 920
1756 2 2 93 13 1114 1293 1049
1757 2 2 93 13 1037 1294 1116
1758 2 2 93 13 919 1106 1073
1759 2 2 93 13 1109 1203 923
1760 2 2 93 13 179 1169 178
1761 2 2 93 13 944 1135 961
1762 2 2 93 13 1021 1187 1111
1763 2 2 93 13 1112 1185 1017
1764 2 2 93 13 1087 1150 205
1765 2 2 93 13 139 1149 1088
1766 2 2 93 13 902 1157 463
1767 2 2 93 13 377 1156 903
1768 2 2 93 13 1036 1304 1035
1769 2 2 93 13 1211 1212 914
1770 2 2 93 13 165 1179 164
1771 2 2 93 13 180 1181 179
1772 2 2 93 13 894 1149 140
1773 2 2 93 13 204 1150 896
1774 2 2 93 13 913 1217 1216
1775 2 2 93 13 1126 1308 1158
1776 2 2 93 13 893 1124 1123
1777 2 2 93 13 203 1154 202
1778 2 2 93 13 142 1155 141
1779 2 2 93 13 895 1142 388
1780 2 2 93 13 452 1143 897
1781 2 2 93 13 1124 1244 1123
1782 2 2 93 13 945 1007 932
1783 2 2 93 13 992 1005 1004
1784 2 2 93 13 1167 1213 1039
1785 2 2 93 13 181 915 180
1786 2 2 93 13 164 916 163
1787 2 2 93 13 904 988 985
1788 2 2 93 13 986 989 905
1789 2 2 93 13 983 1308 1126
1790 2 2 93 13 996 1066 985
1791 2 2 93 13 1070 1191 1084
1792 2 2 93 13 933 1006 944
1793 2 2 93 13 1086 1189 1085
1794 2 2 93 13 1139 1141 1140
1795 2 2 93 13 1114 1166 480
1796 2 2 93 13 360 1168 1116
1797 2 2 93 13 1216 1217 1068
1798 2 2 93 13 1002 1054 1001
1799 2 2 93 13 1069 1212 1211
1800 2 2 93 13 417 1206 416
1801 2 2 93 13 375 1201 374
1802 2 2 93 13 466 1193 465
1803 2 2 93 13 913 1216 1215
1804 2 2 93 13 1118 1247 936
1805 2 2 93 13 1027 1254 1028
1806 2 2 93 13 1205 1229 983
1807 2 2 93 13 425 1171 424
1808 2 2 93 13 1016 1222 1069
1809 2 2 93 13 1000 1307 974
1810 2 2 93 13 1073 1075 1074
1811 2 2 93 13 1093 1094 1092
1812 2 2 93 13 1030 1035 997
1813 2 2 93 13 952 1153 956
1814 2 2 93 13 1053 1208 1165
1815 2 2 93 13 1197 1251 1199
1816 2 2 93 13 486 1267 1266
1817 2 2 93 13 1069 1222 1221
1818 2 2 93 13 1148 1249 1173
1819 2 2 93 13 1127 1128 927
1820 2 2 93 13 376 1256 375
1821 2 2 93 13 465 1257 464
1822 2 2 93 13 1084 1191 1045
1823 2 2 93 13 1034 1189 1086
1824 2 2 93 13 908 1301 1215
1825 2 2 93 13 955 1065 951
1826 2 2 93 13 479 1166 899
1827 2 2 93 13 898 1168 361
1828 2 2 93 13 1016 1274 1222
1829 2 2 93 13 1093 1095 1094
1830 2 2 93 13 1075 1076 1074
1831 2 2 93 13 451 1262 450
1832 2 2 93 13 943 1315 1276
1833 2 2 93 13 497 973 22
1834 2 2 93 13 390 1263 389
1835 2 2 93 13 1147 1172 495
1836 2 2 93 13 477 1208 476
1837 2 2 93 13 364 1213 363
1838 2 2 93 13 935 1246 1120
1839 2 2 93 13 1010 1139 1024
1840 2 2 93 13 948 1012 953
1841 2 2 93 13 954 1013 947
1842 2 2 93 13 976 1000 974
1843 2 2 93 13 939 1247 1118
1844 2 2 93 13 925 1218 1176
1845 2 2 93 13 1205 1244 1124
1846 2 2 93 13 959 1067 942
1847 2 2 93 13 1120 1246 940
1848 2 2 93 13 1052 1299 1051
1849 2 2 93 13 999 1048 1046
1850 2 2 93 13 1190 1231 1087
1851 2 2 93 13 1086 1234 1034
1852 2 2 93 13 1045 1233 1084
1853 2 2 93 13 1088 1230 1192
1854 2 2 93 13 468 1200 467
1855 2 2 93 13 1172 1291 495
1856 2 2 93 13 943 1324 1315
1857 2 2 93 13 953 1151 964
1858 2 2 93 13 1203 1261 923
1859 2 2 93 13 1284 1307 1000
1860 2 2 93 13 167 1174 926
1861 2 2 93 13 925 1176 177
1862 2 2 93 13 964 1137 955
1863 2 2 93 13 495 1291 496
1864 2 2 93 13 493 1295 494
1865 2 2 93 13 963 1146 954
1866 2 2 93 13 1000 1320 1284
1867 2 2 93 13 374 907 373
1868 2 2 93 13 467 906 466
1869 2 2 93 13 457 1287 981
1870 2 2 93 13 982 1288 383
1871 2 2 93 13 1160 1282 355
1872 2 2 93 13 485 1281 1159
1873 2 2 93 13 995 1281 135
1874 2 2 93 13 209 1282 994
1875 2 2 93 13 924 1283 1202
1876 2 2 93 13 1315 1324 949
1877 2 2 93 13 1264 1265 938
1878 2 2 93 13 962 1121 945
1879 2 2 93 13 922 1190 1087
1880 2 2 93 13 956 1152 963
1881 2 2 93 13 1088 1192 921
1882 2 2 93 13 1221 1222 1195
1883 2 2 93 13 893 1123 1122
1884 2 2 93 13 1015 1318 1180
1885 2 2 93 13 503 1162 1161
1886 2 2 93 13 923 1261 1110
1887 2 2 93 13 1144 1262 897
1888 2 2 93 13 895 1263 1145
1889 2 2 93 13 373 1196 372
1890 2 2 93 13 1153 1267 21
1891 2 2 93 13 469 1226 468
1892 2 2 93 13 896 1154 203
1893 2 2 93 13 141 1155 894
1894 2 2 93 13 143 1183 142
1895 2 2 93 13 202 1241 201
1896 2 2 93 13 1179 1318 916
1897 2 2 93 13 1101 1268 1100
1898 2 2 93 13 1021 1273 1188
1899 2 2 93 13 915 1321 1181
1900 2 2 93 13 1186 1274 1017
1901 2 2 93 13 182 1184 181
1902 2 2 93 13 163 1243 162
1903 2 2 93 13 416 900 415
1904 2 2 93 13 903 1256 376
1905 2 2 93 13 899 1165 478
1906 2 2 93 13 464 1257 902
1907 2 2 93 13 1189 1190 922
1908 2 2 93 13 362 1167 898
1909 2 2 93 13 176 1176 931
1910 2 2 93 13 930 1174 168
1911 2 2 93 13 961 1306 968
1912 2 2 93 13 476 909 475
1913 2 2 93 13 365 908 364
1914 2 2 93 13 921 1192 1191
1915 2 2 93 13 1182 1321 1011
1916 2 2 93 13 1057 1320 1000
1917 2 2 93 13 926 1170 166
1918 2 2 93 13 426 901 425
1919 2 2 93 13 178 1169 925
1920 2 2 93 13 492 990 493
1921 2 2 93 13 496 992 497
1922 2 2 93 13 1137 1151 23
1923 2 2 93 13 372 1227 371
1924 2 2 93 13 1033 1035 1030
1925 2 2 93 13 892 1204 1127
1926 2 2 93 13 960 1305 965
1927 2 2 93 13 998 1278 1048
1928 2 2 93 13 473 914 472
1929 2 2 93 13 368 913 367
1930 2 2 93 13 969 1026 971
1931 2 2 93 13 972 1025 970
1932 2 2 93 13 1177 1302 1148
1933 2 2 93 13 970 1303 966
1934 2 2 93 13 1146 1152 21
1935 2 2 93 13 472 1220 471
1936 2 2 93 13 369 1223 368
1937 2 2 93 13 391 929 390
1938 2 2 93 13 450 928 449
1939 2 2 93 13 1284 1320 502
1940 2 2 93 13 1129 1130 892
1941 2 2 93 13 471 1225 470
1942 2 2 93 13 370 1228 369
1943 2 2 93 13 990 1014 991
1944 2 2 93 13 1211 1298 1210
1945 2 2 93 13 1117 1118 1056
1946 2 2 93 13 931 1232 1175
1947 2 2 93 13 1098 1185 1102
1948 2 2 93 13 1123 1125 1122
1949 2 2 93 13 1083 1187 1079
1950 2 2 93 13 1048 1250 1046
1951 2 2 93 13 1001 1057 978
1952 2 2 93 13 470 910 469
1953 2 2 93 13 371 911 370
1954 2 2 93 13 897 1262 451
1955 2 2 93 13 389 1263 895
1956 2 2 93 13 415 1207 414
1957 2 2 93 13 931 1175 175
1958 2 2 93 13 1108 1283 924
1959 2 2 93 13 906 1195 1194
1960 2 2 93 13 169 1173 930
1961 2 2 93 13 993 1005 992
1962 2 2 93 13 1007 1027 932
1963 2 2 93 13 1123 1244 1126
1964 2 2 93 13 933 1051 1006
1965 2 2 93 13 1122 1206 417
1966 2 2 93 13 1209 1210 909
1967 2 2 93 13 1194 1268 1101
1968 2 2 93 13 427 1235 426
1969 2 2 93 13 1265 1316 946
1970 2 2 93 13 170 1177 1173
1971 2 2 93 13 424 1171 1129
1972 2 2 93 13 908 1215 1214
1973 2 2 93 13 174 1175 987
1974 2 2 93 13 984 1177 171
1975 2 2 93 13 1159 1281 995
1976 2 2 93 13 994 1282 1160
1977 2 2 93 13 172 1178 984
1978 2 2 93 13 987 1178 173
1979 2 2 93 13 392 1239 391
1980 2 2 93 13 449 1224 448
1981 2 2 93 13 1014 1052 1015
1982 2 2 93 13 414 1238 413
1983 2 2 93 13 1123 1126 1125
1984 2 2 93 13 1011 1028 1005
1985 2 2 93 13 977 1064 1010
1986 2 2 93 13 1129 1131 1130
1987 2 2 93 13 1186 1269 1018
1988 2 2 93 13 1119 1120 940
1989 2 2 93 13 1022 1270 1188
1990 2 2 93 13 1118 1280 1112
1991 2 2 93 13 1095 1098 1094
1992 2 2 93 13 1075 1079 1076
1993 2 2 93 13 1066 1305 960
1994 2 2 93 13 474 1298 473
1995 2 2 93 13 981 1287 1164
1996 2 2 93 13 1163 1288 982
1997 2 2 93 13 1003 1229 1205
1998 2 2 93 13 1170 1179 165
1999 2 2 93 13 179 1181 1169
2000 2 2 93 13 1276 1296 1133
2001 2 2 93 13 1243 1318 1051
2002 2 2 93 13 1126 1158 1125
2003 2 2 93 13 975 976 974
2004 2 2 93 13 428 934 427
2005 2 2 93 13 1027 1321 1184
2006 2 2 93 13 23 1161 1137
2007 2 2 93 13 1164 1287 458
2008 2 2 93 13 382 1288 1163
2009 2 2 93 13 1039 1272 1167
2010 2 2 93 13 413 912 412
2011 2 2 93 13 1120 1279 935
2012 2 2 93 13 1111 1279 1120
2013 2 2 93 13 393 935 392
2014 2 2 93 13 448 936 447
2015 2 2 93 13 1094 1236 1092
2016 2 2 93 13 906 1200 1195
2017 2 2 93 13 1105 1236 1143
2018 2 2 93 13 1073 1237 1075
2019 2 2 93 13 939 1118 1117
2020 2 2 93 13 1142 1237 1106
2021 2 2 93 13 164 1179 916
2022 2 2 93 13 915 1181 180
2023 2 2 93 13 144 905 143
2024 2 2 93 13 201 904 200
2025 2 2 93 13 412 1319 411
2026 2 2 93 13 1197 1198 1196
2027 2 2 93 13 1100 1269 1097
2028 2 2 93 13 1161 1162 1008
2029 2 2 93 13 394 1246 393
2030 2 2 93 13 447 1247 446
2031 2 2 93 13 1025 1303 970
2032 2 2 93 13 1003 1290 1229
2033 2 2 93 13 430 937 429
2034 2 2 93 13 1174 1219 926
2035 2 2 93 13 1078 1270 1081
2036 2 2 93 13 1046 1250 1047
2037 2 2 93 13 162 933 161
2038 2 2 93 13 183 932 182
2039 2 2 93 13 411 938 410
2040 2 2 93 13 1200 1226 1195
2041 2 2 93 13 431 1322 430
2042 2 2 93 13 410 1323 409
2043 2 2 93 13 395 940 394
2044 2 2 93 13 446 939 445
2045 2 2 93 13 1119 1242 1055
2046 2 2 93 13 432 943 431
2047 2 2 93 13 409 946 408
2048 2 2 93 13 433 1324 432
2049 2 2 93 13 408 1325 407
2050 2 2 93 13 434 949 433
2051 2 2 93 13 407 950 406
2052 2 2 93 13 1055 1242 491
2053 2 2 93 13 1265 1323 938
2054 2 2 93 13 375 1256 1201
2055 2 2 93 13 1193 1257 465
2056 2 2 93 13 1008 1315 949
2057 2 2 93 13 946 1323 1265
2058 2 2 93 13 896 1253 1154
2059 2 2 93 13 1155 1252 894
2060 2 2 93 13 1165 1208 477
2061 2 2 93 13 363 1213 1167
2062 2 2 93 13 1158 1308 1024
2063 2 2 93 13 998 1048 999
2064 2 2 93 13 936 1280 1118
2065 2 2 93 13 1180 1318 1179
2066 2 2 93 13 1067 1278 998
2067 2 2 93 13 145 1258 144
2068 2 2 93 13 200 1240 199
2069 2 2 93 13 1181 1321 1182
2070 2 2 93 13 445 1245 444
2071 2 2 93 13 1173 1249 930
2072 2 2 93 13 501 1260 1135
2073 2 2 93 13 367 1300 366
2074 2 2 93 13 1092 1236 1105
2075 2 2 93 13 406 1248 405
2076 2 2 93 13 1106 1237 1073
2077 2 2 93 13 1193 1194 1101
2078 2 2 93 13 1235 1275 1132
2079 2 2 93 13 950 1316 1009
2080 2 2 93 13 1111 1120 1055
2081 2 2 93 13 366 1301 365
2082 2 2 93 13 973 974 22
2083 2 2 93 13 22 1307 492
2084 2 2 93 13 1056 1118 1112
2085 2 2 93 13 1009 1267 1153
2086 2 2 93 13 1127 1204 1128
2087 2 2 93 13 1170 1180 1179
2088 2 2 93 13 1125 1206 1122
2089 2 2 93 13 397 947 396
2090 2 2 93 13 444 948 443
2091 2 2 93 13 1035 1104 997
2092 2 2 93 13 1181 1182 1169
2093 2 2 93 13 1051 1318 1015
2094 2 2 93 13 928 1262 1144
2095 2 2 93 13 1145 1263 929
2096 2 2 93 13 436 951 435
2097 2 2 93 13 405 952 404
2098 2 2 93 13 973 975 974
2099 2 2 93 13 199 941 198
2100 2 2 93 13 146 942 145
2101 2 2 93 13 1129 1171 1131
2102 2 2 93 13 1146 1242 1013
2103 2 2 93 13 1198 1227 1196
2104 2 2 93 13 927 1311 1134
2105 2 2 93 13 1135 1306 961
2106 2 2 93 13 160 944 159
2107 2 2 93 13 185 945 184
2108 2 2 93 13 1128 1311 927
2109 2 2 93 13 913 1300 367
2110 2 2 93 13 374 1201 907
2111 2 2 93 13 906 1193 466
2112 2 2 93 13 399 954 398
2113 2 2 93 13 442 953 441
2114 2 2 93 13 906 1194 1193
2115 2 2 93 13 440 964 439
2116 2 2 93 13 401 963 400
2117 2 2 93 13 438 955 437
2118 2 2 93 13 403 956 402
2119 2 2 93 13 1154 1241 202
2120 2 2 93 13 142 1183 1155
2121 2 2 93 13 1011 1321 1027
2122 2 2 93 13 1130 1204 892
2123 2 2 93 13 1268 1269 1100
2124 2 2 93 13 148 959 147
2125 2 2 93 13 197 960 196
2126 2 2 93 13 181 1184 915
2127 2 2 93 13 916 1243 163
2128 2 2 93 13 1097 1313 1095
2129 2 2 93 13 911 1227 1198
2130 2 2 93 13 1076 1314 1078
2131 2 2 93 13 158 961 157
2132 2 2 93 13 187 962 186
2133 2 2 93 13 986 998 989
2134 2 2 93 13 988 996 985
2135 2 2 93 13 150 966 149
2136 2 2 93 13 195 965 194
2137 2 2 93 13 156 968 155
2138 2 2 93 13 189 967 188
2139 2 2 93 13 154 972 153
2140 2 2 93 13 191 971 190
2141 2 2 93 13 193 969 192
2142 2 2 93 13 152 970 151
2143 2 2 93 13 21 1242 1146
2144 2 2 93 13 1197 1199 1198
2145 2 2 93 13 416 1206 900
2146 2 2 93 13 1069 1221 1212
2147 2 2 93 13 907 1197 1196
2148 2 2 93 13 901 1171 425
2149 2 2 93 13 1167 1272 898
2150 2 2 93 13 1192 1230 1042
2151 2 2 93 13 1031 1231 1190
2152 2 2 93 13 1229 1327 983
2153 2 2 93 13 467 1200 906
2154 2 2 93 13 1013 1119 947
2155 2 2 93 13 1035 1304 1104
2156 2 2 93 13 450 1262 928
2157 2 2 93 13 929 1263 390
2158 2 2 93 13 476 1208 909
2159 2 2 93 13 908 1213 364
2160 2 2 93 13 468 1226 1200
2161 2 2 93 13 1080 1312 1156
2162 2 2 93 13 1157 1310 1099
2163 2 2 93 13 985 1066 941
2164 2 2 93 13 907 1196 373
2165 2 2 93 13 1054 1296 1285
2166 2 2 93 13 1009 1153 952
2167 2 2 93 13 990 1284 1014
2168 2 2 93 13 1289 1290 1003
2169 2 2 93 13 1150 1292 896
2170 2 2 93 13 1101 1257 1193
2171 2 2 93 13 1201 1256 1082
2172 2 2 93 13 951 1065 1008
2173 2 2 93 13 1013 1242 1119
2174 2 2 93 13 1055 1120 1119
2175 2 2 93 13 925 1309 1218
2176 2 2 93 13 935 1279 1239
2177 2 2 93 13 1266 1316 1265
2178 2 2 93 13 948 1117 1012
2179 2 2 93 13 902 1310 1157
2180 2 2 93 13 1156 1312 903
2181 2 2 93 13 1196 1227 372
2182 2 2 93 13 1095 1313 1098
2183 2 2 93 13 1079 1314 1076
2184 2 2 93 13 942 1067 986
2185 2 2 93 13 1231 1292 1150
2186 2 2 93 13 1117 1245 939
2187 2 2 93 13 1253 1292 1029
2188 2 2 93 13 1009 1248 950
2189 2 2 93 13 985 1240 904
2190 2 2 93 13 905 1258 986
2191 2 2 93 13 1269 1313 1097
2192 2 2 93 13 910 1226 469
2193 2 2 93 13 896 1292 1253
2194 2 2 93 13 1078 1314 1270
2195 2 2 93 13 900 1207 415
2196 2 2 93 13 1266 1267 1009
2197 2 2 93 13 984 1302 1177
2198 2 2 93 13 1018 1269 1268
2199 2 2 93 13 1229 1290 980
2200 2 2 93 13 914 1220 472
2201 2 2 93 13 368 1223 913
2202 2 2 93 13 371 1227 911
2203 2 2 93 13 1207 1255 1238
2204 2 2 93 13 1162 1296 1276
2205 2 2 93 13 1006 1135 944
2206 2 2 93 13 1220 1225 471
2207 2 2 93 13 369 1228 1223
2208 2 2 93 13 1144 1317 928
2209 2 2 93 13 948 1245 1117
2210 2 2 93 13 473 1298 914
2211 2 2 93 13 426 1235 901
2212 2 2 93 13 1169 1309 925
2213 2 2 93 13 470 1225 910
2214 2 2 93 13 911 1228 370
2215 2 2 93 13 365 1301 908
2216 2 2 93 13 503 1296 1162
2217 2 2 93 13 952 1248 1009
2218 2 2 93 13 1285 1320 1057
2219 2 2 93 13 1009 1316 1266
2220 2 2 93 13 1180 1297 1060
2221 2 2 93 13 980 1327 1229
2222 2 2 93 13 1224 1280 936
2223 2 2 93 13 941 1240 985
2224 2 2 93 13 986 1258 942
2225 2 2 93 13 926 1297 1170
2226 2 2 93 13 1062 1309 1182
2227 2 2 93 13 391 1239 929
2228 2 2 93 13 928 1224 449
2229 2 2 93 13 1254 1259 488
2230 2 2 93 13 955 1137 1065
2231 2 2 93 13 945 1121 1007
2232 2 2 93 13 956 1153 1152
2233 2 2 93 13 1134 1311 1124
2234 2 2 93 13 1207 1238 414
2235 2 2 93 13 905 1183 143
2236 2 2 93 13 201 1241 904
2237 2 2 93 13 1012 1151 953
2238 2 2 93 13 1316 1325 946
2239 2 2 93 13 950 1325 1316
2240 2 2 93 13 899 1271 1165
2241 2 2 93 13 954 1146 1013
2242 2 2 93 13 932 1184 182
2243 2 2 93 13 162 1243 933
2244 2 2 93 13 964 1151 1137
2245 2 2 93 13 1141 1266 1265
2246 2 2 93 13 1121 1254 1007
2247 2 2 93 13 934 1235 427
2248 2 2 93 13 1219 1297 926
2249 2 2 93 13 963 1152 1146
2250 2 2 93 13 974 1307 22
2251 2 2 93 13 1133 1296 1054
2252 2 2 93 13 413 1238 912
2253 2 2 93 13 935 1239 392
2254 2 2 93 13 448 1224 936
2255 2 2 93 13 1182 1309 1169
2256 2 2 93 13 1170 1297 1180
2257 2 2 93 13 1250 1326 1047
2258 2 2 93 13 1277 1278 1067
2259 2 2 93 13 934 1275 1235
2260 2 2 93 13 1065 1161 1008
2261 2 2 93 13 912 1319 412
2262 2 2 93 13 936 1247 447
2263 2 2 93 13 393 1246 935
2264 2 2 93 13 1280 1317 1112
2265 2 2 93 13 411 1319 938
2266 2 2 93 13 1224 1317 1280
2267 2 2 93 13 940 1246 394
2268 2 2 93 13 446 1247 939
2269 2 2 93 13 430 1322 937
2270 2 2 93 13 938 1323 410
2271 2 2 93 13 1060 1297 1219
2272 2 2 93 13 943 1322 431
2273 2 2 93 13 409 1323 946
2274 2 2 93 13 432 1324 943
2275 2 2 93 13 946 1325 408
2276 2 2 93 13 949 1324 433
2277 2 2 93 13 407 1325 950
2278 2 2 93 13 144 1258 905
2279 2 2 93 13 904 1240 200
2280 2 2 93 13 1006 1299 1135
2281 2 2 93 13 939 1245 445
2282 2 2 93 13 1141 1265 1264
2283 2 2 93 13 950 1248 406
2284 2 2 93 13 1285 1296 503
2285 2 2 93 13 1002 1290 1289
2286 2 2 93 13 928 1317 1224
2287 2 2 93 13 444 1245 948
2288 2 2 93 13 199 1240 941
2289 2 2 93 13 942 1258 145
2290 2 2 93 13 405 1248 952
2291 2 2 93 13 1051 1299 1006
2292 2 2 93 13 1223 1228 1217
2293 2 2 93 13 1218 1309 1062
2294 2 2 93 13 1300 1301 366
2295 2 2 93 13 1212 1225 1220
2296 2 2 93 13 1186 1313 1269
2297 2 2 93 13 1270 1314 1188
2298 2 2 93 13 1276 1315 1162
2299 2 2 93 13 1019 1326 1250
2300 2 2 93 13 1215 1301 1300
2301 2 2 93 13 500 1278 1277
2302 2 2 93 13 1012 1056 23
2303 2 2 93 13 147 942 146
2304 2 2 93 13 149 966 148
2305 2 2 93 13 151 966 150
2306 2 2 93 13 153 970 152
2307 2 2 93 13 155 972 154
2308 2 2 93 13 157 961 156
2309 2 2 93 13 159 961 158
2310 2 2 93 13 161 944 160
2311 2 2 93 13 184 932 183
2312 2 2 93 13 186 962 185
2313 2 2 93 13 188 967 187
2314 2 2 93 13 190 971 189
2315 2 2 93 13 192 971 191
2316 2 2 93 13 194 965 193
2317 2 2 93 13 196 965 195
2318 2 2 93 13 198 941 197
2319 2 2 93 13 396 947 395
2320 2 2 93 13 398 947 397
2321 2 2 93 13 400 963 399
2322 2 2 93 13 402 963 401
2323 2 2 93 13 404 952 403
2324 2 2 93 13 429 934 428
2325 2 2 93 13 429 937 934
2326 2 2 93 13 435 949 434
2327 2 2 93 13 437 951 436
2328 2 2 93 13 439 955 438
2329 2 2 93 13 441 964 440
2330 2 2 93 13 443 953 442
2331 2 2 93 13 996 1104 489
2332 2 2 93 13 894 1230 1149
2333 2 2 93 13 930 1219 1174
2334 2 2 93 13 1176 1232 931
2335 2 2 93 13 937 1275 934
2336 2 2 93 13 966 1303 959
2337 2 2 93 13 967 1259 962
2338 2 2 93 13 965 1305 969
2339 2 2 93 13 968 1306 972
2340 2 2 93 13 1012 1117 1056
2341 2 2 93 13 1026 1286 1259
2342 2 2 1 14 501 1328 500
2343 2 2 1 14 500 1328 499
2344 2 2 1 14 502 1328 501
2345 2 2 1 14 499 1328 498
2346 2 2 1 14 498 1328 23
2347 2 2 1 14 503 1328 502
2348 2 2 1 14 23 1328 503
2349 2 2 1 15 489 1329 488
2350 2 2 1 15 490 1329 489
2351 2 2 1 15 491 1329 490
2352 2 2 1 15 488 1329 487
2353 2 2 1 15 21 1329 491
2354 2 2 1 15 487 1329 486
2355 2 2 1 15 486 1329 21
2356 2 2 2 16 494 1330 493
2357 2 2 2 16 495 1330 494
2358 2 2 2 16 493 1330 492
2359 2 2 2 16 496 1330 495
2360 2 2 2 16 492 1330 22
2361 2 2 2 16 497 1330 496
2362 2 2 2 16 22 1330 497
2363 2 2 92 17 1357 1364 1338
2364 2 2 92 17 1364 1377 1338
2365 2 2 92 17 1352 1371 1334
2366 2 2 92 17 1352 1382 1371
2367 2 2 92 17 1356 1373 1336
2368 2 2 92 17 1356 1385 1373
2369 2 2 92 17 1354 1372 1335
2370 2 2 92 17 1354 1386 1372
2371 2 2 92 17 1355 1375 1363
2372 2 2 92 17 1353 1377 1362
2373 2 2 92 17 1333 1375 1355
2374 2 2 92 17 1338 1377 1353
2375 2 2 92 17 1358 1373 1361
2376 2 2 92 17 1360 1368 1359
2377 2 2 92 17 1336 1373 1358
2378 2 2 92 17 1359 1368 1347
2379 2 2 92 17 1343 1374 1353
2380 2 2 92 17 1335 1372 1355
2381 2 2 92 17 1353 1362 1343
2382 2 2 92 17 1355 1363 1335
2383 2 2 92 17 1346 1364 1357
2384 2 2 92 17 1357 1365 1346
2385 2 2 92 17 1337 1376 1346
2386 2 2 92 17 1341 1379 1348
2387 2 2 92 17 1350 1380 1339
2388 2 2 92 17 1348 1378 1340
2389 2 2 92 17 1340 1378 1350
2390 2 2 92 17 1351 1381 1342
2391 2 2 92 17 1342 1381 1349
2392 2 2 92 17 1339 1380 1347
2393 2 2 92 17 1349 1379 1341
2394 2 2 92 17 1345 1384 1351
2395 2 2 92 17 1348 1367 1341
2396 2 2 92 17 1350 1366 1340
2397 2 2 92 17 1346 1365 1337
2398 2 2 92 17 1340 1367 1348
2399 2 2 92 17 1347 1368 1339
2400 2 2 92 17 1339 1366 1350
2401 2 2 92 17 1349 1369 1342
2402 2 2 92 17 1341 1369 1349
2403 2 2 92 17 1342 1370 1351
2404 2 2 92 17 1351 1370 1345
2405 2 2 92 17 1352 1375 1333
2406 2 2 92 17 1344 1383 1334
2407 2 2 92 17 1343 1384 1345
2408 2 2 92 17 1334 1371 1344
2409 2 2 92 17 1345 1374 1343
2410 2 2 92 17 1333 1382 1352
2411 2 2 92 17 1356 1383 1344
2412 2 2 92 17 1354 1376 1337
2413 2 2 92 17 1344 1385 1356
2414 2 2 92 17 1337 1386 1354
2415 2 2 92 17 1359 1388 1332
2416 2 2 92 17 1331 1387 1358
2417 2 2 92 17 458 1388 1359
2418 2 2 92 17 1358 1387 485
2419 2 2 92 17 1361 1389 1331
2420 2 2 92 17 1332 1390 1360
2421 2 2 92 17 475 1354 476
2422 2 2 92 17 482 1356 483
2423 2 2 92 17 476 1354 1335
2424 2 2 92 17 483 1356 1336
2425 2 2 92 17 224 1345 223
2426 2 2 92 17 237 1344 236
2427 2 2 92 17 479 1352 480
2428 2 2 92 17 480 1352 1334
2429 2 2 92 17 222 1342 221
2430 2 2 92 17 227 1338 226
2431 2 2 92 17 216 1339 215
2432 2 2 92 17 234 1333 233
2433 2 2 92 17 218 1340 217
2434 2 2 92 17 220 1341 219
2435 2 2 92 17 230 1337 229
2436 2 2 92 17 476 1335 477
2437 2 2 92 17 483 1336 484
2438 2 2 92 17 469 1343 470
2439 2 2 92 17 480 1334 481
2440 2 2 92 17 459 1347 460
2441 2 2 92 17 461 1350 462
2442 2 2 92 17 463 1348 464
2443 2 2 92 17 465 1349 466
2444 2 2 92 17 467 1351 468
2445 2 2 92 17 473 1346 474
2446 2 2 92 17 227 1357 1338
2447 2 2 92 17 228 1357 227
2448 2 2 92 17 233 1355 232
2449 2 2 92 17 226 1353 225
2450 2 2 92 17 1333 1355 233
2451 2 2 92 17 1338 1353 226
2452 2 2 92 17 484 1358 485
2453 2 2 92 17 458 1359 459
2454 2 2 92 17 1353 1374 225
2455 2 2 92 17 1355 1372 232
2456 2 2 92 17 1343 1362 470
2457 2 2 92 17 1335 1363 477
2458 2 2 92 17 475 1376 1354
2459 2 2 92 17 1345 1370 223
2460 2 2 92 17 1344 1371 236
2461 2 2 92 17 224 1374 1345
2462 2 2 92 17 482 1383 1356
2463 2 2 92 17 1342 1369 221
2464 2 2 92 17 222 1370 1342
2465 2 2 92 17 1337 1365 229
2466 2 2 92 17 216 1366 1339
2467 2 2 92 17 1340 1366 217
2468 2 2 92 17 218 1367 1340
2469 2 2 92 17 220 1369 1341
2470 2 2 92 17 1341 1367 219
2471 2 2 92 17 1339 1368 215
2472 2 2 92 17 237 1385 1344
2473 2 2 92 17 234 1382 1333
2474 2 2 92 17 479 1375 1352
2475 2 2 92 17 230 1386 1337
2476 2 2 92 17 473 1364 1346
2477 2 2 92 17 469 1384 1343
2478 2 2 92 17 1334 1383 481
2479 2 2 92 17 467 1381 1351
2480 2 2 92 17 1347 1380 460
2481 2 2 92 17 1346 1376 474
2482 2 2 92 17 1348 1379 464
2483 2 2 92 17 1349 1381 466
2484 2 2 92 17 1350 1378 462
2485 2 2 92 17 461 1380 1350
2486 2 2 92 17 463 1378 1348
2487 2 2 92 17 465 1379 1349
2488 2 2 92 17 1351 1384 468
2489 2 2 92 17 228 1365 1357
2490 2 2 92 17 1336 1358 484
2491 2 2 92 17 459 1359 1347
2492 2 2 92 17 20 1388 458
2493 2 2 92 17 11 1389 240
2494 2 2 92 17 213 1390 15
2495 2 2 92 17 240 1389 1361
2496 2 2 92 17 1360 1390 213
2497 2 2 92 17 485 1387 14
2498 2 2 92 17 352 1331 351
2499 2 2 92 17 504 1332 505
2500 2 2 92 17 240 1361 239
2501 2 2 92 17 214 1360 213
2502 2 2 92 17 214 1368 1360
2503 2 2 92 17 1361 1373 239
2504 2 2 92 17 1358 1361 1331
2505 2 2 92 17 1332 1360 1359
2506 2 2 92 17 470 1362 471
2507 2 2 92 17 477 1363 478
2508 2 2 92 17 1363 1375 478
2509 2 2 92 17 1362 1377 471
2510 2 2 92 17 221 1369 220
2511 2 2 92 17 229 1365 228
2512 2 2 92 17 219 1367 218
2513 2 2 92 17 217 1366 216
2514 2 2 92 17 223 1370 222
2515 2 2 92 17 215 1368 214
2516 2 2 92 17 239 1373 238
2517 2 2 92 17 236 1371 235
2518 2 2 92 17 232 1372 231
2519 2 2 92 17 225 1374 224
2520 2 2 92 17 1371 1382 235
2521 2 2 92 17 235 1382 234
2522 2 2 92 17 1373 1385 238
2523 2 2 92 17 472 1364 473
2524 2 2 92 17 1372 1386 231
2525 2 2 92 17 238 1385 237
2526 2 2 92 17 472 1377 1364
2527 2 2 92 17 231 1386 230
2528 2 2 92 17 478 1375 479
2529 2 2 92 17 471 1377 472
2530 2 2 92 17 466 1381 467
2531 2 2 92 17 464 1379 465
2532 2 2 92 17 460 1380 461
2533 2 2 92 17 462 1378 463
2534 2 2 92 17 474 1376 475
2535 2 2 92 17 481 1383 482
2536 2 2 92 17 468 1384 469
2537 2 2 92 17 1331 1389 351
2538 2 2 92 17 504 1390 1332
2539 2 2 92 17 1332 1388 505
2540 2 2 92 17 352 1387 1331
2541 2 2 92 17 14 1387 352
2542 2 2 92 17 505 1388 20
2543 2 2 92 17 15 1390 504
2544 2 2 92 17 351 1389 11
2545 2 2 92 18 1417 1424 1398
2546 2 2 92 18 1424 1439 1398
2547 2 2 92 18 1415 1433 1395
2548 2 2 92 18 1415 1446 1433
2549 2 2 92 18 1416 1436 1423
2550 2 2 92 18 1414 1439 1422
2551 2 2 92 18 1393 1436 1416
2552 2 2 92 18 1398 1439 1414
2553 2 2 92 18 1418 1434 1421
2554 2 2 92 18 1420 1430 1419
2555 2 2 92 18 1396 1434 1418
2556 2 2 92 18 1419 1430 1408
2557 2 2 92 18 1403 1435 1414
2558 2 2 92 18 1395 1433 1416
2559 2 2 92 18 1414 1422 1403
2560 2 2 92 18 1416 1423 1395
2561 2 2 92 18 1407 1424 1417
2562 2 2 92 18 1417 1427 1407
2563 2 2 92 18 1394 1437 1406
2564 2 2 92 18 1406 1436 1393
2565 2 2 92 18 1412 1437 1394
2566 2 2 92 18 1397 1438 1407
2567 2 2 92 18 1401 1441 1409
2568 2 2 92 18 1411 1442 1399
2569 2 2 92 18 1409 1440 1400
2570 2 2 92 18 1400 1440 1411
2571 2 2 92 18 1413 1443 1402
2572 2 2 92 18 1402 1443 1410
2573 2 2 92 18 1399 1442 1408
2574 2 2 92 18 1410 1441 1401
2575 2 2 92 18 1404 1444 1412
2576 2 2 92 18 1405 1445 1413
2577 2 2 92 18 1393 1425 1406
2578 2 2 92 18 1406 1425 1394
2579 2 2 92 18 1394 1426 1412
2580 2 2 92 18 1409 1429 1401
2581 2 2 92 18 1411 1428 1400
2582 2 2 92 18 1407 1427 1397
2583 2 2 92 18 1400 1429 1409
2584 2 2 92 18 1408 1430 1399
2585 2 2 92 18 1399 1428 1411
2586 2 2 92 18 1410 1431 1402
2587 2 2 92 18 1401 1431 1410
2588 2 2 92 18 1402 1432 1413
2589 2 2 92 18 1412 1426 1404
2590 2 2 92 18 1413 1432 1405
2591 2 2 92 18 1396 1444 1404
2592 2 2 92 18 1403 1445 1405
2593 2 2 92 18 1405 1435 1403
2594 2 2 92 18 1404 1434 1396
2595 2 2 92 18 1415 1438 1397
2596 2 2 92 18 1397 1446 1415
2597 2 2 92 18 1391 1449 1418
2598 2 2 92 18 1419 1447 1392
2599 2 2 92 18 1418 1449 382
2600 2 2 92 18 355 1447 1419
2601 2 2 92 18 1421 1448 1391
2602 2 2 92 18 1392 1450 1420
2603 2 2 92 18 372 1415 373
2604 2 2 92 18 373 1415 1395
2605 2 2 92 18 252 1405 251
2606 2 2 92 18 266 1404 265
2607 2 2 92 18 250 1402 249
2608 2 2 92 18 255 1398 254
2609 2 2 92 18 244 1399 243
2610 2 2 92 18 262 1393 261
2611 2 2 92 18 246 1400 245
2612 2 2 92 18 248 1401 247
2613 2 2 92 18 264 1394 263
2614 2 2 92 18 258 1397 257
2615 2 2 92 18 373 1395 374
2616 2 2 92 18 380 1396 381
2617 2 2 92 18 366 1403 367
2618 2 2 92 18 356 1408 357
2619 2 2 92 18 358 1411 359
2620 2 2 92 18 360 1409 361
2621 2 2 92 18 362 1410 363
2622 2 2 92 18 364 1413 365
2623 2 2 92 18 378 1412 379
2624 2 2 92 18 370 1407 371
2625 2 2 92 18 376 1406 377
2626 2 2 92 18 255 1417 1398
2627 2 2 92 18 256 1417 255
2628 2 2 92 18 261 1416 260
2629 2 2 92 18 254 1414 253
2630 2 2 92 18 1393 1416 261
2631 2 2 92 18 1398 1414 254
2632 2 2 92 18 381 1418 382
2633 2 2 92 18 355 1419 356
2634 2 2 92 18 1414 1435 253
2635 2 2 92 18 1416 1433 260
2636 2 2 92 18 1403 1422 367
2637 2 2 92 18 1395 1423 374
2638 2 2 92 18 372 1438 1415
2639 2 2 92 18 1404 1426 265
2640 2 2 92 18 1405 1432 251
2641 2 2 92 18 266 1434 1404
2642 2 2 92 18 252 1435 1405
2643 2 2 92 18 262 1425 1393
2644 2 2 92 18 1394 1425 263
2645 2 2 92 18 1402 1431 249
2646 2 2 92 18 250 1432 1402
2647 2 2 92 18 1397 1427 257
2648 2 2 92 18 244 1428 1399
2649 2 2 92 18 1400 1428 245
2650 2 2 92 18 246 1429 1400
2651 2 2 92 18 248 1431 1401
2652 2 2 92 18 1401 1429 247
2653 2 2 92 18 1399 1430 243
2654 2 2 92 18 264 1426 1394
2655 2 2 92 18 258 1446 1397
2656 2 2 92 18 370 1424 1407
2657 2 2 92 18 366 1445 1403
2658 2 2 92 18 380 1444 1396
2659 2 2 92 18 378 1437 1412
2660 2 2 92 18 364 1443 1413
2661 2 2 92 18 376 1436 1406
2662 2 2 92 18 1408 1442 357
2663 2 2 92 18 1407 1438 371
2664 2 2 92 18 1409 1441 361
2665 2 2 92 18 1410 1443 363
2666 2 2 92 18 1411 1440 359
2667 2 2 92 18 1406 1437 377
2668 2 2 92 18 358 1442 1411
2669 2 2 92 18 360 1440 1409
2670 2 2 92 18 362 1441 1410
2671 2 2 92 18 1412 1444 379
2672 2 2 92 18 1413 1445 365
2673 2 2 92 18 256 1427 1417
2674 2 2 92 18 1396 1418 381
2675 2 2 92 18 356 1419 1408
2676 2 2 92 18 16 1448 268
2677 2 2 92 18 241 1450 12
2678 2 2 92 18 268 1448 1421
2679 2 2 92 18 1420 1450 241
2680 2 2 92 18 13 1447 355
2681 2 2 92 18 382 1449 19
2682 2 2 92 18 353 1392 354
2683 2 2 92 18 506 1391 507
2684 2 2 92 18 242 1420 241
2685 2 2 92 18 268 1421 267
2686 2 2 92 18 242 1430 1420
2687 2 2 92 18 1421 1434 267
2688 2 2 92 18 1418 1421 1391
2689 2 2 92 18 1392 1420 1419
2690 2 2 92 18 367 1422 368
2691 2 2 92 18 374 1423 375
2692 2 2 92 18 1423 1436 375
2693 2 2 92 18 1422 1439 368
2694 2 2 92 18 263 1425 262
2695 2 2 92 18 249 1431 248
2696 2 2 92 18 257 1427 256
2697 2 2 92 18 265 1426 264
2698 2 2 92 18 247 1429 246
2699 2 2 92 18 245 1428 244
2700 2 2 92 18 251 1432 250
2701 2 2 92 18 243 1430 242
2702 2 2 92 18 267 1434 266
2703 2 2 92 18 260 1433 259
2704 2 2 92 18 253 1435 252
2705 2 2 92 18 369 1424 370
2706 2 2 92 18 1433 1446 259
2707 2 2 92 18 369 1439 1424
2708 2 2 92 18 259 1446 258
2709 2 2 92 18 375 1436 376
2710 2 2 92 18 377 1437 378
2711 2 2 92 18 368 1439 369
2712 2 2 92 18 363 1443 364
2713 2 2 92 18 361 1441 362
2714 2 2 92 18 357 1442 358
2715 2 2 92 18 359 1440 360
2716 2 2 92 18 371 1438 372
2717 2 2 92 18 379 1444 380
2718 2 2 92 18 365 1445 366
2719 2 2 92 18 1391 1448 507
2720 2 2 92 18 353 1450 1392
2721 2 2 92 18 506 1449 1391
2722 2 2 92 18 1392 1447 354
2723 2 2 92 18 354 1447 13
2724 2 2 92 18 19 1449 506
2725 2 2 92 18 12 1450 353
2726 2 2 92 18 507 1448 16
2727 2 2 92 19 1451 1452 270
2728 2 2 92 19 17 1452 509
2729 2 2 92 19 271 1452 17
2730 2 2 92 19 1452 1453 508
2731 2 2 92 19 509 1452 508
2732 2 2 92 19 270 1452 271
2733 2 2 92 19 1451 1453 1452
2734 2 2 92 19 505 1451 504
2735 2 2 92 19 20 1453 505
2736 2 2 92 19 508 1453 20
2737 2 2 92 19 505 1453 1451
2738 2 2 92 19 15 1451 270
2739 2 2 92 19 504 1451 15
2740 2 2 92 20 510 1455 1454
2741 2 2 92 20 19 1455 511
2742 2 2 92 20 506 1455 19
2743 2 2 92 20 507 1456 1455
2744 2 2 92 20 511 1455 510
2745 2 2 92 20 507 1455 506
2746 2 2 92 20 1455 1456 1454
2747 2 2 92 20 274 1454 275
2748 2 2 92 20 16 1456 507
2749 2 2 92 20 275 1456 16
2750 2 2 92 20 1454 1456 275
2751 2 2 92 20 18 1454 274
2752 2 2 92 20 510 1454 18
2753 2 2 92 21 1526 1593 1488
2754 2 2 92 21 1522 1575 1462
2755 2 2 92 21 1526 1604 1593
2756 2 2 92 21 1522 1602 1575
2757 2 2 92 21 1529 1585 1479
2758 2 2 92 21 1529 1603 1585
2759 2 2 92 21 1527 1594 1491
2760 2 2 92 21 1527 1605 1594
2761 2 2 92 21 1524 1538 1516
2762 2 2 92 21 1538 1562 1516
2763 2 2 92 21 1530 1545 1501
2764 2 2 92 21 1530 1606 1545
2765 2 2 92 21 1528 1565 1535
2766 2 2 92 21 1525 1567 1536
2767 2 2 92 21 1523 1541 1537
2768 2 2 92 21 1463 1565 1528
2769 2 2 92 21 1469 1567 1525
2770 2 2 92 21 1498 1541 1523
2771 2 2 92 21 1533 1570 1531
2772 2 2 92 21 1532 1586 1534
2773 2 2 92 21 1481 1586 1532
2774 2 2 92 21 1531 1570 1459
2775 2 2 92 21 1485 1590 1528
2776 2 2 92 21 1471 1576 1525
2777 2 2 92 21 1467 1574 1523
2778 2 2 92 21 1528 1535 1485
2779 2 2 92 21 1525 1536 1471
2780 2 2 92 21 1523 1537 1467
2781 2 2 92 21 1524 1589 1484
2782 2 2 92 21 1459 1570 1520
2783 2 2 92 21 1465 1572 1501
2784 2 2 92 21 1462 1575 1511
2785 2 2 92 21 1499 1580 1470
2786 2 2 92 21 1464 1571 1505
2787 2 2 92 21 1511 1583 1475
2788 2 2 92 21 1475 1583 1516
2789 2 2 92 21 1473 1578 1499
2790 2 2 92 21 1476 1581 1510
2791 2 2 92 21 1488 1593 1502
2792 2 2 92 21 1470 1580 1507
2793 2 2 92 21 1506 1576 1471
2794 2 2 92 21 1502 1572 1465
2795 2 2 92 21 1504 1574 1467
2796 2 2 92 21 1472 1577 1514
2797 2 2 92 21 1474 1579 1508
2798 2 2 92 21 1509 1579 1474
2799 2 2 92 21 1515 1581 1476
2800 2 2 92 21 1507 1577 1472
2801 2 2 92 21 1505 1590 1485
2802 2 2 92 21 1514 1582 1478
2803 2 2 92 21 1508 1578 1473
2804 2 2 92 21 1484 1589 1517
2805 2 2 92 21 1482 1587 1518
2806 2 2 92 21 1483 1588 1519
2807 2 2 92 21 1487 1592 1513
2808 2 2 92 21 1498 1573 1466
2809 2 2 92 21 1477 1584 1506
2810 2 2 92 21 1500 1571 1464
2811 2 2 92 21 1512 1584 1477
2812 2 2 92 21 1479 1585 1509
2813 2 2 92 21 1478 1582 1512
2814 2 2 92 21 1518 1586 1481
2815 2 2 92 21 1519 1587 1482
2816 2 2 92 21 1513 1591 1486
2817 2 2 92 21 1466 1573 1503
2818 2 2 92 21 1486 1591 1500
2819 2 2 92 21 1521 1588 1483
2820 2 2 92 21 1517 1595 1490
2821 2 2 92 21 1490 1595 1515
2822 2 2 92 21 1491 1594 1504
2823 2 2 92 21 1484 1538 1524
2824 2 2 92 21 1520 1598 1494
2825 2 2 92 21 1496 1601 1521
2826 2 2 92 21 1520 1540 1459
2827 2 2 92 21 1502 1546 1488
2828 2 2 92 21 1501 1545 1465
2829 2 2 92 21 1465 1546 1502
2830 2 2 92 21 1504 1548 1491
2831 2 2 92 21 1505 1543 1464
2832 2 2 92 21 1471 1542 1506
2833 2 2 92 21 1509 1552 1479
2834 2 2 92 21 1474 1552 1509
2835 2 2 92 21 1467 1548 1504
2836 2 2 92 21 1472 1549 1507
2837 2 2 92 21 1514 1553 1472
2838 2 2 92 21 1499 1550 1473
2839 2 2 92 21 1503 1547 1466
2840 2 2 92 21 1485 1543 1505
2841 2 2 92 21 1478 1553 1514
2842 2 2 92 21 1508 1551 1474
2843 2 2 92 21 1512 1556 1478
2844 2 2 92 21 1477 1556 1512
2845 2 2 92 21 1470 1550 1499
2846 2 2 92 21 1500 1544 1486
2847 2 2 92 21 1511 1539 1462
2848 2 2 92 21 1516 1562 1475
2849 2 2 92 21 1481 1557 1518
2850 2 2 92 21 1482 1558 1519
2851 2 2 92 21 1507 1549 1470
2852 2 2 92 21 1510 1554 1476
2853 2 2 92 21 1473 1551 1508
2854 2 2 92 21 1475 1539 1511
2855 2 2 92 21 1464 1544 1500
2856 2 2 92 21 1506 1542 1477
2857 2 2 92 21 1517 1561 1484
2858 2 2 92 21 1486 1560 1513
2859 2 2 92 21 1466 1541 1498
2860 2 2 92 21 1518 1557 1482
2861 2 2 92 21 1519 1558 1483
2862 2 2 92 21 1476 1555 1515
2863 2 2 92 21 1490 1561 1517
2864 2 2 92 21 1483 1559 1521
2865 2 2 92 21 1515 1555 1490
2866 2 2 92 21 1513 1560 1487
2867 2 2 92 21 1461 1597 1492
2868 2 2 92 21 1492 1597 1460
2869 2 2 92 21 1494 1598 1461
2870 2 2 92 21 1469 1600 1497
2871 2 2 92 21 1468 1599 1495
2872 2 2 92 21 1460 1596 1493
2873 2 2 92 21 1495 1599 1489
2874 2 2 92 21 1497 1600 1480
2875 2 2 92 21 1480 1601 1496
2876 2 2 92 21 1493 1596 1468
2877 2 2 92 21 1494 1540 1520
2878 2 2 92 21 1521 1559 1496
2879 2 2 92 21 1492 1564 1461
2880 2 2 92 21 1461 1564 1494
2881 2 2 92 21 1497 1567 1469
2882 2 2 92 21 1495 1566 1468
2883 2 2 92 21 1496 1568 1480
2884 2 2 92 21 1480 1568 1497
2885 2 2 92 21 1493 1563 1460
2886 2 2 92 21 1460 1563 1492
2887 2 2 92 21 1468 1566 1493
2888 2 2 92 21 1489 1569 1495
2889 2 2 92 21 1503 1604 1526
2890 2 2 92 21 1510 1603 1529
2891 2 2 92 21 1529 1554 1510
2892 2 2 92 21 1526 1547 1503
2893 2 2 92 21 1463 1602 1522
2894 2 2 92 21 1489 1605 1527
2895 2 2 92 21 1522 1565 1463
2896 2 2 92 21 1527 1569 1489
2897 2 2 92 21 1530 1592 1487
2898 2 2 92 21 1487 1606 1530
2899 2 2 92 21 1458 1610 1532
2900 2 2 92 21 1531 1607 1457
2901 2 2 92 21 1532 1610 276
2902 2 2 92 21 350 1607 1531
2903 2 2 92 21 1457 1608 1533
2904 2 2 92 21 1534 1609 1458
2905 2 2 92 21 432 1530 433
2906 2 2 92 21 433 1530 1501
2907 2 2 92 21 316 1522 315
2908 2 2 92 21 304 1529 303
2909 2 2 92 21 331 1526 330
2910 2 2 92 21 339 1527 338
2911 2 2 92 21 330 1526 1488
2912 2 2 92 21 315 1522 1462
2913 2 2 92 21 303 1529 1479
2914 2 2 92 21 338 1527 1491
2915 2 2 92 21 286 1497 285
2916 2 2 92 21 341 1495 340
2917 2 2 92 21 343 1493 342
2918 2 2 92 21 345 1492 344
2919 2 2 92 21 347 1494 346
2920 2 2 92 21 284 1496 283
2921 2 2 92 21 293 1478 292
2922 2 2 92 21 315 1462 314
2923 2 2 92 21 313 1475 312
2924 2 2 92 21 297 1470 296
2925 2 2 92 21 289 1471 288
2926 2 2 92 21 295 1472 294
2927 2 2 92 21 299 1473 298
2928 2 2 92 21 301 1474 300
2929 2 2 92 21 349 1459 348
2930 2 2 92 21 291 1477 290
2931 2 2 92 21 303 1479 302
2932 2 2 92 21 308 1490 307
2933 2 2 92 21 321 1464 320
2934 2 2 92 21 328 1465 327
2935 2 2 92 21 333 1466 332
2936 2 2 92 21 336 1467 335
2937 2 2 92 21 306 1476 305
2938 2 2 92 21 278 1481 277
2939 2 2 92 21 280 1482 279
2940 2 2 92 21 282 1483 281
2941 2 2 92 21 310 1484 309
2942 2 2 92 21 319 1485 318
2943 2 2 92 21 323 1486 322
2944 2 2 92 21 325 1487 324
2945 2 2 92 21 330 1488 329
2946 2 2 92 21 338 1491 337
2947 2 2 92 21 450 1460 451
2948 2 2 92 21 452 1461 453
2949 2 2 92 21 393 1469 394
2950 2 2 92 21 391 1480 392
2951 2 2 92 21 423 1463 424
2952 2 2 92 21 446 1489 447
2953 2 2 92 21 448 1468 449
2954 2 2 92 21 440 1498 441
2955 2 2 92 21 396 1506 397
2956 2 2 92 21 426 1505 427
2957 2 2 92 21 411 1510 412
2958 2 2 92 21 413 1515 414
2959 2 2 92 21 418 1516 419
2960 2 2 92 21 428 1500 429
2961 2 2 92 21 433 1501 434
2962 2 2 92 21 435 1502 436
2963 2 2 92 21 438 1503 439
2964 2 2 92 21 443 1504 444
2965 2 2 92 21 415 1517 416
2966 2 2 92 21 402 1507 403
2967 2 2 92 21 404 1499 405
2968 2 2 92 21 406 1508 407
2969 2 2 92 21 408 1509 409
2970 2 2 92 21 400 1514 401
2971 2 2 92 21 398 1512 399
2972 2 2 92 21 454 1520 455
2973 2 2 92 21 385 1518 386
2974 2 2 92 21 387 1519 388
2975 2 2 92 21 389 1521 390
2976 2 2 92 21 430 1513 431
2977 2 2 92 21 420 1511 421
2978 2 2 92 21 418 1524 1516
2979 2 2 92 21 417 1524 418
2980 2 2 92 21 441 1523 442
2981 2 2 92 21 394 1525 395
2982 2 2 92 21 424 1528 425
2983 2 2 92 21 1469 1525 394
2984 2 2 92 21 1463 1528 424
2985 2 2 92 21 1498 1523 441
2986 2 2 92 21 277 1532 276
2987 2 2 92 21 350 1531 349
2988 2 2 92 21 1481 1532 277
2989 2 2 92 21 349 1531 1459
2990 2 2 92 21 1528 1590 425
2991 2 2 92 21 1525 1576 395
2992 2 2 92 21 1523 1574 442
2993 2 2 92 21 276 1610 18
2994 2 2 92 21 17 1607 350
2995 2 2 92 21 1471 1536 288
2996 2 2 92 21 1485 1535 318
2997 2 2 92 21 1467 1537 335
2998 2 2 92 21 432 1592 1530
2999 2 2 92 21 331 1547 1526
3000 2 2 92 21 304 1554 1529
3001 2 2 92 21 339 1569 1527
3002 2 2 92 21 316 1565 1522
3003 2 2 92 21 1496 1559 283
3004 2 2 92 21 347 1540 1494
3005 2 2 92 21 1495 1569 340
3006 2 2 92 21 343 1563 1493
3007 2 2 92 21 341 1566 1495
3008 2 2 92 21 1492 1563 344
3009 2 2 92 21 1493 1566 342
3010 2 2 92 21 1494 1564 346
3011 2 2 92 21 286 1567 1497
3012 2 2 92 21 284 1568 1496
3013 2 2 92 21 345 1564 1492
3014 2 2 92 21 1497 1568 285
3015 2 2 92 21 310 1538 1484
3016 2 2 92 21 333 1541 1466
3017 2 2 92 21 323 1560 1486
3018 2 2 92 21 313 1539 1475
3019 2 2 92 21 1462 1539 314
3020 2 2 92 21 1487 1560 324
3021 2 2 92 21 1466 1547 332
3022 2 2 92 21 1474 1551 300
3023 2 2 92 21 1478 1556 292
3024 2 2 92 21 1490 1555 307
3025 2 2 92 21 297 1550 1470
3026 2 2 92 21 306 1555 1476
3027 2 2 92 21 308 1561 1490
3028 2 2 92 21 1484 1561 309
3029 2 2 92 21 291 1556 1477
3030 2 2 92 21 1472 1553 294
3031 2 2 92 21 1473 1550 298
3032 2 2 92 21 1464 1543 320
3033 2 2 92 21 299 1551 1473
3034 2 2 92 21 295 1549 1472
3035 2 2 92 21 1476 1554 305
3036 2 2 92 21 1486 1544 322
3037 2 2 92 21 1477 1542 290
3038 2 2 92 21 321 1544 1464
3039 2 2 92 21 278 1557 1481
3040 2 2 92 21 1482 1557 279
3041 2 2 92 21 280 1558 1482
3042 2 2 92 21 1483 1558 281
3043 2 2 92 21 289 1542 1471
3044 2 2 92 21 1479 1552 302
3045 2 2 92 21 319 1543 1485
3046 2 2 92 21 282 1559 1483
3047 2 2 92 21 293 1553 1478
3048 2 2 92 21 1470 1549 296
3049 2 2 92 21 301 1552 1474
3050 2 2 92 21 1475 1562 312
3051 2 2 92 21 1465 1545 327
3052 2 2 92 21 336 1548 1467
3053 2 2 92 21 1491 1548 337
3054 2 2 92 21 1488 1546 329
3055 2 2 92 21 328 1546 1465
3056 2 2 92 21 1459 1540 348
3057 2 2 92 21 1468 1596 449
3058 2 2 92 21 450 1596 1460
3059 2 2 92 21 448 1599 1468
3060 2 2 92 21 1489 1599 447
3061 2 2 92 21 393 1600 1469
3062 2 2 92 21 391 1601 1480
3063 2 2 92 21 452 1597 1461
3064 2 2 92 21 1480 1600 392
3065 2 2 92 21 1460 1597 451
3066 2 2 92 21 1461 1598 453
3067 2 2 92 21 446 1605 1489
3068 2 2 92 21 423 1602 1463
3069 2 2 92 21 1504 1594 444
3070 2 2 92 21 1503 1573 439
3071 2 2 92 21 440 1573 1498
3072 2 2 92 21 1500 1591 429
3073 2 2 92 21 1505 1571 427
3074 2 2 92 21 430 1591 1513
3075 2 2 92 21 1509 1585 409
3076 2 2 92 21 1514 1577 401
3077 2 2 92 21 402 1577 1507
3078 2 2 92 21 396 1576 1506
3079 2 2 92 21 1508 1579 407
3080 2 2 92 21 428 1571 1500
3081 2 2 92 21 1499 1578 405
3082 2 2 92 21 1515 1595 414
3083 2 2 92 21 1517 1589 416
3084 2 2 92 21 1520 1570 455
3085 2 2 92 21 404 1580 1499
3086 2 2 92 21 385 1586 1518
3087 2 2 92 21 387 1587 1519
3088 2 2 92 21 1507 1580 403
3089 2 2 92 21 1501 1572 434
3090 2 2 92 21 1506 1584 397
3091 2 2 92 21 1511 1575 421
3092 2 2 92 21 1510 1581 412
3093 2 2 92 21 415 1595 1517
3094 2 2 92 21 426 1590 1505
3095 2 2 92 21 398 1584 1512
3096 2 2 92 21 1512 1582 399
3097 2 2 92 21 408 1579 1509
3098 2 2 92 21 420 1583 1511
3099 2 2 92 21 389 1588 1521
3100 2 2 92 21 406 1578 1508
3101 2 2 92 21 413 1581 1515
3102 2 2 92 21 1518 1587 386
3103 2 2 92 21 435 1572 1502
3104 2 2 92 21 443 1574 1504
3105 2 2 92 21 400 1582 1514
3106 2 2 92 21 1513 1592 431
3107 2 2 92 21 1502 1593 436
3108 2 2 92 21 1516 1583 419
3109 2 2 92 21 1519 1588 388
3110 2 2 92 21 1521 1601 390
3111 2 2 92 21 454 1598 1520
3112 2 2 92 21 325 1606 1487
3113 2 2 92 21 411 1603 1510
3114 2 2 92 21 438 1604 1503
3115 2 2 92 21 417 1589 1524
3116 2 2 92 21 457 1608 20
3117 2 2 92 21 19 1609 383
3118 2 2 92 21 383 1609 1534
3119 2 2 92 21 1533 1608 457
3120 2 2 92 21 510 1458 511
3121 2 2 92 21 508 1457 509
3122 2 2 92 21 1457 1533 1531
3123 2 2 92 21 1532 1534 1458
3124 2 2 92 21 383 1534 384
3125 2 2 92 21 456 1533 457
3126 2 2 92 21 1534 1586 384
3127 2 2 92 21 456 1570 1533
3128 2 2 92 21 288 1536 287
3129 2 2 92 21 318 1535 317
3130 2 2 92 21 335 1537 334
3131 2 2 92 21 1537 1541 334
3132 2 2 92 21 1536 1567 287
3133 2 2 92 21 1535 1565 317
3134 2 2 92 21 311 1538 310
3135 2 2 92 21 311 1562 1538
3136 2 2 92 21 334 1541 333
3137 2 2 92 21 324 1560 323
3138 2 2 92 21 314 1539 313
3139 2 2 92 21 332 1547 331
3140 2 2 92 21 307 1555 306
3141 2 2 92 21 309 1561 308
3142 2 2 92 21 300 1551 299
3143 2 2 92 21 298 1550 297
3144 2 2 92 21 322 1544 321
3145 2 2 92 21 294 1553 293
3146 2 2 92 21 305 1554 304
3147 2 2 92 21 296 1549 295
3148 2 2 92 21 320 1543 319
3149 2 2 92 21 292 1556 291
3150 2 2 92 21 283 1559 282
3151 2 2 92 21 279 1557 278
3152 2 2 92 21 281 1558 280
3153 2 2 92 21 290 1542 289
3154 2 2 92 21 302 1552 301
3155 2 2 92 21 312 1562 311
3156 2 2 92 21 327 1545 326
3157 2 2 92 21 337 1548 336
3158 2 2 92 21 329 1546 328
3159 2 2 92 21 348 1540 347
3160 2 2 92 21 340 1569 339
3161 2 2 92 21 344 1563 343
3162 2 2 92 21 342 1566 341
3163 2 2 92 21 287 1567 286
3164 2 2 92 21 346 1564 345
3165 2 2 92 21 285 1568 284
3166 2 2 92 21 317 1565 316
3167 2 2 92 21 1545 1606 326
3168 2 2 92 21 444 1594 445
3169 2 2 92 21 439 1573 440
3170 2 2 92 21 429 1591 430
3171 2 2 92 21 427 1571 428
3172 2 2 92 21 409 1585 410
3173 2 2 92 21 414 1595 415
3174 2 2 92 21 401 1577 402
3175 2 2 92 21 399 1582 400
3176 2 2 92 21 395 1576 396
3177 2 2 92 21 405 1578 406
3178 2 2 92 21 407 1579 408
3179 2 2 92 21 403 1580 404
3180 2 2 92 21 384 1586 385
3181 2 2 92 21 386 1587 387
3182 2 2 92 21 416 1589 417
3183 2 2 92 21 397 1584 398
3184 2 2 92 21 388 1588 389
3185 2 2 92 21 431 1592 432
3186 2 2 92 21 421 1575 422
3187 2 2 92 21 425 1590 426
3188 2 2 92 21 455 1570 456
3189 2 2 92 21 434 1572 435
3190 2 2 92 21 442 1574 443
3191 2 2 92 21 412 1581 413
3192 2 2 92 21 419 1583 420
3193 2 2 92 21 436 1593 437
3194 2 2 92 21 449 1596 450
3195 2 2 92 21 447 1599 448
3196 2 2 92 21 390 1601 391
3197 2 2 92 21 392 1600 393
3198 2 2 92 21 451 1597 452
3199 2 2 92 21 453 1598 454
3200 2 2 92 21 1594 1605 445
3201 2 2 92 21 1585 1603 410
3202 2 2 92 21 1575 1602 422
3203 2 2 92 21 1593 1604 437
3204 2 2 92 21 445 1605 446
3205 2 2 92 21 410 1603 411
3206 2 2 92 21 422 1602 423
3207 2 2 92 21 437 1604 438
3208 2 2 92 21 326 1606 325
3209 2 2 92 21 1457 1607 509
3210 2 2 92 21 510 1610 1458
3211 2 2 92 21 508 1608 1457
3212 2 2 92 21 1458 1609 511
3213 2 2 92 21 20 1608 508
3214 2 2 92 21 511 1609 19
3215 2 2 92 21 509 1607 17
3216 2 2 92 21 18 1610 510
$EndElements
